Date,ADANIGREEN.NS,ADANIPOWER.NS,CESC.NS,GIPCL.NS,JSWENERGY.NS,NAVA.NS,NHPC.NS,NTPC.NS,PFC.NS,POWERGRID.NS,RECLTD.NS,RPOWER.NS,SJVN.NS,TATAPOWER.NS,TORNTPOWER.NS
2020-01-02,0.04978539026175777,0.008607246686224146,0.010913302961501836,0.014613841607963307,0.006516774258473745,0.07455545888494375,0.0,-0.001234152786407594,0.012246391816197022,-0.0020461332101766594,0.01042020959710177,-0.02739729875022945,-0.0019417377141069947,0.006944382179902231,0.009630539265645277
2020-01-03,0.049877401512604,-0.018619140294810377,-0.01695502619651479,0.08847729272826621,0.010071994562046438,-0.008911514428978973,0.0020832588142902786,-0.016886225796975518,-0.009177921420723711,-0.01076357637259151,-0.016844038915077797,-0.028168987598808592,0.009727576973611596,-0.004310438951018902,0.001214163832259585
2020-01-06,0.041536862650462636,-0.04980230670076469,-0.01859449326641549,-0.044738442464315575,-0.04487173832273794,-0.01862569726444141,-0.004157962290543549,-0.003770378317371925,-0.04926305796002728,0.0005182097515950002,-0.0286712955980597,-0.04347828791136965,-0.0019268733283570594,-0.017315971228576976,-0.02373125055093883
2020-01-07,0.04985044713727316,0.01497498707541256,-0.002539857829030101,0.014511731862112853,0.04548847473610862,0.063481706902766,0.0,0.013877261748644232,0.035872526099539614,-0.007250070887052651,0.01331865168666102,-0.04545450276251273,0.007722070478822118,-0.0026432296500495944,0.02004984967310164
2020-01-08,0.04985754841260048,-0.018852421789519846,-0.007777154671926301,0.003250981216708748,0.015691669085564852,-0.0067692186616085115,-0.004175430123121937,-0.00497748014042676,-0.0076955397314170115,-0.0059991144290035825,-0.015275201752971812,-0.04761907645273733,-0.013409894513317977,-0.0061836640182664215,0.007479410403427922
2020-01-09,0.04997732920819242,0.021720908054086108,0.0240688170200003,0.019442563081357278,-0.025280643769358124,0.02726162611257754,0.0041929374404150455,-0.005001889715223862,0.029728431350358298,0.012595004298402879,0.02777769925044371,-0.05000003178914392,0.00970889165993083,0.02755557498683836,0.011567830476101992
2020-01-10,-0.0499676551785696,0.0008176802335355671,-6.771566672736373e-05,-0.021614584285103433,-0.014409227245535838,-0.003015760455997829,0.012526183372898902,0.007959559969422214,0.017991640969871936,-0.004146047233023253,-0.0014038119440914487,-0.03508768701010212,0.001923066866247769,0.019896202850485878,0.01655568840348609
2020-01-13,-0.049875311030571856,0.017973878361331908,0.0012870335105055197,0.016244109083815905,-0.002924142322918266,0.011494117809768056,-0.002062098826461356,0.012053457577483107,0.027537728227700953,0.013791282085231504,0.008084119343438223,-0.03636360168457031,0.001919175027758735,0.0076336153859044575,0.013096013176964405
2020-01-14,-0.049868751114554244,0.0024076832166408657,-0.0034501293563429236,-0.013426998042621263,-0.010996896524194333,-0.004784465676067051,0.0,0.014373750808672758,-0.017999873674503175,0.00230999688971667,-0.008019290442451754,-0.03773590168014018,0.0019156992161883935,0.013467962122249322,-0.0058004641066109475
2020-01-15,-0.04997494677050918,0.01361089506879365,0.01860026895323519,0.000648066030546568,0.0,-0.015625222740075273,0.010330740412086037,0.0028338245026302555,0.015478429293158902,-0.0051216839504697464,0.0010542342631165713,0.01960782480441492,-0.003823872676498863,0.011627956853807131,0.008334722554172558
2020-01-16,-0.049960334407485485,0.026066344998693758,-0.0051983608537174986,0.007771988470825164,0.0022236676505780206,0.0054946294614350855,0.006134854871808759,-0.01937815751475469,-0.010429135866582229,0.011325651326584474,-0.009480389228801123,-0.03846150319251662,0.007677402737875871,0.0016420046280611889,0.00942277039356143
2020-01-17,0.04980521480375977,-0.005388737186882486,0.032357586543835026,-0.017352055902147945,-0.0022187339237266235,0.08439597919568254,-0.014227447911686064,-0.0020584537013154103,-0.011349608614034334,0.00483584397814063,-0.0003543005547246292,-0.039999961853027344,-0.00380960406713704,0.009016321567913321,0.025385111325413767
2020-01-20,0.0498277734396928,-0.01934984508697557,-0.013952154877277634,-0.0006538823751969236,-0.018532431815295736,-0.03583431846510199,0.11546369114633204,-0.024339904604380513,-0.07872093924335755,0.03672745951087797,-0.02695021965116784,-0.041666724615624595,0.03441695390874533,-0.02112096980416389,0.002395783531819795
2020-01-21,0.021206750232387384,-0.009471182702169512,-0.016715913492997947,0.0,0.0015106599048908542,0.052264581244798824,-0.04436222761134678,-0.009302361775677559,-0.05073431169896869,-0.019789712151542238,-0.020408136658190412,-0.04347822030685711,-0.012938935559066667,-0.011618306886355234,0.0015933716476597137
2020-01-22,-0.022744158731844877,-0.00398407888246699,0.001740094602268094,0.016361047554772856,0.0007541603003686781,-0.008829894963513496,0.01160549735232963,-0.042680522380233565,0.020628368127035612,-0.002741880700555477,0.008928188339237808,-0.04545460949259217,-0.031835236619081386,-0.0067169850332696734,0.0052496236223058546
2020-01-23,-0.027573979845891272,0.013600006103515527,-0.011759201696745936,0.003863473854946786,0.007535798497482871,-0.004454421852565504,0.04015289940299582,0.0120376583146109,0.03904452140430004,0.009497445863576592,0.024336677313532507,0.04761911790117157,-0.025145241436862253,0.016906124009101964,0.01171076162161988
2020-01-24,-0.010145665864746634,0.0031570609007232076,0.018524818293265133,0.0647852135764242,0.00972312110761897,0.0067114326234152255,0.009191036711293954,0.01101300821464779,0.028735677826929207,-0.02475843857747695,0.01835814980099637,-0.04545460949259217,0.023809612747490716,0.01745646836854542,0.008290182975607907
2020-01-27,0.0026281208935610145,0.018095951341150496,-0.008828426309345994,0.01626515334188472,-0.0074073522455530005,-0.04055553581994398,0.010929133152600023,-0.01394321111532637,-0.0042974051955773085,-0.020055794650089442,0.018734824702868025,-0.04761900436850974,0.00969007607376593,-0.008170045497192469,0.010549494616925115
2020-01-28,-0.01625167026744756,-0.013910305822137703,-0.017747169495435866,-0.04979263407966039,-0.0007462810637092199,-0.022582391135490543,-0.0162163754484258,-0.00972173376643315,0.001294551222242868,-0.013212433849396521,0.005898520014583797,-0.050000011920928955,-0.007677603488401741,0.000823741250576937,-0.0024564255235661747
2020-01-29,-0.007194196049221668,0.00391851017539091,0.009340646882214587,0.014348167233261488,-0.012695952735231164,-0.1250001400176718,-0.04212435765721412,0.010263349317142456,0.018103864219554344,0.010238858702340536,0.014488003115896708,-0.026315764707210976,-0.0019343271504255188,0.002469189778254721,0.0038472269129674608
2020-01-30,-0.03140099843095745,-0.02107731841680538,-0.02843815554890039,-0.026445353061766097,-0.024962165724226715,0.0006770892007414986,-0.03632894440536627,0.003975304666125057,0.011854266059390772,0.010394797698087599,0.006460108024896938,-0.02702706534118826,-0.003875949351180852,-0.009852296982553188,-0.020389263375235278
2020-01-31,0.04987531256418598,-0.026315783469690768,-0.0123756847859825,0.010107272735320194,-0.021722250122775955,-0.03518272178740389,-0.02777780320005452,-0.007039081671211922,-0.02384930374997929,-0.038837279898601196,-0.029054076919659222,-0.02777775202268362,-0.013618709505310855,-0.03648422830525311,-0.030359872962723133
2020-02-03,0.03536551626375917,-0.03357902097716392,-0.020415399673887058,-0.06128824110817377,-0.018239474864970795,-0.04628328907888224,-0.020408062939957228,-0.02303942872459752,-0.023146316866682892,0.002676018731194274,-0.04105770427669597,-0.05714287076677593,0.007889506475722285,-0.05507745788902774,-0.023724949968185416
2020-02-04,0.009431588891570142,0.024576267556396303,0.024577818016827235,0.011992075023240956,0.021001507304795775,0.015441229489460806,0.01874996996993783,0.015872965134811734,0.018429356078094594,0.03736313272790204,0.03229337965844126,0.0,0.007827851735745739,0.027322404779558163,0.007604694278742441
2020-02-05,-0.023989898989899006,0.02564098114391067,0.015150482214425276,-0.010533240339522854,-0.020569516454716053,0.01375804757939858,0.004089938184005826,-0.007142869629212623,0.05902602435329363,-0.02572670675795674,0.06115977864553468,-0.030303001841675226,0.0019417377141071057,0.014184416748890705,0.04397032006360657
2020-02-06,0.04993528536343783,-0.019354820846890552,-0.002556638310162951,0.007983998056893205,0.016154965640960528,0.01785718451435625,-0.010183353386756466,0.0071942572709782215,0.006509446952503106,0.018748188874189387,0.011593384772463189,0.03124996973201677,0.0019380760234972705,0.00874123481380007,-0.027502978106176634
2020-02-07,0.049778247448683866,0.000822387253891721,0.012607481369468099,0.0006601620486155202,0.03895072355251128,0.03298258963216161,0.01028812095815912,0.032142913331457024,0.013338829167625077,-0.012959945470018552,0.015389316472167902,0.03030307408973054,0.007737005146101206,0.005199349479283688,-0.011796772539661049
2020-02-10,0.0016432211432657606,-0.015612204837017307,-0.013887095741531574,-0.005936649899950797,-0.005355742501000571,-0.03057075331955328,-0.012219836177433052,-0.018166099561776283,0.0031908675311855816,-0.019957911726998345,-0.007739494340437747,0.02941173583166079,-0.026871562021774653,-0.018103560919374706,0.0006540582642620141
2020-02-11,-0.009843009343513787,0.0041736387850921375,0.010128491988018018,0.004644771236239409,-0.016153866522081395,-0.01751913023011209,-0.012371219212496731,0.029515565810029454,-0.0031807182804984846,0.015541325905034542,-0.006650051411473568,0.028571401323590928,-0.009861779947669458,0.012291681600788085,-0.0013072615033341561
2020-02-12,-0.017041449010724907,0.004987566163634494,-0.013666747535692636,-0.0006602421607813103,0.0023456214249268914,-0.004992863222263111,0.0,-0.00042809865303072847,0.010370650666604586,-0.0007916712855189356,0.0,-0.02777775202268362,0.015936276146975015,-0.02862111371652798,-0.006218389066990904
2020-02-13,-0.03708161413229183,-0.005789883700641263,0.01218501976961539,-0.04824863830079795,-0.007800315731546381,-0.01720435725262348,-0.010438254318404172,-0.014126684809843248,-0.004737471714629793,0.006337463701725943,-0.00845658137815386,0.028571401323590928,-0.001960876599922168,-0.012499980786939147,0.07245171869219713
2020-02-14,0.034258595689245164,-0.008319498973491046,-0.018573332099053874,-0.027777763915424858,-0.011792458496846181,0.00583513441489969,-0.010548577041191165,-0.021276834505952635,0.004760022185092749,-0.03384948873401983,-0.0074627293542527395,-0.02777775202268362,-0.015717114339574456,-0.02712484821334793,-0.012743722782575961
2020-02-17,-0.04086071964963811,-0.034395960133213554,-0.016261273276165222,-0.006428544067682118,0.00477328480731587,0.021754718318167665,-0.012124047384178382,-0.02129516934715847,-0.0015788195143069395,-0.0027157806878991275,-0.011099413224174848,0.0,-0.00199599777498749,-0.038104011051181774,0.023794692477264068
2020-02-18,-0.04587852696493733,-0.013900942157292429,0.005573921325545683,-0.005751254977190423,0.04038014294809389,-0.032647118080761484,-0.03181822204326534,-0.006346360944608165,0.009489747232368506,0.007625211283198041,-0.008327223709365117,-0.028571401323590928,0.013999928250550742,-0.003864818783355095,-0.025035245172325582
2020-02-19,0.04544256857868234,0.029955875549455113,0.006345297186896692,-0.0007231709519882612,-0.016742862210794796,0.015407052668071852,0.007042295360747852,0.022353818073499232,0.0152761337595686,0.013513578869477794,0.0018256980953466062,0.02941173583166079,0.007889506475722285,-0.0038797340487829457,0.023740143375432732
2020-02-20,-0.015163001806683729,-0.013686899328944513,0.011450894116074473,0.005788709471835185,-0.02244581860257755,0.011560713384165755,0.0,-0.0062471573450882945,0.02044773911432962,0.009333128904234433,0.020043659890948362,0.028571401323590928,0.003913977037660166,0.004868656040206476,-0.009149572802840678
2020-02-24,-0.045932830006053416,-0.027753660211209508,-0.027515058322846953,-0.009352586608459834,-0.003958893730862223,-0.029999981583126667,0.004661880892516956,-0.014818201159419231,-0.02155048620778932,-0.016644597065681777,-0.02679537476373861,0.02777781825006853,0.003898615606124478,0.004845067075126108,-0.01209997571766408
2020-02-25,-0.02877886509079508,0.0,0.00803118786552881,-0.0058097291680773155,-0.02305246382237447,-0.013991190785639707,0.023201920604431603,0.0036464935015796396,-0.004250168578781688,0.0002687117045321319,-0.017254228284693696,0.02702700090373522,-0.0020789246010308737,-0.0028931024037145425,-0.003223240328143584
2020-02-26,-0.04984768677860385,-0.028545913803325496,-0.021855079253807252,-0.007304484375462383,-0.01383235221055612,-0.03584751577008405,-0.018140550527366628,-0.009082623223621744,-0.01280563181140193,-0.001611628131019227,-0.0306310285907484,-0.026315764707210976,-0.01250004197444965,-0.04545450941809126,-0.017461600883718398
2020-02-27,-0.04983971378408092,-0.03030302234181248,-0.007397892349648605,-0.007358430765478374,-0.009075859081479565,0.06196749719479144,-0.011547262596106833,-0.0004584192888192895,-0.016509512896499268,0.003228563994933653,-0.02658977570170251,-0.02702706534118826,-0.008438709868882288,-0.0010131933572256058,0.013493536396044004
2020-02-28,-0.0493865217899252,-0.1041666986514811,-0.025897792473518977,-0.024462463326314854,-0.045795325476410076,-0.053975275434304804,-0.03738320626590519,-0.022925372384020815,-0.05320067210325019,-0.02654876119238403,-0.06729990644050166,-0.02777775202268362,-0.014893683353996323,-0.052738242781334876,-0.01623634294415499
2020-03-02,0.0070991037443071114,-0.005285432403090873,-0.008346936054006271,-0.006078955985145074,-0.04101205926595075,0.027756455248487466,0.02427167204287417,-0.024870713194236727,0.019643555295832282,0.011019487153987262,-0.00042451142246568985,-0.028571401323590928,-0.01727860540693016,-0.06209862398405841,0.0209602341747106
2020-03-03,0.022108278633598655,0.039319860952052865,-0.015821022138828855,0.012232202733917674,0.04367605969817201,0.007501943281455814,0.08293850478286657,0.04812294609561829,0.014785102148978435,0.044686648212541424,0.01698504887715968,-0.02941180595477033,0.026373607263457943,0.013698555786073374,0.0300679084781712
2020-03-04,-0.047021943573667735,-0.025562372886082874,-0.03341782968627616,-0.01812681360745816,-0.061028728830684886,-0.04616528059729419,-0.037199096760423656,-0.008723357855435765,0.002648933368578632,0.027908169290979057,-0.02004143890152832,-0.030303001841675226,-0.004282704517234559,0.007882963762479323,-0.011770013307383254
2020-03-05,0.00328947368421062,-0.018887655461176545,0.014664925962004638,0.004615503464806103,0.0185700352253797,0.030444861640004373,0.0,-0.0009264243502333791,-0.004403573178775488,-0.005582653766788459,0.008521166846409356,0.03124996973201677,-0.008602144890392127,-0.011173154167673394,0.00444643052929905
2020-03-06,-0.04983610559682372,-0.05668456310396397,-0.042955180612506916,-0.02679950119988528,-0.03646302545947644,-0.018181878556682518,-0.013636333467550998,-0.025034655129721695,-0.02255632927968798,-0.027302673896160257,-0.025770984428951316,-0.030303001841675226,-0.004338338946040188,-0.027118495863097336,-0.004742856909740301
2020-03-09,-0.049689422025689156,-0.07596373009934654,0.002277841276185244,-0.05979537438543581,-0.10501425107100837,-0.04265411863820845,-0.07373272173647694,-0.02139802582886008,-0.05610848977850713,-0.05062947273526408,-0.06678231511595878,-0.03125004423782163,-0.06100213483263239,-0.0766551929233158,-0.017633172449984857
2020-03-11,-0.04974575887101362,0.011042964024594815,-0.04688540894152704,0.00251037438750612,0.025369974364857883,-0.010726062948245518,0.04975107180569993,0.0014575499632545341,-0.014381530010756594,0.002486804671516518,-0.02555775538938876,-0.032258034744817476,-0.0023203254960538766,-0.04654076364047699,-0.0059833402030232685
2020-03-12,-0.04967525660069416,-0.26456309331217354,-0.10474260551650405,-0.05509181469237534,-0.048453582604110146,-0.1684737147915505,-0.06161124649792582,-0.08442492853476025,-0.12062258710180818,-0.0843442983119238,-0.11206467837131595,-0.03333330154418945,-0.060464908121773076,0.06464369061154218,-0.05677545987825827
2020-03-13,-0.007639702130272985,0.02145216430171959,0.036006613989335357,-0.015017631532630027,0.03900319891478099,-0.015045205678553386,0.037878765531519365,0.039215830718010825,0.13329646290818764,0.010837129461101602,0.08324382466653835,-0.0344828068146934,0.029702703362743055,0.04460982705052574,-0.001207487674490526
2020-03-16,-0.04619128449882015,-0.08077544351825394,-0.08046077511972838,-0.018834001310281012,-0.047966589757403755,0.00407340176796489,-0.06812666748695173,-0.07394201918383492,-0.09907280070150981,-0.024639001465217136,-0.061477348199138415,-0.035714252262698754,-0.07211534227966498,-0.0403323410026164,-0.04247940806251993
2020-03-17,0.04842824745478347,-0.05623904542062441,-0.0025887662068490025,-0.013711257038343194,-0.06900319536887334,-0.08519253282689576,-0.04960806359939729,-0.029735761065981747,-0.02221027911283424,0.025641013459263506,-0.01743256846348451,-0.037037089364844955,-0.0025906403019914093,-0.03708271796651563,0.014787945726743246
2020-03-18,0.04862230386072697,0.048417175870156814,0.011835612409603735,-0.057460648403683146,-0.011764804953785402,-0.12305991566805363,0.0631865984710065,-0.08569796121369133,0.03711938516117996,-0.11018493256335227,0.031182503999054312,-0.03846150319251662,0.11688307075041493,-0.09884482638511072,-0.011018306607086248
2020-03-19,0.04829984771869311,-0.04085257804587561,-0.044941577273519884,0.025565488361658062,0.04761907041552549,-0.04551206794676621,-0.046511465578049305,-0.02731233524987331,-0.0480767862208783,0.020811629337637694,-0.06986430315892533,-0.039999961853027344,-0.081395156001135,-0.025640946294218092,-0.013477196531087476
2020-03-20,0.04939190938809834,0.07592589632800961,0.01461103648379991,0.026845580938126945,0.06249993716720903,0.03178804765671783,0.15176143110943796,0.03701343664640344,0.029741532331453824,0.06863709142683683,0.027466380436070192,0.0,0.03544307021841342,0.07309951595371644,0.044626518781955005
2020-03-23,-0.0498771043139441,-0.11703955852593462,-0.12155859743346975,-0.14379088969106946,-0.06417115611353119,-0.09884484621623901,-0.14352932028089782,-0.059692337572272214,-0.11280632963346526,-0.0270268448513189,-0.11456634875784122,-0.041666724615624595,-0.09779966516877525,-0.10354225563446251,-0.1299039704791699
2020-03-24,0.044732000382682546,0.08966862142011944,-0.025554596871001478,0.05779725151620352,0.06057160904076264,-0.048432831389619735,0.04670305370157535,0.015052334973041592,-0.023341676399291522,-0.037254789563886725,0.0036970187219196315,-0.04347822030685711,0.02439026004461531,0.04559270251646774,0.08476959818731089
2020-03-25,0.04812457823703653,0.021466884129426766,-0.06444835252618586,-0.018556715160538917,0.018318920503265446,0.011975973021493225,-0.005249205018183822,0.02772417820344386,0.08490577790910736,0.02002703461180455,0.03007971736834225,-0.04545460949259217,0.018518473054236484,0.01744176417468024,0.02272287624736835
2020-03-26,0.027008776739713136,0.05429070765473121,0.040327973900165626,0.01785719340563996,-0.02645503771254587,0.044378843180446825,-0.039577747464221935,0.005681909953036524,0.07130407399748839,0.05391030591764845,0.04588791500784195,0.04761911790117157,-0.031168810409115344,0.005714410852743157,0.036127168358220496
2020-03-27,-0.022025022807926065,-0.08305647866846788,-0.010167703930618832,0.03818368620737189,-0.034782658866862715,-0.011331313713889846,0.06593371107440915,0.042059039058110814,-0.044913195701238307,0.010419860477745901,-0.03133910375033844,0.04545450112051319,0.09383381386287337,-0.035511380011129634,-0.05212685003412132
2020-03-30,-0.012100860852153339,-0.028985479703797723,-0.023754519061874313,-0.029821035924521233,-0.011261176199091949,-0.028653441085566667,0.01288669751758409,-0.015060293564205351,0.00566569752691537,-0.027187493697791276,0.0005884160201750088,0.04347832396711104,-0.0024511282731989326,-0.048600976911520766,0.008092679801521285
2020-03-31,0.042871746734209015,0.035447770986505756,0.07470736417089552,0.022540948149708084,-0.0273349362344818,0.008849486293174724,0.01526720535281978,0.029969391958802882,0.03605657371187987,0.022165017321871705,0.04350360271910758,0.04166662527455389,0.019656008451399698,0.01702785582144717,0.01824471797967231
2020-04-01,-0.0022838897456157747,-0.03423424336771086,-0.03769425270893356,-0.016032145838981382,0.010538628011971696,0.06725139595136054,-0.025062725124889162,-0.03800479162042936,-0.03317023860852808,-0.028284069592175554,-0.02028141667554828,0.039999961853027344,0.0024096666306130388,-0.03957387594527095,0.006808999935709936
2020-04-03,-0.006540222628635406,-0.001865714297152321,0.08241117288530253,0.0346232257473178,-0.017381050633510697,-0.019178064546698903,0.017995009143896956,-0.017901236828994138,-0.029808912859766834,0.010349403160573312,-0.02185170702618444,0.03846159489197354,-0.002403874095421199,-0.04437394444877496,-0.0071187161575526625
2020-04-07,0.04641213518785392,0.07663557599211313,0.05487010785297386,0.05413386749195315,0.0035376042111336936,0.030726345417202428,0.07070703718616778,0.025141242402417996,0.03652169946959005,0.011523806452608643,0.022927662369713664,0.037037001061669184,0.012048333153065416,0.11608632927650908,0.04624487682632994
2020-04-08,0.04718465016669482,0.005208286767206527,0.005569329337457241,0.0,-0.008225563948145997,0.00813018673821797,0.030660367882629824,0.044757779404725806,0.019015576874254814,0.0022151118693236604,0.006896396870581301,0.035714337412192876,0.019047605757007702,0.05943519825456267,0.0
2020-04-09,0.04986484352017562,0.050086349527404206,0.03754974059824434,0.046685340724675006,-0.004739414622832228,0.02688157725173923,-0.006864917959240602,0.02230050459437316,-0.004390760537637761,0.03852215973738993,0.015981860278460713,0.03448272460139301,0.00934567387416596,0.02384298094575854,0.008223475618734932
2020-04-13,0.04921319658664158,-0.02467106862659285,0.07334275688257419,-0.0008920302085084764,-0.01904764731525177,-0.03272248072612649,-0.002304198371450128,0.017795673422990044,-0.026460976728573282,-0.027363910543988235,-0.012359702927079663,0.03333330154418945,0.002314841771847709,-0.016438379238804868,-0.011045172905002398
2020-04-15,0.024270503409363542,-0.011804333364345165,0.0024864445395123003,-0.01250005413743982,-0.014563055624908894,0.028416863983909524,0.025404269970361604,0.014100228322853514,0.0016991025957799888,-0.0025010289005829023,0.027872509138553436,0.03225811165403902,0.03233260076350741,-0.023676828384153303,0.0226802414042917
2020-04-16,0.03221513819725774,0.018771272042834575,0.03462642805508209,0.003616675595326191,0.02216745816586596,0.044736682216922175,0.004504274890013038,0.05784221727543715,0.016393486576200544,0.024130584647410025,0.007194092204653835,0.03124996973201677,-0.011185593347386669,-0.009985836091584543,0.003024448199016261
2020-04-17,0.026308953748514163,0.03517588702297614,0.1289797085868296,0.021621611560530107,0.03132523886272254,0.011335107545533685,0.013452996034621467,0.0042060082763784035,0.041712784724861285,0.026621838458634528,0.04945080636063759,0.03030307408973054,-0.0022624694399764333,-0.008645368725430869,0.008877656022193703
2020-04-20,0.009047514849804594,0.12459546963021739,0.01562910344467805,-0.007936553830013793,0.012850493083600645,-0.00871730097297907,-0.026548615389982877,0.035602247621581595,-0.04644967895587426,-0.013412745524760572,-0.010471191614500164,0.02941173583166079,-0.006802799445781549,-0.024709304923345,-0.015440582980020712
2020-04-21,-0.047073459268952345,-0.08201434682981501,0.01605750277171536,-0.039110975335451936,-0.04959629777054919,-0.035175842296190196,-0.03409088897836732,-0.016177903329957943,-0.020716637005638083,-0.017220715686686816,-0.03227517261517143,0.028571401323590928,-0.03881278946168765,-0.03278692830563579,-0.016694995094221232
2020-04-22,0.030841577639118434,0.015673965962198277,-0.004033349314249146,0.0758556681910012,-0.027912596484330643,0.009114245416695699,-0.00470598636693198,0.0030833309171909296,-0.004002230063424372,-0.0027666625182684035,-0.012028494575346604,0.02777781825006853,0.0332543105398555,-0.0015408025638065093,0.01869337997533993
2020-04-23,0.014198798656638534,0.001543171607290672,0.01115712990324913,0.00859838978404115,-0.011236040796954172,-0.0038708564762856,-0.01654860072732378,-0.024590327329485406,0.053960650985967584,-0.025893745866598095,0.016602215852177915,0.02702700090373522,-0.025287421368394347,0.009259271558428761,0.02222228483784594
2020-04-24,-0.02025001525878911,-0.055469902831016826,-0.02451978520753506,-0.033248094963793884,0.007575883741400391,-0.031087947103411562,-0.004807682745121222,-0.018907257547417067,-0.008169787771364123,0.007278190789333117,-0.027218214475762115,0.02631582744894323,-0.018868026683021344,-0.050458813342538655,0.0006583317790027632
2020-04-27,0.023985695439860732,0.006525279136422313,-0.019690080159774803,0.0008818833219172983,-0.011278180333169074,-0.0040106911357025155,0.0,-0.011242270938729648,0.009335835677525495,0.0028277424056215583,-0.006155511325585006,0.02564100056083385,0.002403991506483738,0.0,0.00724193546165619
2020-04-28,0.014951408379048958,-0.02269041568143504,0.03743586845594504,0.014977857188760435,-0.0012674480523663378,0.0026844483431045507,-0.021738910637309372,-0.021656589584068686,-0.012513659551531053,-0.015037728763134806,0.0033779908328981367,0.04999995231628418,0.00719421005533194,-0.011271992695315758,0.018627379928447763
2020-04-29,0.021114673118740823,0.03648420937594676,0.02562205911474491,0.010416779569045298,0.04060909405449986,0.0026773737640524153,0.0419751552287444,-0.0016604703194429415,0.0451788636975885,0.005407063247489852,0.04657691029499267,0.04761911790117157,0.007142823085665606,0.013029265731226758,0.03480900649189089
2020-04-30,0.012022120878521836,0.012799987792968759,0.05389993102814339,0.013745697572273619,0.087804862260219,0.009345898102607109,-0.014218095298400235,0.053769568482841645,0.00579871520090669,0.02530846092571104,0.02466516858506762,0.04545450112051319,0.0,0.01929256403117585,0.02402728988147973
2020-05-04,-0.004276521309267145,-0.05687205969247999,-0.039939004958344015,-0.04830510842207214,-0.0717487167909242,-0.044973722129215465,-0.026442079596861845,-0.03787490497269641,-0.0429768269289611,-0.018512670134278264,-0.05756145390790335,-0.04347822030685711,-0.009455912092764307,-0.05047318999477246,0.0013626706571339131
2020-05-05,0.00596516335860553,0.020100563921860326,0.0385837193333205,-0.0053428091926650545,-0.026570095937099913,-0.02216041421674053,0.0024689500448626944,0.012575306050917945,-0.006571865183866543,0.028921634367631288,0.0011105717560655481,-0.04545460949259217,-0.004773556246947308,0.013289054640837072,0.00045332430620570463
2020-05-06,0.004981039072850413,0.006568138070740304,-0.008637849316973756,0.0044762031670779745,-0.009925621946669572,-0.0042492872368573575,0.0024632889327926843,0.022678377812512807,-0.00882001797178733,0.010693522808637779,0.01497499006901859,-0.04761900436850974,0.00719421005533194,-0.04918032676732431,-0.005893074688852251
2020-05-07,-0.006136431504857209,-0.0032626395682111564,-0.019431003021321835,-0.008021356980048133,0.013784285853656097,0.024182050822111112,0.0,-0.04487894532855452,-0.028364913955457594,-0.022067687989963503,0.0010929725022985615,-0.050000011920928955,-0.00238063091429086,0.0,-0.01869584864475926
2020-05-08,0.00807407705344132,-0.021276614009850037,-0.026657313940742444,-0.010781625910316062,0.007416588112979738,-0.008333557798811064,-0.01965615437625101,-0.038142367498755325,-0.037779198759189336,-0.017001198904342707,-0.04421416589794591,-0.026315764707210976,-0.02148018711874211,-0.017241331791718606,-0.0652106916727383
2020-05-11,0.04876327963964955,-0.010033435215412778,-0.01955073725578549,0.012715686236915547,-0.023312778820355096,-0.021008268484034476,0.0025063822997553054,-0.004022985099893628,0.0,-0.001258339671243558,0.01827537553784242,-0.02702706534118826,-0.009756092330909683,-0.04210538956551213,-0.003148328629810848
2020-05-12,0.015498638156540956,0.008445897509009148,-0.013431178777423725,-0.03408068121725305,0.0012563022238387678,0.0014306137898869586,-0.027500181456601602,0.05770316299517919,-0.01606175646566832,0.0283375049277661,0.0033650839274925737,-0.02777775202268362,0.02709379192182415,0.04029309776371415,-0.003158387828835041
2020-05-13,0.021897796422983395,0.0670016933710127,-0.007099209735046963,0.02971214823812751,0.016311134082912737,0.017142840694349015,0.035989705483435275,0.015275707424105445,0.08403852927007338,0.02051452899940953,0.1246507344457135,-0.028571401323590928,0.031174949282933406,0.06690142801568011,0.01750896903669097
2020-05-14,-0.010606047394987828,0.03767664870754661,-0.004374156012798558,0.029756492283616875,-0.008641920024211158,-0.023876381971172034,-0.007443972287673906,-0.03976369959610182,-0.04294479434499299,-0.03510366497238848,-0.007455435078445816,0.02941173583166079,-0.016279031200227,0.019801939348110364,-0.004096974218594229
2020-05-15,0.0074381838789876475,-0.021180081769274994,-0.019770264419617267,-0.02014004680812309,-0.013698756362089948,-0.005755571321283903,0.0,0.01678782344690455,-0.019230970899665967,-0.006218705513382994,-0.019529116052412476,0.028571401323590928,-0.002363862555110008,0.016181252310541572,0.0024684347897137027
2020-05-18,-0.004343105320304019,-0.044822252126292095,-0.022496045524383668,-0.02055416599034743,-0.0012624441943205333,0.004341712828765498,-0.012500032701734609,-0.021463785797514623,-0.03446187970046333,-0.03316627720165133,-0.0750767191516385,0.02777781825006853,-0.021327256123602867,-0.003184783008103098,-0.026099949928647725
2020-05-19,0.01919299409589703,0.14239484447971096,0.02521813018468766,0.0018248372604148244,-0.010113844938735905,-0.025936634809385017,-0.005063403130100341,0.024184583472895982,-0.011692555454973497,0.022977066039598926,-0.03533952931577067,0.0,0.0024213355686790727,0.036741299719966536,0.024608179782233064
2020-05-20,0.0044939143128033265,-0.01983000957794301,-0.006020453074344512,0.01001828221765333,0.03959135388958179,0.02810654479312724,0.002544400056549101,0.02031851916431404,0.008717533567394575,0.0025308579622735916,0.002861932253810817,-0.02702706534118826,0.0024153688861601186,0.02465321995337111,0.002632130809926192
2020-05-21,0.0017043423965688032,-0.010115631631447353,-0.01687275156992507,-0.009918911760346205,-0.013513538881954501,-0.0028776346607751746,0.012690515547793213,-0.028525330677518612,-0.023457029531159024,0.0028398795046207237,0.01312782445675409,0.02777781825006853,0.0024096666306130388,-0.012030030976964534,-0.0080396245421539
2020-05-22,0.019353414184793305,-0.0364963508730749,-0.03186069415401016,-0.022768548040787207,-0.022416010196771197,0.012986757316446607,-0.010024980262689165,0.007756226118168286,-0.053729449416984876,-0.01919424036427353,-0.03211265150621312,-0.02702706534118826,-0.002403874095421199,0.027397298731341335,-0.004630909649393278
2020-05-26,0.0010431880090429058,0.1121212513103087,0.004000074565485567,0.0,-0.0012738040401093498,-0.002848821241235977,0.002531639954479692,0.02253960892497142,0.0033401389767679923,0.009624508044889124,-0.019790457767697167,-0.02777775202268362,0.0024096666306130388,0.05925921877742013,0.03522738426427807
2020-05-27,0.011254740624113024,0.008174378955344563,0.01702286217033655,0.00093193453854723,0.04336734510691587,0.011428560462899418,0.005050555331859385,0.018279962427328433,0.023968123736548552,-0.0012709988885242218,0.024346947238700123,0.028571401323590928,0.004807748190842398,0.0,-0.018138080454115246
2020-05-28,0.014014813730192754,-0.02702706534118826,0.020566063679492208,0.024208490724083376,-0.004889958001518813,0.07627123266748859,0.005025114259255448,0.010559431587323198,0.005201446649231389,0.0006361589702652548,0.019130257609175416,0.02777781825006853,0.004784744344874525,0.03216807798677701,-0.0016347484660338418
2020-05-29,0.010569130502096069,0.011111167036458314,-0.036290654734064454,0.010909045178446597,-0.015970581879910628,-0.013123456745235962,-0.020000076658949872,0.022466138914261746,-0.027166945077346405,0.0019079793933931555,0.007394519630198548,0.02702700090373522,0.0023808634999891165,-0.009485411378650332,0.04290159198752175
2020-06-01,0.048873666927526926,0.0865384092647361,0.10907936521734096,0.03597120849269331,0.026217060367375034,0.050531869761127446,0.012755074325600857,0.0005108011376011579,0.08643645068807881,0.008251570373935424,0.05985364351863964,0.02631582744894323,0.0332543105398555,0.07934353921877246,0.008635751054558494
2020-06-02,0.04985618408437209,0.01643490732600328,0.004244284376768492,0.010416779569045298,0.0948906309301325,0.0987341995460429,0.0050377725667163364,-0.011746502107991108,0.00979153586897441,0.03903025430185236,0.004794756737114714,0.02564100056083385,0.0,0.07858042987070579,0.021949064223370618
2020-06-03,0.0003653190996004696,-0.06218905502143335,0.00040639980098688966,-0.002577385820179856,-0.03999986059496996,-0.010368557845009785,0.0025063822997553054,-0.02118849762388153,-0.006666596776448985,-0.0030294577915022103,-0.009544088972601061,0.04999995231628418,-0.022988656748058167,-0.019976453412261175,-0.0065501807668030265
2020-06-04,0.0005477228159260772,0.027851464086130262,-0.011455022366068879,-0.010335874128693079,-0.026620436629224864,-0.0500582560292131,0.0,0.004751564448691292,-0.014643013353821455,0.02856295612584292,0.00107082346459908,0.04761911790117157,-0.011764612590530521,0.019184677735158306,-0.00045978859989448395
2020-06-05,0.0374087591240877,0.003870994813980566,0.016682981589730028,0.06353344765757152,0.053507753455854346,0.02573516739999504,0.007499800595469619,0.029427097311104822,0.06563465342198715,0.012998478689178805,0.06737956542786394,0.04545450112051319,0.007142823085665606,0.03294102647487818,0.05706376157702575
2020-06-08,0.0474934036939314,-0.008997451127716771,0.04955142744683805,0.014729963051413497,0.0338600599001011,-0.037036907011023135,0.0024814448709751247,0.006125740963389914,-0.0052293738830891945,0.005249535101670366,0.015531158323986771,0.04347832396711104,-0.007092165005735285,-0.028473588549241535,-0.04121322351452439
2020-06-09,0.049874075914410065,-0.005188062471480959,-0.039356151745015944,0.01129044444674654,0.02292579141436968,-0.02853584923348551,-0.012376211530541359,-0.00558077820352576,-0.03212639353952074,-0.010443916238374595,-0.04489390870502041,0.04166662527455389,0.004762075878525618,0.0023445246038136247,-0.017859706261594832
2020-06-10,0.049904049260798056,0.01173404846058057,0.004890594755313504,0.023125992925790984,0.008537855910656367,-0.014048730673385412,0.0025063822997553054,0.001530554155103614,0.030778513407778707,-0.002931651340725594,0.04235530766971385,0.039999961853027344,0.021326908898567476,0.001169616210752178,0.02034207057536408
2020-06-11,0.011730577217373472,-0.02448454273407108,-0.012685552278165035,0.01169122818318069,-0.0031746555896133843,-0.01424858351549163,-0.002500116053132495,-0.0010187770552259057,-0.029859482912603763,0.005586537326506713,0.008919719079444999,0.03846159489197354,-0.009280962009783789,-0.03738322769063285,-0.016009443354408903
2020-06-12,0.01310045554414474,0.003962976524557682,0.029898942544158258,0.0023113076286231937,0.02123143265639471,-0.009198524317430623,-0.0050125206278075485,-0.011728727549587203,0.009052593083124894,-0.02748557367772564,0.04174829917703238,-0.037037089364844955,-0.011709280948620338,0.012135988975458645,0.00951628698891649
2020-06-15,0.02898335367687377,-0.013157882353605488,-0.03507243021369022,0.06917760800131068,-0.038461589909466465,0.011936328889904368,-0.0050377112665220825,-0.03818371794465081,-0.011961755022596332,-0.018340303962682936,-0.01272958133897606,0.03846159489197354,-0.002369926608201678,0.01678654387214773,-0.008362535814104843
2020-06-16,0.04997838687156064,-0.02399997711181645,-0.012766317055231235,-0.06326386932712658,0.04108098078653821,-0.020969837373066125,0.017721541291928045,-0.004291961069241013,0.0024214661675341365,-0.003368767349467894,0.02626573170906732,0.037037001061669184,-0.002375208452878752,-0.031839738234502035,-0.004139808240352649
2020-06-17,0.049938074802280186,0.005464475534834312,-0.005765653718538544,-0.008442112821819503,-0.010384055377174461,0.024096588658081952,-0.009950226468689705,-0.014008685076557836,0.011473421812726814,-0.01966842779066824,-0.013029782043508242,0.035714337412192876,-0.00238063091429086,0.004872114361838875,-0.007852120297961784
2020-06-18,0.04992135086025429,0.021739109308372973,-8.286544052882316e-05,0.010061993174597772,0.002098586207612385,0.1999998902537059,-0.002512679421960873,0.013114790698861123,0.02208958057979782,0.03730394703522166,0.010844366527104521,0.03448272460139301,0.009546179931013699,0.04121223129596974,-0.006207172554765106
2020-06-19,0.0499188825775132,0.01063828775385156,-0.004225244612119039,0.016858142657534714,0.003141413373265012,0.05119820557476462,0.0025190088837467872,0.003236123695103732,-0.004672958117994619,0.035962634074381494,-0.005597405141246514,0.050000031789143806,0.00945614302892639,0.005820658111416854,0.0023420649767034174
2020-06-22,0.049922739343169376,0.005263152941442195,-0.005491282624204286,0.008289430182821356,0.052192090466625984,-0.022797905643282546,0.007537487950383559,0.024731541588303152,0.06338049788390299,0.042006893502921194,0.07317096513924826,0.04761900076430181,0.004684009784157395,0.010416705211388821,-0.00950303381122286
2020-06-23,0.04970001700526683,-0.007853395789016004,0.019911228565522965,0.1255606112738228,0.01884919851291733,0.05514319515416721,0.022443965340668504,0.05718762788267773,-0.015452699401149239,0.0495523108599778,-0.016608584564436812,0.045454575010568155,0.07459202151368882,0.01832763134098192,0.007549666506123431
2020-06-24,-0.04993527521937802,-0.003957748452921295,-0.0049217552906715145,-0.06640105560475085,-0.041869588230775134,-0.04120607280606936,0.002439078534981043,-0.0367244965153396,-0.014013352454440131,-0.04774613537209027,0.0035558750640087844,0.04347821880453617,-0.01518445118640277,-0.026996569929165215,0.01045876407568258
2020-06-25,-0.04994891449715533,-0.026490103450292568,0.010963707995059302,0.009957240319016014,0.00609758041228603,0.026205513369805145,-0.012165601105324275,-0.009788832143149628,0.023308712641505025,0.004762008358895953,0.014614637165732525,0.04166669426141034,-0.04625550613399254,0.017340944597207697,0.007724313044549902
2020-06-26,-0.04994628702202564,0.0,-0.00994779663975276,0.05774646729057098,-0.015151522536820505,0.18079671681753728,0.027093600783553162,0.009365295202976354,0.0011110286175117778,-0.0008363839136051876,-0.01658655897512229,0.04000002543131509,0.030023217910063238,0.05340904909554234,-0.002299339171183745
2020-06-29,-0.049930766433011975,-0.013605429378242606,0.007329921776052739,0.014647294827082602,-0.018461514603418716,-0.07958483941977457,-0.031174996273704902,-0.02164946685653102,-0.03274152491923099,-0.0053013926519808185,-0.026187271910701804,0.03846156197421835,-0.0022421782486806707,-0.03236237340519843,-0.014597542876431224
2020-06-30,-0.04990734840957123,-0.006896578032394962,0.017087740194119627,-0.043307133489530414,-0.014629039188627124,-0.039473804645918986,-0.009900848748304214,0.00948371767719336,-0.03614478370073704,-0.019074327424097537,-0.01458545622906815,0.04938266662867674,-0.02022484242645428,0.0,-0.005925406366476094
2020-07-01,-0.04988154825701985,-0.0027777752022684066,0.0315916864482404,-0.008230602010521615,0.03605514270791432,0.03718204769025868,0.002499811850950495,-0.02296461962992391,0.007738271341276803,-0.008007011768144334,0.004625450925130448,0.04705877865062047,0.0022937167285046467,0.027870557683492114,0.009568404443289324
2020-07-02,0.04986068159949886,-0.002785512730456685,-0.008649560900523934,-0.008990135749074368,0.030706175438764083,0.017924591889017183,0.012468802201786922,-0.0021364980845619552,0.004134695832889168,0.009512851537627709,-0.0004602552479475719,0.04494388644374414,-0.004576599957416105,0.08026046588711488,0.0076136626154375
2020-07-03,0.04986722999638693,0.0027932934850189994,-0.01084743481251016,-0.010467567784594234,-0.027805345172804086,-0.011121398327619714,0.019704393339798898,0.011776888103159022,-0.00941164248772941,0.014277792110615639,-0.0023032830654232672,-0.04301081333343315,0.009195395329576694,0.0020079936203794,0.012490282629368687
2020-07-06,0.04989356202515238,0.0,0.006357238860822401,0.0,-0.0010213852589946448,0.0037489823196055205,-0.0024152777604694586,0.0074075057729112714,0.041567679138674096,0.0022522636718171896,0.03047085283335016,-0.04494377928932192,0.004555749604777892,0.0090179866893767,0.011270265995993567
2020-07-07,0.04866306628073214,0.001392789571159403,0.004895898668917376,0.005641682287855554,-0.012269976993073528,-0.017740566816091485,-0.014527754436785445,-0.027835866382527774,-0.023375159580339866,-0.027528281846099678,-0.02822597361899193,-0.04705877865062036,-0.004535088875425974,0.009930459835800987,0.01054212074805938
2020-07-08,-0.04990935080721304,-0.0069541293931773,0.0498978116234583,0.007713873110012592,-0.02587992968138908,-0.004752926965366777,-0.004914053542572572,-0.01674783750276565,-0.013426637504159289,-0.01935310397790324,-0.006454383618615944,-0.049382784366241106,0.022778970543224197,0.026548690399432973,-0.00789860091310235
2020-07-09,-0.049605697525390124,-0.004201643351844697,-0.022378588185989035,-0.014613716586326708,0.004250867506538247,-0.003820435980674275,0.012345591474815398,0.0021977545040123836,0.0017749336576964314,0.010603996806091587,-0.009744763574080606,0.03896106469689564,-0.006681482738514877,0.005747173820030538,-0.007210571957694922
2020-07-10,-0.006825530698306048,-0.02109705943047402,-0.029551347089031954,-0.00564977772635078,-0.024338685759650147,-0.022051593214750698,-0.012195036535724957,-0.008772059881556604,-0.012404005101380844,0.006120778507123115,-0.018275519165279586,-0.02499997615814209,0.006726425232598254,-0.04190474108553033,-0.011347832344751563
2020-07-13,-0.016978811481551337,-0.0028735604621976663,0.03368568158297491,-0.029119279395334763,-0.007592229490024249,-0.015686257725076147,0.0024689500448626944,-0.005531123437888086,-0.00239216745372417,-0.020278257588042914,-0.002386461857381228,-0.03846156197421824,-0.00890867991193034,-0.012922502955118875,0.008570406391745777
2020-07-14,-0.04564768717336365,0.028818416083016496,-0.036785429650642576,0.016825048552812527,-0.02732241878096897,-0.036852716822633136,-0.012315245837374422,-0.025027517273229716,-0.03417280311272519,-0.03400342229738573,-0.011483448552285669,-0.04000002543131509,0.004494324059566512,0.001039514941458819,-0.01441590377107771
2020-07-15,0.018529105361563936,-0.028011178292021377,-0.008398737954335211,-0.007194192997702964,-0.01235948497010142,-0.032057880448843834,-0.002493578374179406,0.004563506355091507,-0.012414596073620943,0.00122414146155303,-0.016940946173189197,-0.041666628034025543,-0.0022370531084034972,-0.020768462041769298,-0.020477251721389256
2020-07-16,-0.01762797973539787,0.0,-0.025169845866704232,0.0028985818559712495,-0.007963635382121748,-0.005341875071252611,0.004999988744519346,-0.01476440664015477,0.02137037770624861,-0.008254199995274103,0.015263276765757228,-0.04347828791136965,0.004484246983917695,-0.009543967848670953,-0.00251504626648158
2020-07-17,-0.002871088243030284,0.02305473286641302,0.0004918534668576502,0.03179179364992302,0.04587149109392974,0.017185804649444858,0.0,0.017867807893058973,0.009230598860919148,0.006781612731675768,0.014549233427651131,0.045454575010568155,0.002232168653130362,0.05567449617036169,0.005042665453153683
2020-07-20,0.007630361379805883,-0.0042253145597392905,-0.012370929401729347,0.044818097560061165,0.03399135367775585,0.016895442868835042,0.0,-0.013024131218727919,0.00914625925592305,0.0012249760473126425,0.011950402499004475,0.04347821880453617,0.006681373956783254,-0.005070981171508726,0.012386341991668548
2020-07-21,-0.007429649986631426,-0.0028288515475118903,-0.021070197038408178,0.010723914662639444,-0.011664921687447816,0.00103842060332493,0.004974992158848224,0.013769401783301438,0.029607335451913963,0.062079397401564984,0.02314574336137709,0.04166669426141034,-0.006637029480859424,-0.004077445477615349,-0.006659308716276735
2020-07-22,-0.03267599223859852,-0.0056737533008290875,-0.02728569807207748,-0.04045120836577787,-0.01502144922773807,-0.0010373434045608532,-0.0024753025441727194,0.02263741098732952,-0.002934300501744702,0.0345522243342824,-0.006001718469781925,-0.026666641235351562,-0.0022271971734154627,0.024564915925743502,-0.0037419836188187228
2020-07-23,-0.046726226806640625,0.0028530642330242273,0.016813296924332866,0.011057542602215253,0.01633987701133921,0.00830727764495176,-0.00248120332080759,0.002213457970892785,-0.0011770758565288197,0.011689509599482895,0.0,0.013698616715036138,0.0,-0.0009989350563687216,0.0010955112740638207
2020-07-24,0.049953170807929714,-0.004267455037411327,-0.012679896459509954,-0.012987060033685216,-0.0246516383020724,-0.0010297787635754618,0.007462669851517223,-0.01269986489459718,-0.025338762899919876,0.001375497077146015,-0.0111474997452502,0.0,-0.01116095229020242,-0.0219998964408038,-0.005471344178269777
2020-07-27,0.0175439328820155,0.007142884390694659,-0.019437795902318422,-0.022160778896280764,-0.009890008204332834,-0.03711328017451754,0.0,-0.019575141614746494,-0.015719482030154608,-0.006043832577776964,-0.05260675232509593,-0.04054056579305587,-0.004514395181852038,0.012269776244267838,-0.001886065466400022
2020-07-28,-0.012127481782647442,0.007092157807799149,0.020619610720189918,-0.0007081275754394767,0.0011097176164993616,0.0010704828795549126,0.0,0.010268166762983588,-0.001228495754633352,0.0055278400750982115,-0.0054537508299944415,-0.04225348139821283,0.0,-0.0070706413561525405,-0.0014176064569404456
2020-07-29,0.001035367892780359,0.004225381719903387,-0.02323774970179715,-0.0028348358152019415,0.041020011801754075,0.01497333837966841,0.007407330849160676,-0.004517233632457152,0.029519991921779898,-0.0008246589103074742,0.02243265617924295,0.044117603747491074,0.0022675998152605903,0.012207448336214899,0.0037850638889000976
2020-07-30,0.009013056635810202,-0.004207602991139869,-0.010829895362926556,-0.009950291953928603,-0.019169303350919376,-0.021074795086499343,0.004901950258285659,-0.01758369625769296,-0.0197131378447164,-0.026959990437787074,-0.01608956715435017,-0.04225348139821283,0.009049767255390417,-0.035175792361834324,0.005813083974937294
2020-07-31,-0.0023430027293769307,-0.0028168987598808926,-0.013640923776715441,-0.005024954207360932,-0.0032573827503323827,-0.005382216346010438,-0.009756195426864234,0.004618949837344344,-0.014625335750855673,0.008198947230183551,-0.007433033913932463,-0.02941180595477033,-0.011210781729959818,0.014583362114942489,0.016713628995388197
2020-08-03,-0.0024952476698822945,-0.007062106558827885,-0.0005458658353149071,-0.002886163183324131,-0.006536055936527618,0.033549753065981625,-0.007389147502424587,-0.016092052214386143,0.002473965219208285,0.0014019016579245314,0.002995400093326328,0.045454575010568155,0.0022675998152605903,0.0010266261538944832,0.007681589459885618
2020-08-04,0.010005958022970995,0.022759579322469303,0.01310875474069051,0.015195435486981435,0.032511321588494235,-0.002094063172663918,0.0024814448709751247,0.0,0.0024676877056226676,-0.001680052979982194,-0.002488620199930458,-0.028985548309857667,-0.0022624694399764333,0.019487195443590677,0.015398534063299829
2020-08-05,-0.0007284382025289915,-0.019471469453606338,0.02165502083361237,-0.0064148621558859364,-0.0032572661154045557,0.004197267336170318,-0.007425787156389307,0.0035046540451086905,0.01846128356711141,-0.012903240065559762,0.012475091570986141,0.029850789820280887,0.0,-0.01509050491915287,-0.010660515746218846
2020-08-06,-0.00393645153947586,-0.0014184721434444825,0.0016710734502543012,0.010043085244241468,-0.00653607820569202,0.029257979694247815,0.0024939425065353404,0.0029104396564503254,0.042296229626671344,-0.00028403983978619873,0.05174945807657294,0.0,0.004534867365235895,0.00919309531836543,-0.005008467751367207
2020-08-07,0.0844555198713115,0.04119317662278732,0.020019339641698553,-0.0007102667841917265,0.05482457067186619,0.051776771670388966,0.017412775244710188,-0.0040629039289944435,-0.009275402307848402,0.00028412054133930553,-0.008903385833448518,0.0,0.0,0.006072794275513216,0.028371073425269344
2020-08-10,0.008233196632381867,0.027285168920052838,-0.01997067474183256,0.04548702157067064,0.057172656281941237,0.004826168703259581,-0.0024449231815727446,0.027972222222222287,0.04739589030137892,0.007388447724407943,0.021276473219888237,0.08695650671590571,0.0045149464573657205,0.03521125804062719,0.00563625416093827
2020-08-11,-0.03440430014328144,0.0,0.012999626952939991,0.06526156323740961,-0.00786637906863441,-0.011527366365514102,-0.0049020695532713265,0.0005669087425821395,0.006145654641313891,-0.0022564996609958365,-0.020833215860547094,0.08000005086263018,-0.00674154096912194,0.008746395286870046,-0.00014749930056123794
2020-08-12,0.005129644072714434,-0.009296171276356291,0.003294823902681543,-0.016592106138116236,0.008919784850554668,0.006802796017862045,0.0,0.005099067390296641,0.017767671296454512,0.0067852332177285035,0.025531603330572583,-0.049382784366241106,0.0022621379264313735,0.0202311771661019,0.011653649356225815
2020-08-13,-0.0009655340786638433,0.009383400979011913,0.031630827812016316,0.001946604488487269,0.05893911827966125,-0.006756830677038805,0.012315425661362678,0.013945319607247653,0.040371107366964365,0.003931553004528743,0.01844195032853513,-0.012987000923330161,0.0022575834837856856,0.059490129173775275,-0.0020414021783973224
2020-08-14,-0.012563821260947794,-0.01328026277336214,-0.002513282867125044,-0.02137279375839307,0.03988869073332468,0.03692902118079888,0.004866169387601094,0.013180580595392177,-0.042999285316658864,-0.018741380866520663,-0.022182064322129214,-0.013157882353605488,0.006756724795335289,-0.020499098388480852,0.0018993561345739263
2020-08-17,0.02698544108439127,-0.0026917875354763865,0.0,0.028457591479237543,0.02408559350453343,0.006560522349075892,0.0024211254509263203,0.07805435733436283,0.022465458438489128,0.018529146765739135,0.02314815594576447,0.013333320617675781,0.02684572998540613,0.020018103217533945,0.025375662649916197
2020-08-18,0.017154493650016978,-0.006747599855237096,-0.011169877587839383,0.003217625075463637,-0.027003557616670948,0.003724312829770371,0.004830908219209951,-0.0026234193952607843,0.003215494899666771,-0.005037861934545251,0.001810081315523293,-0.013157882353605488,0.008714590690376056,-0.007136297458039342,-0.019769692475638312
2020-08-19,-0.0068263629401642545,0.019021720644826434,0.029301909456396436,-0.02116715393151869,0.021486274352112034,0.04638222377292345,0.004807916746861096,-0.004208094716931288,0.035256478803853186,-0.002250363433377811,0.026196828214655188,0.04000002543131509,0.015118858850387884,0.01886774547116965,0.008560734537595094
2020-08-20,0.011859821823408057,0.02533334096272788,0.045878317841783645,0.05176908239314115,0.0008763153088788833,-0.009751838043064787,0.12679415251772297,0.06814587837592612,0.04747148035125126,0.02170846806166371,0.008802666385216762,-0.01282056141338439,0.06170210554866795,0.08289247452419568,0.03567832878829669
2020-08-21,0.003063382832130479,0.018205444140945604,0.004418149412130035,-0.017445446949120424,0.01225925700404007,0.016114728448410887,-0.012738826516740631,0.04797207243855928,-0.00443358142093131,0.04359841243465157,-0.016579325756004626,-0.012987000923330161,-0.004008061932524454,0.008957644716955704,-0.013335110611854328
2020-08-24,0.09998678962848051,-0.019157100489016865,-0.023564573941000533,-0.012682444352749345,-0.015570905883548147,0.14449324243607098,-0.02150543487021439,-0.00519116084617699,-0.030677821033159414,-0.020359677315027414,-0.013309690624184634,-0.026315764707210976,-0.016096568008073575,-0.016949186220617807,0.0007037633470072802
2020-08-25,0.02535007168167769,0.06640621919844536,0.044083439682128356,-0.002568955584091759,0.01318090277021744,-0.0015397091195207269,-0.021977869160574093,-0.015180110195678997,0.010719744399263043,-0.00269901870436573,0.014388500465425391,-0.01351350045186761,-0.014315092855128775,-0.01477832705031823,-0.00998851105871923
2020-08-26,0.0069460362718687385,-0.019536001905951395,-0.014253924738549806,0.026400539639274134,-0.01387682650954769,0.08866640170164497,-0.002247131284530024,-0.009633913470159072,0.0,0.0032474455851556616,-0.003989255226375166,-0.0136986820351932,0.016597703791098706,0.04416672766299956,-0.004547696505352583
2020-08-27,0.011925654568698763,-0.017434604127165243,-0.005549404318590523,-0.020075385682986835,-0.019349184365154426,-0.018413637485246714,0.011261290148245617,-0.0019454706392016963,-0.015151450035089553,-0.0008091069368318937,-0.01424121996400729,0.02777781825006853,0.05306103530202155,-0.0167598728473074,-0.017558688082109697
2020-08-28,0.06828420056145301,-0.005069703742700327,-0.015876700979639113,-0.011523640306827843,0.0017937110269099499,-0.025974180949723147,0.011135777306567896,-0.010234089988025885,0.007179527387364493,-0.015658676250641324,0.00722348116619731,-0.01351350045186761,-0.03875966790922891,-0.006493335712392412,0.0014529289722631233
2020-08-31,-0.020657555797396032,-0.05095542678049936,-0.04089134394934124,-0.05310885938500132,-0.019695563695334428,-0.08962955159322239,-0.04625556328166558,-0.050713909405467494,-0.04226096804061885,-0.01837652503969145,-0.04840862271590818,-0.0684931488953382,-0.058467633534896035,-0.04003275543516771,-0.033952429907676884
2020-09-01,0.09254554146103677,0.041610795644742016,0.02181691909243,0.002052098062749197,0.01004563631762112,0.016273514063779082,0.006928335076208159,0.03526979891001614,0.0350877973634538,0.008103048586736383,0.049457923910267265,-0.04411767387060073,-0.0021412476697603156,0.01276592465916604,0.023881081023330752
2020-09-02,0.0999696397445049,0.009020578963862436,0.0035858383594711274,0.005460748300149865,0.06238698969019518,-0.012810301639694655,-0.01605495600119533,-0.008516983992121085,-0.006163159068255264,0.02744376583075203,0.010772108679090397,0.030769201425405734,0.0021458424499058992,0.0243697394869824,0.000146698741245066
2020-09-03,0.049990835191160876,-0.01277138002643008,-0.00876987429754783,0.00271545376642357,0.026382984477962834,-0.0040551458987770905,0.004661880892516956,-0.012632764195300461,-0.008785599535379607,-0.014900693587711955,-0.0039962706343925625,-0.014925359325276832,0.014989256632606862,-0.004101647206351422,-0.00894679922987296
2020-09-04,-0.04997372379310272,-0.027166887144735474,-0.002047981922890574,-0.012186754296359847,-0.02238808549973592,-0.01872975922221265,-0.006960372909304846,-0.030706059609090786,-0.035453445360842384,-0.01932741845482777,-0.01961668440714348,0.0,-0.012658270891922618,-0.029654102954341677,-0.013763404237751686
2020-09-07,0.019069508219138553,-0.01063828775385156,-0.0012313272781854234,0.0,0.04071255324797374,-0.009128552764177567,-0.0023365001443111932,-0.024287335090902085,-0.002162378756885186,0.006283352118537255,-0.00045474797309141834,-0.030303001841675226,0.006410330670241882,-0.02546682848409154,-0.004502003768413698
2020-09-08,0.02043039111718281,-0.0013441167748554639,0.012328288719284597,-0.010281032496758602,-0.03830485999338129,-0.0293132742894896,-0.014051491015334872,-0.018939270526471375,-0.026543879679957194,-0.007096095159056737,-0.018198338443239703,0.015624984866008385,-0.006369500068597933,-0.03832762013760371,-0.02351513367620739
2020-09-09,0.04544642499889151,-0.0013458616790996691,-0.003978092675712919,-0.002077491373801199,-0.011016981580100671,-0.020707414532648016,-0.01662732992858118,-0.0027579903066405898,-0.005564651472005355,0.0020012451026643063,-0.013438537940550055,-0.015384600712702867,-0.008546898829552618,0.00815235492413624,0.004785536318531403
2020-09-10,-0.017456127457090465,0.014824815685088977,0.02706228971671143,0.013879149552221914,0.039417405914349946,0.07488979028698806,-0.007246185979679409,0.00165934983343341,0.021824307350896133,0.013409451666700045,0.00751549444785371,-0.015624984866008385,0.015086169463928156,-0.003593937827187421,0.0009218421629220153
2020-09-11,0.04984911498760236,-0.00664013138668107,-0.005635005464959764,-0.009582581154050085,-0.0313273531003625,0.0032786165494747,0.0,-0.0049700113017808745,0.009309964087137246,-0.013795020624169263,0.0009324660108949168,-0.015873075943202752,-0.014861959425469529,0.022542700361914525,-0.0029165853590134017
2020-09-14,0.04970015408957096,-0.004010723226183344,0.0419027891123116,0.026952515657521436,-0.03148926923035977,0.03186285386928134,0.007299076445080432,0.008324377012422834,-0.0005427047313861788,-0.020839258168104613,-0.0009315973280507039,-0.016129017372408794,0.0,0.007054698053530872,0.005387960418437476
2020-09-15,0.04992950721540801,-0.0026845612669198493,0.024590182148674478,-0.006056683067437896,0.044815359736336324,-0.017418959600648987,0.0024157480248307994,0.002751711483518493,0.00922924829644356,0.010495791064589977,0.014452153911681975,0.0,0.0,0.011383481021249642,0.017455256416690546
2020-09-16,0.007081097326236074,0.0,0.007775621518363751,-0.008124482591602145,-0.015138679433459812,-0.014504283849800959,0.007228840488637589,-0.015916440783630303,0.019365088631871696,-0.007790186071491845,0.0004594818896459518,-0.01639342724524051,0.008620578037894733,-0.01645023073778673,-0.014146089536242856
2020-09-17,-0.013026405080278969,-0.004037649214576056,-0.02648556500604282,0.005460748300149865,0.007685657340275709,-0.019623992803542878,0.003401358959985945,-0.011154597239604547,-0.0005278126340235723,-0.021227078943222732,-0.0018371561099518319,-0.03333330154418945,0.019230783279955643,-0.0008801536878370042,0.015264898589566478
2020-09-18,-0.0017248210184664936,0.010810800361494177,0.029797365928585506,-0.00950439309779072,0.032203525642094055,0.0008340275977638534,0.026634370203298063,0.021432745235408168,-0.013727355780972728,0.021390601016008537,-0.005982747645462361,0.03448272460139301,-0.01677137534001949,-0.009691688829833733,-0.020297675331563014
2020-09-21,-0.02080825735269165,-0.010695176938778084,-0.04195954052931106,-0.034270046754298344,-0.055829330579164616,-0.04166655880661685,-0.03537745553063243,-0.02484828474317946,-0.052462220938423676,-0.008144467042477066,-0.05046308687725842,-0.08333333333333337,-0.006536004888881619,-0.056939414277416334,0.01565384184398999
2020-09-22,-0.049942443871068276,-0.008108100271120633,-0.002163024770129862,-0.016323522248921973,-0.007826004576774848,-0.023478309878239068,-0.017114732636901664,-0.006794933591833696,-0.012994564679837062,-0.00997079485935315,-0.004387909526204381,-0.018181800842285156,-0.030701710247859504,-0.029245371157390676,-0.014355017390808578
2020-09-23,-0.049983868858004876,-0.0013624289746519969,-7.735473744341359e-05,0.00649328386353365,0.003505674884469512,-0.007123768677576803,0.0,-0.029646658064449438,-0.013165726375514164,-0.029028604656519463,-0.020568190770263728,0.0,0.0045248183675679066,0.03887274788637329,-0.014563550529493763
2020-09-24,0.04878880103192729,-0.00954975382712242,-0.024076762899067905,-0.02437270234156308,-0.021834165836362107,-0.027802738664858384,-0.004975181319818889,-0.028789520050462203,-0.042343249764171254,-0.027760788060305353,-0.046999967969288514,-0.018518500530834592,-0.018018177085004305,-0.056127299467805036,-0.04480394335196203
2020-09-25,0.04992298757364022,0.008264454667762822,0.0042837144738385735,0.03232938659716611,0.034821461619106486,0.05627301043036237,0.012500113826928505,0.02601314936102961,0.03391894295386355,0.008785793386940188,0.03934939561863127,0.09433961924644252,0.004587197202774451,0.052527327877386565,0.013843590955983975
2020-09-28,0.04994206960391745,0.01502727514995117,-0.01382314365627424,-0.0028471330823731655,-0.002588388474507486,-0.0008732150290359231,0.009876300688848927,0.03183962356016412,0.030462828001442288,0.04603444851200056,0.030792647969545728,-0.017241444513996895,0.0022832345907040086,0.019773975388045706,0.018795021020592495
2020-09-29,0.049992649934603284,0.0026917875354763865,-0.010412328630374557,-0.005710268320417433,0.023356358825322276,-0.0017483233400835685,-0.0024448697342844827,-0.026856824039537708,0.0034109344041071132,-0.02884338097899375,-0.01909890149557192,0.0,-0.004555739950318993,-0.0036934200995324407,-0.0011038027643672788
2020-09-30,0.032908557349715206,-0.009395932431724874,-0.006070508771962468,-0.017946716423540843,-0.04649191634007088,-0.005253935434069379,-0.009804034430473063,-0.0005875149580244488,-0.02322963648644394,-0.0052051506811776616,-0.010484334660050831,-0.03508768701010212,0.004576589702864675,-0.012048279674652607,-0.010733953781041694
2020-10-01,0.012879609970774863,0.0040650044046055545,0.008387594648790797,0.01388880680917537,-0.007978778488302751,0.025528144487558135,0.0024754839068632517,-0.002350110585611409,0.028422356481094146,0.013235011545863262,0.03380416731609137,-0.018181800842285156,-0.004555739950318993,0.02157612532381248,-0.012286358015287657
2020-10-05,0.0031455450379993533,-0.004048547043043249,0.0037147181743235613,0.0007209558792100612,-0.012511093732151202,-0.012875452353100947,0.009876300688848927,-0.005300427199937396,-0.015228243076900072,-0.010632036947281098,-0.03465081084486088,0.018518500530834592,0.0,-0.011019357074483649,0.0003230036750541121
2020-10-06,-0.018079908696066127,-0.0013550445429219016,-0.0019310039119850853,0.02017299794767502,0.013574540484360131,-0.009565280620111527,-0.009779713299650772,-0.003552298623735739,-0.0005728549677431749,0.002149100717966146,0.014155420461505308,0.018181800842285156,-0.004576699088598035,0.013927467534148308,0.0014533287637121806
2020-10-07,-0.04973506645856607,-0.009497923461488478,-0.017976534928731747,-0.03248603161287256,0.0008929570383999774,-0.05267781076555278,-0.0024693710186466378,-0.01604266740116167,-0.009742037928107794,-0.022058723546854675,-0.011465499221064213,-0.05357137839404824,0.0022986510067999344,0.0283884421545193,-0.008546946067688466
2020-10-08,-0.004504452214918131,-0.005479446686014522,-0.014365457542035553,-0.0080291200260173,0.014272881924321412,0.007414265551746402,-0.0074257992472355205,-0.0024155049132439377,0.005208189115510464,-0.008145415032475789,-0.0010086433838218944,0.018867905855434186,-0.006880576530872928,-0.020480844273677246,-0.010247244928528021
2020-10-09,-0.017524975621885264,0.008264454667762822,0.016407088603376918,-0.0029432401089173332,-0.005276874176580182,0.014719552053796159,0.02244394332765509,0.003631973431261537,0.001727309071231753,-0.0018950498961064488,-0.01009573941096753,0.018518500530834592,0.00230937882246951,-0.009999988448500807,-0.0031224589550507
2020-10-12,-0.018130015633816554,-0.010929016211355558,-0.02753197720593914,-0.008118200705272693,0.018567487610175792,-0.013599336329613188,-0.017073164744379477,-0.001809699566193479,-0.011494201268859805,0.011392467949796758,-0.022947504899553994,-0.018181800842285156,-0.018433234033090384,-0.029384854963782736,-0.017968901790590075
2020-10-13,0.04995903268977764,0.0,-0.008426092212839076,0.0014881112509699257,0.018229225347544453,-0.014705944766108314,-0.0024812103040244837,-0.0012081974956987818,-0.017441943455068,0.004067495100838148,-0.03340310923809198,-0.018518500530834592,-0.009389643440636308,0.02270577417776054,-0.0073863678934276145
2020-10-14,0.028861207382942844,-0.0027624283920971715,-0.00985725430303419,-0.009658116851741783,0.026427966205411657,0.0037314964110406468,-0.012437923494121095,-0.04295225763430255,0.020118088433677794,-0.021190430632510138,0.030777600792589954,0.0,-0.011848220710972579,-0.020351504616960225,0.006595463681547731
2020-10-15,-0.029223257082227616,0.0,-0.015791232608075467,-0.007501955090699064,0.026578038794729864,-0.015799395298936925,-0.005037781246693296,-0.0012641274037121786,-0.017401076146012606,-0.008277554459869219,-0.02095327061297192,-0.05660380753557426,0.016786604280842665,-0.0009442246761282025,-0.008904388865325186
2020-10-16,0.001561910665157873,-0.0027700805412326224,0.006714395452771971,-0.014361283909577138,0.03236245069051269,0.005665716989563974,0.005063288989008763,0.016455531908653898,0.004132089166429376,0.02054579420764102,0.00588561523780573,0.019999980926513672,0.009434045223439602,0.023629428233066463,0.026106001300659987
2020-10-19,-0.003615209302092137,-0.009722180094246857,-0.014551764835232017,0.01303684568555008,-0.017241334669029773,-0.017840358710175197,0.0075567322316651975,0.016812072546788404,0.025867105495374965,0.005032954196424688,0.021276481176051076,0.0,0.00934565243661778,0.0193905471852438,0.005121544659620669
2020-10-20,-0.020062572326183803,-0.005610092736466066,0.011074962211876649,0.008327011597269118,0.0023922982761928058,0.0057361321424540535,0.012500113826928505,-0.01224740018842152,0.0034384603768444766,-0.015962462766193175,0.015104192068247757,-0.03921564960882995,0.0,-0.00815213911825452,-0.006081456789447048
2020-10-21,0.005299787010616397,-0.00987308464807668,-0.007911018434057282,0.015014905250300581,0.012728703291317256,0.007604475648950615,-0.0049385053601457285,0.02045901702263797,0.009708734770176752,0.04166666180557166,0.019497241125650655,0.0,0.0,-0.014611849560228096,0.01306422807226748
2020-10-22,0.04997477842302467,-0.0028490001397227793,0.013407036976460729,0.04585788378668809,0.035349505089008915,-0.003773502414247898,0.0,0.028553835075059375,0.01753381972680379,0.008244404694531582,0.020130742638213794,0.12244895774590314,0.050925934122354244,0.02131594932561054,0.05190996741226317
2020-10-23,-0.009147842771022097,0.010000024523053819,0.019195816879137517,0.0014146331051081429,-0.032625140277539266,0.04166662691480738,-0.004962836848663721,0.018901161970111602,0.0005560558326271892,0.03058748227657815,-0.009866941473663404,0.19999998266046703,-0.01982396387464791,0.0027223595396952405,-0.0010861145086760171
2020-10-26,-0.021657609121633503,-0.0056577030950237805,-0.02214304783994747,0.0007061904968530541,-0.03372543740375833,0.012727337394154548,0.0,-0.0034780544034803684,-0.023888897758242433,0.01116650518395601,-0.015445799219742096,0.015151500920837613,-0.013482945470966956,-0.024434356424699377,-0.01848716425853192
2020-10-27,0.04995034993229153,0.007112334623823324,0.01049796127781688,-0.011291518052076732,-0.008116896695208764,-0.01974870951679597,0.007481354282232955,0.04072119319445755,0.0073992202212429525,0.00842805770925037,0.03441287881971644,-0.0895522271213881,-0.004555739950318993,-0.0027828947925795378,-0.003482051803385122
2020-10-28,0.04993911332971801,-0.0028248560935074662,-0.02240921425529363,-0.01998574677018161,-0.01472992424542341,-0.011904750921516327,-0.0074257992472355205,-0.015092230355228109,-0.030508881998028925,-0.0037465262472476946,-0.01369865981916818,-0.01639342724524051,0.0022881307728321865,-0.012093036312944117,-0.023189269449510497
2020-10-29,0.049945356307516287,0.009915038559308753,0.0001756136660990837,-0.011653308478943525,0.001661053923818434,-0.027803495819049173,0.0,-0.01816120832059942,-0.006992976863474887,-0.007231781471560006,-0.004464323543451609,0.16666666666666674,0.004566141773359789,-0.018832418048766564,-0.012032724547526907
2020-10-30,0.0499601529826148,0.0028050463682329774,-0.011239848431348731,0.005895354625515603,-0.004975093874526104,0.006673015516799996,-0.009974939844571429,0.012716953333894887,0.02230045459022012,-0.003496558429323171,0.02491273701135266,0.0,-0.004545386892394365,0.0009597056983821073,0.027650222872928287
2020-11-02,0.00326948588644016,0.0055944001845460445,0.01642981351562023,-0.016849767819170358,-0.02000000786622491,-0.026515205722232427,-0.0025189509849719016,0.018264757539491416,0.048794558369631424,0.0119884215993864,0.014098305113679821,-0.0714285714285714,0.018265003637503385,0.009587779321861722,-0.018578000786955484
2020-11-03,-0.03351953838896027,0.002781638493372318,-0.0069898203318060625,-0.021609535159948456,-0.0025509712647338034,-0.005836652301327683,0.007575754825118519,-0.036434908251751,0.0016419143848238615,0.03987317517358546,0.004794047716179195,-0.030769201425405623,-0.004484344343627655,0.018043547121998404,0.02056137623610832
2020-11-04,0.012644508298767176,0.0027739224439247145,0.010294713547360113,0.004569599836243388,-0.005115191906037153,0.0048924460357189226,0.012531323805082817,-0.009889631840420243,-0.0038250821688693426,-0.015837975899321677,-0.0019083792322637239,0.015873000254767344,-0.00450443661005917,-0.005597015892869983,-0.001439143980300206
2020-11-05,0.01629200948284093,0.0069156556850564765,0.0033094588374025236,0.024260793106108958,0.0119967688485072,0.0019474996664652355,0.019802091782121778,0.019976605354419474,0.02687884635044746,0.011010485970000428,0.038240864580276535,-0.04687502910383001,0.0045248183675679066,0.03846153273080044,0.01329067524295291
2020-11-06,0.006318774360319912,0.035714250625210164,0.04522586580335597,0.005921603580355983,0.019474931889891245,-0.0009718979366831748,0.05339803340567384,0.005760533252964439,0.022435873312929733,-0.0033510723564698086,-0.0041437537354774845,0.01639342724524062,0.011261253016935813,-0.011743393090414278,0.018489318093503293
2020-11-09,0.04575578556504367,-0.017241394575414404,-0.00996605101261716,0.0,-0.019933627097183493,-0.011673059595072699,-0.025345721355202522,0.02462745805149935,0.02925789739478013,0.03138170110591543,0.010170892612594296,0.0,-0.0022271911723169557,0.004570444959240527,-0.02110171566678165
2020-11-10,-0.04948018147329991,-0.01889336968535693,-0.019461564963594746,-0.002207496180325008,0.011016981580100671,-0.018700851491556314,-0.0023640653902866626,0.02291792896829392,-0.0055836267997091404,0.010051540151006177,0.02425665430260726,-0.016129017372408794,-0.006696594575567372,0.03184705136943333,-0.011570963413497726
2020-11-11,0.04995029938178752,0.0027510290204930676,-0.0005130987803292353,0.0036872558379619225,0.004191187902814253,-0.004011948183444636,-0.004739448449540218,0.015300632904864608,0.01225116697447981,0.020172056033193053,0.04110810213299132,-0.01639342724524051,-0.006741311606566991,0.009700236085696146,-0.003688317335080238
2020-11-12,0.04991364091389472,-0.010973926491725239,-0.011041824720033122,-0.011021261791746895,0.020868081842876363,0.004028108747014869,-0.007142741400444685,-0.022604924989036435,0.019667261734044317,-0.0007910397821448978,0.01802551553770071,0.016666650772094727,0.002262355109614367,-0.028821067070024187,-0.008852359688258149
2020-11-13,0.049875313012849753,0.0027739224439247145,0.006318124585313445,0.0,0.040065389358175274,-0.019056985444888097,-0.011990288606398503,0.0071582847430617935,0.018792984035415294,-0.0034300043357747834,0.024866963814157428,0.0,0.011286673677563641,-0.0062949057128222075,-0.015589165827026408
2020-11-14,0.0194572198666092,0.0069156556850564765,0.008514715745419066,0.01857371746102432,0.005503079701182356,0.035787281125517545,0.012135800355125959,-0.006013738257344081,-0.004854145726354786,-0.004500932729376239,-0.009532024670984907,0.01639342724524062,0.011160706426120992,0.012669780754225979,0.0054437633476889236
2020-11-17,0.049424922459449405,0.030219750529024036,-0.006481273751690053,-0.0029176748023390653,-0.03518367574374115,-0.03652538203671585,-0.014388484247488842,-0.0242027724768914,0.01463408260861554,-0.006383079182101126,0.01049846058358872,0.0,-0.002207630608031752,0.030384178121327876,0.0073830904836200695
2020-11-18,0.021257500153964548,0.05066668192545576,-0.0007725680141902336,0.005120395532516975,-0.01134527614082248,0.003073939888582844,-0.002433089173155434,-0.004509563071907752,0.005288472372302344,-0.007494634487335783,0.00692667040173478,-0.016129017372408794,-0.011061940585389562,0.05117085361164908,-0.00700334595472718
2020-11-19,0.0023590813111749043,-0.027918815207329195,-0.0021474714494650327,0.103348239954963,-0.014754072464053136,-0.026557684620913347,0.002439023534911433,0.016987601172656852,0.0014348141266247172,0.023732417299134223,-0.01633715192735863,-0.01639342724524051,0.0067115766221843565,-0.02392738495409963,-0.0004920674990331886
2020-11-20,0.04711587339928469,-0.00783289085832184,-0.01566811887592756,-0.022427383568697445,0.05158077418705487,-0.0031481266950308395,-0.002433089173155434,0.022271615447468474,-0.011461534131353202,0.01080104671013049,-0.007429879564001318,0.0,0.0,-0.01775144790894445,0.008532796789710195
2020-11-23,0.04032435593939221,0.01052630588288439,0.004722713263287659,-0.0033740670946328377,-0.015822810806101262,-0.011578760386232623,0.002439023534911433,0.020152661553960893,0.005314223325961098,0.015116085545079594,0.01761328938541351,0.050000031789143806,0.0,0.012908676628273552,0.011552413013374396
2020-11-24,0.02105394777422065,0.007812492724042164,0.029857167411092567,-0.0020310142165521627,-0.012057961175755194,0.10330136302744153,0.004866294957342587,0.005338878188626772,0.006727639368873772,-0.0012838425965469025,0.012115758726102266,0.04761900076430181,0.01777761584258708,0.018691704814621124,0.005629530750916212
2020-11-25,-0.04999377569551411,-0.011627865427925044,-0.012255849999759039,-0.003392197111741879,-0.013018634825245012,0.024131086631892007,0.0072638031000380465,-0.002124210375011537,0.006682614116656049,0.004113238041087097,-0.0008547536450141946,0.015151500920837613,0.004366851422890061,0.025854825867437148,-0.012795705413553904
2020-11-26,-0.03533065977781691,0.0,0.021564238417284942,0.01293401655649018,0.0016487944054217607,0.03675782281768769,0.016826917261061114,0.0015966496374113515,0.03461323873800426,0.012032613346064647,0.04321763328275052,-0.0447760779758305,0.050000135091405884,0.013821129235090046,-0.005995086239391267
2020-11-27,0.028928493507819786,0.006535910231946662,-0.025967522017348754,0.008064542418458442,0.018930085965858767,-0.019999981682342516,0.014184618947556293,0.0063763173550484,-0.00824927774946671,-0.02656205895763819,-0.0036917709431497636,-0.03125004423782163,0.002070411611089895,0.04089812937372228,0.030154742593941908
2020-12-01,-0.0014960165484544374,0.06623379759934167,0.018403895232947054,0.04599992418512944,0.01938598590827545,0.004638292470368066,0.013985671018836854,-0.010031794688328821,0.006007593778001308,-0.0002596569211438249,-0.005351616870230225,0.0,-0.0020661338635488136,0.06086300844269066,0.003797862105318517
2020-12-02,0.009958622820468666,0.09987815968503888,0.018662418945673442,0.03760366008377991,-0.007131524845335524,0.024007362694081102,-0.011494250340750911,0.011199786108939236,0.007808780451795894,0.009357800054576426,0.006622082272423002,-0.016129017372408794,-0.006211135865219819,-0.013072068822606031,-0.006935780764514399
2020-12-03,-0.0008726003490401313,0.19933557518972367,0.042443796559798797,0.008280291749128699,0.12928972945960981,0.02975650813607844,0.00465138467080517,0.0395571535629442,0.04330007133248559,-0.003605641955880756,0.03988538844018108,0.04918035990574876,-0.002083550764068187,0.019131854763165146,0.030000029887784718
2020-12-04,-0.013318777292576467,0.10064636752230838,0.0006361152125000658,-0.012002681028527307,-0.02544176219451111,0.013134691552026734,0.009259144207851122,0.0,0.009174179417470008,0.00465253326762749,0.006326433518530239,0.046874954598025154,0.006263303857357627,0.03465704202965103,-0.004468981348883738
2020-12-07,-0.0208010621818987,-0.046979900673860486,-0.0017483041418027145,-0.012787680154237369,-0.016678565830211323,-0.0060499071260089465,0.029816723778003817,0.012176505755099987,0.022078158222442523,-0.004373463965397284,0.02475424547317906,0.04477614914555761,0.018672163780457218,0.0,0.003715122016939576
2020-12-08,-0.006870034427966076,-0.07746480114756571,-0.01090683860149999,0.0058290851679085876,-0.03097354732711388,-0.030434824507302838,-0.008908787956094955,-0.015538885008863912,-0.017789463646061043,-0.009819305668054223,-0.018788354730273293,0.04285717010498047,0.0203664851635037,0.004884921915733642,0.002930207205358526
2020-12-09,-0.025986481767341196,-0.06011442636305364,0.014890591177829426,0.031551813175834775,-0.0098934240275933,0.00896860108647246,0.004494487787682688,0.0010185897678001155,0.021129979683972788,0.005741185749790878,0.06174323867059406,0.04109585014510864,0.005987981673583498,0.015972213030491567,0.014301095563696187
2020-12-10,-0.031212059785137525,-0.050761419353914206,-0.017209952423575148,-0.027465550044254772,0.005380533905634977,-0.016889021758987877,-0.020134431833046307,-0.011699030794643961,-0.0325166617751832,0.000259633368750567,-0.028708405306734353,0.0,-0.011904678351369213,-0.006835360527269407,-0.017586365998902953
2020-12-11,0.00463012352098513,-0.04919786303523821,0.005003280820033096,0.046854839095303635,0.0389906118900023,-0.01989140838513337,0.011415411944120546,0.05404018125365062,0.024443057645175514,0.0018157249026913291,0.03183032084006476,0.03947370980254861,0.02610445621971369,0.0020647212724664854,-0.001234731325132632
2020-12-14,-0.029476727995229268,0.049493764160963405,0.007708269163349213,0.038626536952671486,-0.0007356860159227763,0.08487092472963709,0.006772007564049609,0.021484139738147334,0.03408628111080603,0.006214303725875503,0.02460517655747907,0.037974646870400086,0.015655527872429964,0.00892847207995251,0.037391813975800936
2020-12-15,0.002819585136043301,0.030010689738566576,-0.024143379400425324,0.038961129282718776,-0.022091347604757727,0.016156375045957905,0.006726778333321803,0.01195049498250822,-0.0037084666961643142,-0.007719953012757297,0.016129134700833214,-0.04878044241882984,-0.009633904446964436,0.02314519878469401,-0.0008936956131324614
2020-12-16,0.005672569290691598,-0.02393335592645096,0.004654226537544659,-0.0017046969189254968,0.04066269627652708,-0.016736245875796696,0.03340755455313027,-0.008975069143409842,-0.005375831063836656,0.017634781652491105,-0.0028221084300715793,-0.03846156197421824,0.02529186624674451,0.013306684316198192,-0.013863633173871848
2020-12-17,0.021728491155171392,0.006396531472319555,-0.0003251035815455827,0.03016520812808321,-0.010130240089467724,0.0025531173010637787,-0.006465617193443296,-0.00428985971410234,-0.014968976221096497,0.01098321138489533,-0.02546862629355906,-0.04000002543131509,-0.015180308511499985,-0.012475438488359303,-0.01330348702327544
2020-12-18,-0.024386753610775358,0.003178038980833353,-0.011463485801389228,-0.02320447171650797,0.005848031902830453,-0.014431296259499904,-0.019522768454050654,-0.006701764781193331,-0.008020490095131061,0.003103889598058851,0.0,0.0,0.011560611653783193,0.011303236288129126,0.010878065255570002
2020-12-21,0.004084006573044308,-0.049630438624715056,-0.04515169920234341,-0.08257921101685928,-0.03561066993816209,-0.08699403356096647,-0.044247768843632906,-0.06024091892261152,-0.062127687158436196,-0.04332119215797314,-0.05662432681909968,-0.041666628034025543,-0.05142848401997946,-0.09204477945014922,-0.06744466607702437
2020-12-22,0.009409033358767083,-0.004444440205891964,-0.008527010830902793,0.039457622454948105,0.027882361100655118,0.0047170562261602544,0.027777876393270562,0.014358959864932075,0.008167123876906546,0.02587609507970834,0.00923429550346544,-0.04347828791136965,0.014056061066216818,0.03765391631185122,0.024865796826772035
2020-12-23,0.014612997767792901,0.04910709581584971,0.03309862808265174,0.02253843015674173,0.010997145667168473,0.03943666124382328,0.020270259330002594,-0.0035388292664214616,0.02205207553414712,-0.0018391924270690918,0.006099945346450086,0.045454575010568155,-0.003960242339797304,0.03489185603978173,0.03266734451075681
2020-12-24,-0.008373606783929843,0.019148969412822625,0.01816347395722273,-0.011600987998936385,-0.009426921224342966,-0.009936756237348798,0.02207504351000078,0.01420597126151213,0.005283992969418394,0.00026307804131064927,0.014778298212079655,0.04347821880453617,0.005964172390896749,0.00472011741869105,-0.021038072733522983
2020-12-28,0.0017371635909548822,0.04906057106177797,-0.0015691364718321,0.006455295535486405,0.010980926192015072,0.08850363810278306,-0.002159929610268674,0.005002455386880822,0.023653169459449286,0.008158071704904124,0.011949108117995877,-0.02777775202268362,0.00790511406909844,0.03624156065799555,0.004549225627413778
2020-12-29,0.0006743267551783116,0.003980095631232361,0.0012407170657882105,-0.01399410223797748,-0.009413495228317581,0.08298406237875922,-0.004328898794290326,-0.018416983120975394,-0.005134705970766262,-0.009658272582497407,-0.0025828850643299095,-0.014285700661795464,-0.007843113363304566,-0.008419595975431848,-0.009681667774157243
2020-12-30,0.013719072561737322,-0.007928634538775126,0.007105180605364136,-0.01419261410714412,0.0043859951763023375,-0.026315763823144933,0.006521735732954115,0.005070755507061264,-0.014623530547517749,0.002636038038314359,-0.018867830183972534,-0.014492739601511984,0.0,-0.009797544321804352,0.007884085534927587
2020-12-31,-0.00033237627823434757,-0.004995023935224108,0.007875289885076686,0.005998674860015818,-0.01310041218099145,0.007154139137121263,-0.02159826095957762,0.0025227291794849283,-0.002182777938087077,-0.001840347137299414,0.0098037894395413,0.0,-0.01778653027284871,-0.001978918151597453,-0.006883697222060392
2021-01-01,0.01268285758652632,0.007028081782742834,0.010336978026004084,0.0023851827944503246,-0.014749402172771764,-0.014206641980840429,0.019867433359606945,-0.003019638239948663,0.006561804318610642,-0.0018436461189809128,0.005974778366935052,0.02941173583166079,0.010060355012740052,0.022471894778358426,0.01086961775840356
2021-01-04,0.01529157050028962,0.0009970318193490701,0.007169814239964323,0.008328429922032976,0.016467141670480023,0.008806901727549166,0.06493514172841008,0.0,0.03042142213259935,-0.005540682712988798,0.020044624128178867,0.04285717010498047,0.019920304688353374,0.02456358879490317,-0.0026493327980618986
2021-01-05,0.01312076800358053,-0.007968119921316186,0.00783885224001546,-0.012979346811151982,-0.006627554886611042,-0.006349267058079033,0.0,-0.014638948339551927,0.0004219670938623299,-0.002387970976749254,0.012372533698735255,0.04109585014510864,0.003906284646219449,0.02397488492363875,0.0017187189447220863
2021-01-06,0.009850015330459927,0.01807231972754786,-0.0118254775727068,0.020920429296864995,-0.002223768644092461,-0.00878593483289447,-0.008130077340940622,0.0025614035834122806,0.0012646616118625609,0.043351032553820446,0.014018556384938208,-0.026315764707210976,-0.00194563547955251,0.01601973406071,0.02979259013177149
2021-01-07,-0.03987358267244301,0.005917106894566704,-8.033641677884784e-05,-0.011124165015599097,0.0037148920030412036,0.008863811704904911,0.016393434572842036,-0.008686715386137744,0.004631705520889984,0.004588459602229644,0.01417940068318857,-0.01351350045186761,0.00779743388473797,-0.007277138068069178,0.005907462881749703
2021-01-08,-0.045339057735665156,0.04803919414518765,0.00104421629747109,-0.006512625450026066,-0.0074020524147850875,-0.00399360674222482,0.012096864976430144,0.0324743870840698,0.013830587464375599,0.03298645486016105,0.011883862099286713,-0.0136986820351932,0.03481627601752857,0.01466096601000455,0.011745119379205526
2021-01-11,-0.04591588875761199,0.0495791120158775,0.0024873888933656385,-0.008939182336934803,-0.0022371519503544546,-0.011226800188244401,0.0,-0.011482923463604577,-0.009921296041596528,0.0,-0.018652721373846215,-0.01388887601134181,0.0018691752451862609,0.0030100835599884412,-0.004167475383020203
2021-01-12,-0.04559533608952793,-0.007130117807674474,0.05922849134119912,0.0,0.11883408203567081,0.010543311246048903,-0.005976187666575372,0.011616312693189856,0.014196235507584865,0.0007369412224180749,0.016543472060207565,-0.028168987598808592,0.009328083009201293,0.03301336305337155,0.008668650172839465
2021-01-13,-0.00216415078414145,-0.03680437957366656,0.033549813815800356,0.0006012374594170922,-0.022044135984273905,0.0,-0.006012021160931469,0.023963849884750532,-0.0028822045206262636,0.006381915954052797,-0.007271694470897705,-0.014492739601511984,-0.01663565601878414,-0.0023242609876337195,-0.018817729011930462
2021-01-14,0.049991839034249974,0.005591838040674757,0.01666912260751441,-0.015624967462517847,-0.01775961525132108,0.008025607231799237,0.004032159489112175,-0.003413057854312229,-0.0016515207191724057,0.0004877900781667943,0.0013953051788775372,0.0,0.0,0.0011647453748757641,0.005738391523242958
2021-01-15,-0.021172217918925873,0.0027803274399678113,-0.005105643224729395,-0.010378411127873743,0.04381104735347452,-0.023089085066812842,-0.0020079351162868297,-0.01712317951830078,0.004135804954866096,-0.010239033058831337,0.012887778626434088,0.02941173583166079,-0.0225564098937745,-0.004653746082647348,-0.002852668066107178
2021-01-18,0.0021102611448167163,-0.010166327151549304,-0.006216053404730859,-0.037014164310188,-0.03664224486208745,-0.017114898030497927,-0.018108643180124062,-0.02887002794067628,-0.03294890019611385,-0.035714219682655535,-0.030949193428611577,-0.014285700661795464,-0.03653850820863247,-0.040327365162894924,-0.01370274428726781
2021-01-19,0.04538033754770998,0.03267977406378075,0.020364912885182385,0.009609301503738399,0.03250339047316486,0.014096241614849792,0.008196717286421018,0.021527591816643765,0.04173728733001125,0.01992349905190971,0.0468415415561898,0.0,-0.001995834870664348,0.040194937189334645,0.035419742775872454
2021-01-20,0.027496650550868695,0.004520726506652251,0.026801699508671062,0.008248437017322363,0.03616861645068359,0.024529888033144154,0.0,-0.01354741243948887,-0.006949609740312446,-0.017530772534036898,-0.010169692735510494,0.014492739601511984,-0.002000113002895154,-0.007025854553316724,-0.01636697697509537
2021-01-21,0.028084128538366837,-0.032403210423222806,-0.01603603328349923,-0.020767774154081486,-0.03878461266540689,-0.021548395024851397,0.0,-0.022380508290865686,-0.02264333290490217,-0.005098166957860806,-0.023972327627022394,0.0,0.014027988153640925,-0.02122641840748618,-0.019637081346215335
2021-01-22,-0.0009058668935504333,-0.01674421443495644,-0.002109357296686043,-0.010282541347792717,-0.004034891970864374,-0.022838477288757764,-0.0162602520947418,-0.021331933882632104,-0.025694889885423122,-0.00486794866147211,-0.016842057784274722,-0.028571401323590928,-0.003952604269303883,-0.04337350089271874,-0.02385322313993188
2021-01-25,-0.01598511274539438,-0.031220428877367423,-0.05216677464407937,-0.003246966565278453,-0.018231050287003003,-0.03005019414982779,-0.020661049818074928,-0.009037892420081128,-0.012105617975088578,-0.020597248988111327,-0.016417110677274693,-0.014705938038939936,-0.00992053367801049,-0.001889194085886281,-0.015194376552422395
2021-01-27,-0.0024730160199678553,-0.031249970896168877,-0.019275219398791954,-0.008468981549464849,0.020632773442757824,-0.0008605122005601595,-0.01054841676175411,-0.020386301838979493,-0.023632283406449517,0.011303875375469286,-0.009070935071895603,-0.0447760779758305,-0.002004025677584842,-0.04164033644165277,-0.029425692243134294
2021-01-28,0.004229230838979303,-0.012096762564130281,0.014781072570564824,0.0,-0.0020214714017665614,-0.008613256330103458,-0.01918985588243083,0.003285882077259661,-0.012998754329551998,-0.026254307857699666,0.012083438545060332,0.0,0.0,0.015141534016430702,0.0026220955003684043
2021-01-29,-0.027108141483377035,0.04693877848919503,-0.022808995578770364,-0.005256291898081966,-0.024307960820785568,0.0026064996622068293,0.043478238219694765,-0.028930247528179853,-0.002724720551431248,-0.015216389164897315,-0.041244867781534134,0.03124996973201677,0.0,-0.022049272880056647,0.009480195353486875
2021-02-01,0.01925562256525981,0.020467839518738318,0.02129395412447277,-0.027080511779148386,-0.01730101282134755,0.008665502439086925,-0.012499993759488737,0.034289136647178475,0.060109216721154324,0.02412597166610353,0.04113266038662666,-0.015151500920837613,0.00803210345718619,0.05968175865769565,-0.0043718466939243195
2021-02-02,0.007517648202953309,0.002865303935632557,0.010264642714681749,0.01357768524672931,0.013380115580320817,0.006013667504831455,-0.016877729710217837,0.023369421272442015,0.021907511472081698,0.028057172506423367,0.04168145819242608,0.0,0.003984003804319514,0.04630790525753525,0.024069138891806174
2021-02-03,-0.005087456028306514,0.0,0.007699639336636421,0.012056406818494958,-0.00347447751369101,0.02903498574756691,0.008583790303785976,0.029739747141582784,0.05044101245811827,0.06333677531930393,0.03270693180786188,0.015384600712702756,0.003968289346717446,0.007176938951465761,0.024773492190588886
2021-02-04,0.049965960132335674,0.014285677955264031,-0.029617916808618805,-0.0006618339335742185,0.00767083064588947,0.01742743978025696,0.027659662338099356,0.021660628734689658,0.015206184962754055,-0.005569314107480849,0.025606419359598176,0.015151500920837613,0.04150206141916257,0.06413302670867749,-0.004648779198334174
2021-02-05,-0.0007884745695152517,-0.017840336825244107,-0.011283416051262929,0.0529800587439615,-0.0200691618077532,-0.009787781878941804,0.014492546538674489,0.004543223747100145,-0.005518469569073092,0.008522257977986891,-0.03022329679324809,0.0,-0.0037951905092028504,-0.02399567959706017,-0.008251751379942607
2021-02-08,-0.012718816257410337,0.014340307646580674,-0.005336581571412036,-0.025157253949300795,0.012005658348541726,0.029653934275105653,-0.008163164301837611,0.008040355429008716,0.015458192936250503,0.026315725884816787,0.01016260017843873,0.07462686779611127,0.0057143367026311065,0.029159732662643822,0.01287265854375752
2021-02-09,0.021251679621918873,-0.006597520932073331,0.0031365637349518583,-0.003225683496042686,-0.015352366778382032,-0.009600057493015735,0.0,-0.0034896214154062077,-0.01678382112996879,-0.008468591886067633,-0.0171024319857509,-0.02777775202268362,-0.00189386566418559,-0.0316666474007975,0.010539522967932369
2021-02-10,-0.005156390041409775,-0.01138518842442049,0.01637459968421795,-0.0019418078886338508,0.02976610387764156,-0.010500729968983769,0.020576121541616477,-0.00100056661321557,0.00952743602753281,-0.001423444508434235,0.0017057652323524408,-0.05714287076677593,0.007590018198156745,0.010900617489941089,0.013803772193209829
2021-02-11,-0.005414388310714946,0.032629572946108576,0.00801489828866253,-0.0019455858425708739,0.06813471090245682,-0.008163325449472625,-0.006048384174578425,0.004646420807073337,0.002752669617768433,0.01568080397899485,-0.005108683954564763,-0.015151500920837613,-0.0037663318666082413,-0.003404996645303471,0.010287486873979956
2021-02-12,-0.005257793171809633,0.06412635369014352,-0.002088156544856612,0.0,-0.03801535941352019,-0.011522691697463783,0.01622707542446622,-0.013874700211099933,-0.00823533968396517,-0.005146209646482047,0.008558228642447485,-0.015384600712702867,0.032135935726502085,-0.0056949264763744845,-0.013626719552656485
2021-02-15,-0.005706511871065745,-0.006113510566836511,0.006116690049731366,-0.012995519108716547,0.016075022602882738,-0.015820065593279753,0.007984220206901815,-0.007816482242409717,0.036773349713523196,-0.0009407361443131146,0.03699963980621512,0.015624984866008385,-0.016483401034720235,-0.0068729441412271886,0.012145152759055922
2021-02-16,0.014536457258391478,-0.029876990260873537,-0.011119142414644512,-0.005266445194546998,-0.011206336619863033,-0.011844461920661464,0.0,0.02941198529097866,0.019832529327691306,0.06166164266384544,0.006219225358953029,-0.015384600712702867,0.0018621247877304015,0.04094588342325167,0.05246281738991443
2021-02-17,0.02406561253528361,-0.0172101069782441,-0.018200949803885424,0.0112508328822305,-0.004666664009630783,-0.006849237280460274,0.0,0.013775218598627958,-0.027674237810492497,0.01995126111894363,-0.013012391176246751,0.0,0.011152515446660294,0.009418320525780732,0.0011593590439049617
2021-02-18,0.004754358161648264,0.02672810614350829,0.02381150113287389,0.03599474881459419,0.010046849611272668,0.018965571772801004,0.017821677124744584,0.040765042477022506,0.007692274674887756,0.028037505884038305,0.016150207432403807,0.015624984866008385,0.02573525664345122,0.021953928107874665,0.07917189461722374
2021-02-19,0.007390672529855813,0.002692974151403238,-0.015934335172266167,-0.005053743151863355,-0.01923083343174803,0.016074363071440168,0.005836573154374358,0.007736837571737043,-0.051144980046907706,-0.018181945965627055,-0.0548168405904208,-0.04615387549767125,0.005376305858767694,-0.021482307082592245,-0.01984982123634571
2021-02-22,0.021248994397019327,-0.0062667586701972144,-0.00965007892092673,-0.026031786401297108,-0.02907354798466666,-0.034970825838349984,-0.022357866399189463,-0.020633286112335614,-0.02131926840337739,-0.031222870288546423,-0.04255289543484864,0.09677425805289541,-0.0035651791885764617,-0.010976920466362672,0.040640469563805626
2021-02-23,0.047965309336419626,-0.0036036000430957893,-0.0033854687999416155,-0.0019557324102673634,0.022284092960803026,0.01380513619042345,-0.012474076740339513,0.013228801276730318,0.001233183483689393,0.005112131123783836,0.0010752254092514235,0.08823527761809191,-0.02868051829222673,0.021642554794560898,-0.026956032452686074
2021-02-24,-0.02244605975751257,-0.0009041797922628714,-0.006131480386512123,0.009144522543369282,-0.007493275396196708,0.11744668263377211,0.0,-0.0019340544702756146,0.02134625729833428,-0.014816596010380101,-0.010025160220719975,-0.04054056579305587,0.0,0.021727353834051444,-0.0032430789136844718
2021-02-25,-0.03489111695356084,0.022624433998618354,0.022759517279441477,0.02977337837005889,0.004804390141875947,0.07539996718493414,0.023158143580682244,0.046511423693502474,0.04300627082036046,0.02154905317951461,0.03833639819000201,0.0985915909161581,0.0,0.020733675611254165,0.06629595671992372
2021-02-26,0.02773463772414342,-0.02300886942418079,-0.012552960678202107,-0.020741555615037655,-0.01775961525132108,0.02832858157904905,-0.00617277636230662,-0.006481424270756042,-0.04431572464877531,-0.05822919129330395,-0.05607809935472707,0.08974356309588605,0.003936954496873701,-0.008854119142542749,-0.029116177278013522
2021-03-01,-0.016252080857625417,0.009963737052294697,0.01857348462048347,0.021180880015862158,0.033379819553817525,-0.006887045173719963,0.014492510021828275,0.010717525040061293,0.02298373941667098,0.060429356803795464,0.02546133951378593,0.04705877865062047,0.047058801864234834,0.028901700332247593,0.008774192690738758
2021-03-02,0.020902695517911907,0.09955162765269021,0.004781634103564247,0.030169555239559775,0.1601614153529649,-0.007628227819800992,0.016326552647691672,0.03780548154414132,0.021679301268782813,-0.009680911287451965,0.0075565868583824525,0.011235998399541591,0.016853998455963692,0.025025382473065738,0.009866259195721039
2021-03-03,0.0098296548758805,0.05872751222780037,0.00742052353410072,0.034167292811045025,-0.023781916843960915,0.004891502675911319,-0.00401593221208274,0.0013326769442578712,0.030478391822628348,0.010886417799846226,0.04464292226941513,-0.04444440205891931,-0.01473293012248289,0.04882920111282907,0.0406221813112837
2021-03-04,0.007098508237125545,0.09938374121892224,0.017934247293291516,0.0005898866785885026,0.002971030790546836,-0.011821905538020316,0.046370862253493295,-0.016858839212897325,0.0011233003345145764,-0.010329632862257188,-0.003418631578039455,0.04651158148692014,0.005607442260163964,0.03847987116483087,0.031501041946005115
2021-03-05,-0.010045181419675697,0.042046209428744374,-0.0072360174333423455,0.034198262826685255,-0.037914827991120115,-0.02955662055964159,-0.007707051204874915,-0.018953231286475414,-0.03851944147576736,-0.02176332428499439,-0.01852494678477412,0.0444444020589192,0.009293679061286753,-0.017840824368574815,-0.033413382241036516
2021-03-08,-0.0009806219689298956,0.04976461175610436,-0.0019014896127577119,-0.015393470398832543,0.07327592345077738,-0.0036258120558753104,0.003883455593548746,0.017019430049304507,0.04045133956640523,0.018034854130691613,0.023767934158946513,0.042553254089081616,-0.011049738773366125,0.015836039242063338,0.03382476837361925
2021-03-09,-0.0046091025320837975,0.04868681609682546,0.0009525932605978227,-0.025477699338468662,-0.03958683319415124,0.014555781223582365,-0.013539779133224017,-0.009498005392371112,-0.009719635486812539,-0.01885081713842529,0.007852329124731217,0.04081628681073313,-0.016759757925527086,-0.018798748240619112,0.0016780276443011388
2021-03-10,0.01667816331379779,-0.04948078057976635,-0.0024584434726260262,-0.0005940926539532709,0.03763438485421977,0.0100433348769422,-0.0117645880444599,0.0013699644735476468,0.014722498399110329,-0.003935132623263282,0.024390484613912466,0.049019608759779176,-0.005681868233511578,0.0032710717376491782,-0.0009570907723007727
2021-03-12,-0.021127692246710406,-0.028920356735474884,-0.004849321978878995,-0.022592236955926492,-0.014392699853951751,-0.007102384359966685,-0.02579375134385342,-0.005015969122634134,0.0245538276690056,0.022774761948300304,-0.0009922220320767172,-0.028037401503044235,0.0019048639667649248,0.05496032797004613,-0.012574928800390017
2021-03-15,0.02800275778361283,0.049636003775060944,-0.008467763329172873,-0.00973234753298391,0.003504697266587975,-0.002861407742706157,-0.010183104336411786,0.012832150467959602,-0.006173089644790242,0.018631950418148913,0.010923592516086877,0.0,-0.0057036420511855646,-0.015010958083551018,0.004608716615254416
2021-03-16,0.02237873924108902,0.047919369420426294,-0.004350643151186051,0.006142484831889394,-0.0005820456854581657,0.03945501632834647,-0.0020576859676159076,-0.008597121226442295,0.014980018113919913,0.0013386250999525284,0.011787835676620562,-0.04807692484037418,-0.0019118920317166,-0.016584569665124116,0.023300638527471884
2021-03-17,-0.045499260352809046,0.04933812595776277,-0.009305696809567388,-0.021367447688291463,-0.02562611619526889,-0.04416840642964481,-0.00824752699733955,-0.027384858292463954,-0.023038254847726147,-0.017821529518469492,-0.02168281565368768,-0.04040400342860384,-0.015325720065693327,-0.058340842433841855,-0.016045166798606236
2021-03-18,-0.024435344884527588,0.02350916484270993,-0.01543736851629185,-0.04741117490835722,0.0059772023360382676,0.012996377286654814,-0.006236848725364119,-0.02580952830139238,-0.02726606307741697,0.002721707046508426,-0.033527236663437265,-0.04210522300318664,-0.013618623888861148,-0.026621460475885872,0.0021583694651536867
2021-03-19,0.049962584161455936,0.03305322913048081,0.009125551520944741,0.003929395685221326,0.0077244183153022394,-0.0014252760238090412,0.020920383918066054,0.0452795040696119,-0.00403203775423755,0.04139337182747238,0.013451307783167943,-0.04395610499304026,0.02564098718995944,0.035803005239360086,0.01890391729383345
2021-03-22,0.049974825428497516,0.04989154282261321,-0.01718180110650147,0.019569514752207917,0.017099019903681345,0.0,-0.014344304429699029,0.012442388537691862,-0.01659941504458473,-0.02888791281569203,-0.027593281572283024,0.045977078272876115,-0.005769109864654953,0.005760846117696783,0.0038751642203023184
2021-03-23,0.049073690814856796,0.049586728006576486,0.012463269290003964,-0.0051185209850935776,0.0005795925596550067,-0.0007140147217071791,0.004158246832386414,-0.010923961994871778,-0.006998695493139251,-0.02035329395983143,0.002514199091145475,0.04395600019366919,-0.005802845133732082,-0.0019091818668207639,-0.014855552586201193
2021-03-24,-0.016975639183710034,0.02706698585971301,-0.0023958302940771947,-0.017363217227955308,-0.03476242813523778,-0.001428570057862455,-0.006211493912492316,-0.024390418566178518,-0.03109440207966807,0.009360600797671426,-0.031171781148759292,0.03157896744577515,-0.0038910851167908156,-0.03156388482859662,-0.006768113031486278
2021-03-25,-0.049986392518049594,-0.04983233702474277,-0.01225671325643074,-0.026178143448796987,0.004201773120871666,-0.005722455159548057,-0.024999845592570624,-0.028301652979988323,-0.027813537187200144,-0.02103589646211257,-0.032913967315656545,-0.040816384124437,-0.01562496451412787,-0.025678962572641684,-0.01793156512197225
2021-03-26,-0.011778670253551615,-0.04992434568467419,0.012828133283590892,0.01276886634496388,0.04602498459668136,-0.0007194841651271267,-0.006410386352056818,0.01165027973930921,0.008362714440554697,-0.008317933581897141,0.004206377710862519,0.0,0.0,0.048656708992377284,0.010590198403726436
2021-03-30,-0.045118944424804464,-0.0498938708303831,-0.013576201025762291,0.015925601505518472,-0.0022856105157501583,0.00791941971401311,0.07741946304873837,0.033589309442542126,-0.030118182231058443,0.031453882235441544,-0.020944233423848657,-0.031914813748412985,0.051587226936093966,0.0014500720813797052,0.01577926542924346
2021-03-31,-0.04560968143619171,-0.04972063735281318,-0.0037765001209071336,-0.010450672743173461,0.0063000981881462526,-0.007142850289312164,-0.02395203584384442,-0.010677805926423645,0.023852868192220544,-0.025751163806734367,0.02022543085813333,-0.04395610499304026,-0.01698111519882295,-0.0033784234402119973,0.005098885869200487
2021-04-01,0.049961600635338055,0.049970627279974034,0.020217291515962632,0.005940665166490611,0.032441708452721985,0.05251787445822753,0.008180062480448003,0.0126701867452641,0.005713983551690172,0.014143268283092869,0.012199777501425979,0.045977078272876115,0.0019194887726945442,0.017433416613683805,0.00884873328673974
2021-04-05,0.0035773476738716337,0.04983199099851077,-0.008752252358169454,-0.021653422013507062,-0.045755235180600984,-0.019138624734072573,-0.0020284692504562996,-0.014828595189692706,-0.02578659988913945,-0.020804660074394743,-0.019208816826140396,0.04395600019366919,-0.011494354306617383,-0.016182684255690694,-0.02678050278653421
2021-04-06,0.025983509078101763,0.049600016276041714,-0.000999647536654158,0.005365344358475133,-0.01039859445881508,0.010452892770090205,-0.006097591499562904,-0.002351893648113279,0.026020577396046907,-0.023114568062165497,0.013056421056669931,0.04210522300318664,-0.005813918718505895,0.013062352409879407,0.004806484975891756
2021-04-07,0.0014651095244995194,0.015752005138986336,0.04002333569168903,0.004002793356139733,0.04378286318445346,0.004138043002342773,-0.002045062255664698,-0.0056578686833097525,0.019239134968922933,0.006452989639147644,0.015163232883993238,-0.020202001714301865,-0.025340920047795312,-0.002387806470561138,0.008610435379164727
2021-04-08,-0.025664564809419477,-0.025512768120122264,0.008337969043146654,0.0073089670400008355,-0.008389231332631697,0.019917504082760162,0.0,-0.004267221208084204,-0.012011760803692373,-0.007361564777569551,-0.012322702284284892,0.010309317880007551,-0.012000283007822188,0.004786967441413381,0.001897095268045268
2021-04-09,-0.019519519519519468,0.002566793921158439,-0.02313741245246026,0.036279668300175594,0.1331076012480188,0.02558920099512374,-0.0061474789308069155,-0.020952333460991346,-0.010855663938961535,-0.00334931178363973,-0.0011344219773067321,-0.020408143405366563,0.014170076955452693,-0.008099127613378165,-0.00023668788903141724
2021-04-12,-0.0499671630592321,-0.04966723945721141,-0.039313138786753465,-0.05346913657853902,-0.0751618762571179,-0.03479975987391726,-0.03298963778759534,-0.03647862607355812,-0.08033373800928878,-0.03432545230257966,-0.0533683836792751,-0.09375005587935226,-0.0159679386123871,-0.11431309322116656,-0.053030476477185506
2021-04-13,0.028001679851174632,-0.023706823241906982,0.0011015186894285378,-0.002690063508009155,0.03928980767459134,0.007483043472152229,0.012792949091358308,0.01564874201787636,0.04964240271050602,0.037782620275580436,0.0475810325670003,0.034482781300221976,0.02434062211210475,0.039587778083940206,-0.007499877399749888
2021-04-15,0.005958426641110348,0.0016555616946729579,0.04409273494746535,-0.0006742130394040702,-0.007250206045366192,-0.012154051698256674,0.008421256598625915,0.007455182508796732,-0.004547808452732061,-0.004550788671111916,-0.022137440879645087,-0.0222222010294596,0.0,-0.017735952547254352,-0.003778275301418055
2021-04-16,-0.012558988330960474,0.011019326013387953,-0.010861712183609762,0.0074222822550531475,0.041731859489288814,0.001367282366476097,0.004175227586038721,0.01085358877153797,-0.003197800326203537,0.00986537209132643,-0.007806461244334151,0.06818175168076968,0.001980304292560353,0.031864049645683235,0.033375511924476964
2021-04-19,-0.04713151826688777,-0.046866517301003,-0.03359821378606076,-0.01808426209194569,0.0040060629408256165,-0.01569969891632106,-0.02079000147069543,-0.03318701982643768,-0.03666371226790566,-0.04122012789405627,-0.012195170714681902,-0.05319149152031322,-0.017786541701210745,-0.03448272761346083,-0.05957927662887641
2021-04-20,-0.011738557012967665,-0.0034305012422848336,-0.010514724403125397,-0.006139226795662034,0.005486269574441538,0.007628344263516773,0.006369459441322389,0.0,0.004281752413204387,0.012425570468329372,0.00039832020827379466,0.022471996799083183,0.0,-0.0021322245043429167,-0.017171869665995487
2021-04-22,-0.012931654419683358,0.0005737365867324318,-0.004541845353766116,0.006863393987448951,-0.011408834518989774,-0.008258765881564267,-0.0021096833261887715,-0.0010095425988346785,0.008053286234418477,-0.0012271519934349273,-0.0019903456213898885,-0.010989052448102776,0.0140844512761924,0.0069444521042205665,0.017207076927630016
2021-04-23,0.021301445273712583,0.0068806724891106175,0.027806365901859698,0.0006816845118728931,0.028600220838447266,0.004857790566990872,0.03171244177065424,0.03638201864268198,0.0037591431439514267,0.037846860263306636,0.00797725999005161,0.0,0.0119047788069222,0.01485414064036461,0.025374270716185254
2021-04-26,-0.002993181623894725,-0.0005694891335976671,0.03291730286087313,0.006812083325071772,0.033170677724710496,-0.005524971432958048,-0.012294957861613831,-0.0014627200093974002,0.0014045527164634475,0.02202235436552713,0.015433604837473247,-0.011111153496636272,-0.015686238057283974,0.006795533210982807,-0.006472122341373288
2021-04-27,0.0050988568843817195,0.0256410702280363,-0.006000565304221661,0.016238077983989907,0.002360684446215844,0.00555566633072635,0.008298765002661801,-0.0034179831539449257,0.014492905451870985,0.003938861172362307,-0.0015587906147970232,0.0,0.013944346094179938,0.0176532380928347,0.003576469417393202
2021-04-28,9.479953371127614e-05,0.04999997880723739,-0.0026921964131865206,0.007989250310925788,0.008949637042086067,0.011049479021111308,0.006172776362306731,0.015188710064279576,-0.0050692332632962245,0.01961695607928493,0.003512952901538524,0.022471996799083183,0.009823004565183702,-0.0005102918996083838,-0.0010181195245958508
2021-04-29,0.0009955900983575905,0.02645502698898361,0.019468338404837526,-0.0026418615935051015,0.017740282678764485,-0.007513482267177185,-0.004089844698013323,-0.005308889732986266,-0.0074108824046761335,-0.0033952027072650104,-0.0054453256859832155,0.021978000096834593,-0.0038910851167908156,-0.003062747031527202,0.005605582775606299
2021-04-30,-0.03485672535445772,-0.02319581775460422,-0.024392161472735596,-0.0013244297568605345,0.005504698121321594,0.07777010316581401,-0.004106921181147194,-0.005822402467852261,0.011666046709070788,-0.00045426248703728245,0.0019553177635553975,0.043010710787809936,-0.01562496451412787,0.012288787731609352,0.004181033947145529
2021-05-03,0.017223600355974034,0.00844326337574719,0.0386544163543765,0.013262551318913518,0.008667919425168424,0.08301385229741665,-0.0061855041874758765,0.017569414779626813,-0.013376533565215287,0.0034083176507393453,-0.005854732579280042,0.09278356596924242,-0.001984144590543857,0.010116312121465798,-0.0027754331633154106
2021-05-04,0.008297130328931424,0.0015697947848638538,-0.012590080809871451,-0.00719906315006269,-0.0031660575293892546,-0.035377227963226066,0.016597340754003653,-0.0047960205173197545,0.0079476828192806,-0.012454768077092782,0.0145269138144275,-0.04716980962322126,0.005964267741207063,0.012018108089879354,0.02239342878720252
2021-05-05,0.01861072978332312,0.014106607438540308,0.015396964072022623,-0.0046142859214940435,0.08348463205875034,0.017114794223832552,-0.0061222012707758955,0.0014457134851029174,0.012523162931189713,0.0006879159293984305,0.00657868266304984,0.00990093307113904,0.0019763020524903308,0.009401254176442553,0.015839810857593006
2021-05-06,0.03292463966010439,-0.0020607423231919775,-0.014452677035583616,0.004635676257184196,-0.024288121493510118,0.0006010114469674477,-0.0020534605905736525,-0.008180902089425901,-0.0027485051184049647,-0.012832135790103116,0.004229466181744357,0.07843139271514366,0.003944896184156832,0.008823491169073217,0.004994465957597338
2021-05-07,0.0030011357779147207,0.002064997751455744,0.048962137798409966,0.02504942123843823,0.002575192668489379,0.04084100340896368,0.0041150903946907125,0.019407919398272577,0.018833154634965377,-0.00394625661226089,0.004593904021228168,0.10000003467906615,0.013752223964187849,-0.0019435833694463334,0.008606031845900919
2021-05-10,-4.5379297322623025e-05,0.01494079947486493,-0.012757689980254394,0.050803883598991906,0.020119686485173816,0.0755911334416508,0.014344210967457638,0.025226091568708142,0.03110921838252767,0.024702768187485402,0.03277438071162453,0.09917353482920954,0.01356583923408361,0.07059389666351468,0.08448491465627805
2021-05-11,-0.02257788907401781,0.005076064479612397,0.007118990656007629,0.055691488019387725,0.013428501787412506,0.06920626776125283,0.07070709769773909,0.0464252357676922,0.023174469875779202,0.016147408407319208,0.043542325967383055,0.09774437384147405,0.03632911257100213,-0.005456954380944845,-0.027039029765886458
2021-05-12,-0.026114294372523772,-0.01565653928724109,0.02965810775455502,-0.015652060199737083,-0.02608694292631908,-0.03763179773338399,0.003773719022815758,0.005323856786489944,-0.014957287453700507,0.011414587361453288,-0.012729596180186653,-0.0479452564828623,0.005535021248428196,-0.025148721756556247,-0.006947497011402959
2021-05-14,0.03643550983132249,-0.016931756161181477,0.006417482293503252,-0.021790305463437742,-0.029336738106615745,0.027632968152776938,-0.028195543996559103,-0.01676947968270781,-0.015618186628904684,0.012834522044353092,-0.004298152081689266,-0.021582679517531345,-0.016513660284719678,-0.047842372567699964,-0.017547917079163478
2021-05-17,0.0499976103142874,0.013048016805374152,0.01742418670146706,-0.008428815121820254,-0.006132278825045745,-0.01674271116895787,-0.011605474560092643,0.0013463520965870668,0.018951210347600167,-0.0019661246258163567,0.01834553015347895,-0.02941180595477033,-0.0018657712700094198,0.019211766733754798,-0.0003501439809985296
2021-05-18,0.049280100866015975,0.049974205099430735,0.0059029497955378485,0.025500865909749093,0.02027322737792958,-0.0030961452969392456,0.0019570166804299127,0.004930533918109825,0.006920512110414334,0.02057768472811783,0.004945122638651656,0.045454575010568155,0.0018692588795230503,0.018366453765777058,0.020319949698732964
2021-05-19,0.03745570336939519,0.004906790264360694,0.008041719703984596,0.0017763570841893284,0.017710661415992535,-0.0289853951439053,-0.0019531942467089225,-0.0013379450861935593,0.00042938332943420754,0.0027885546551291718,-0.0031633058562244853,0.014492739601511984,0.0,-0.010441449791357194,-0.0033192382284679134
2021-05-20,0.020262896053693025,-0.022460893298556495,-0.017392513849689095,-0.011820391729606583,-0.003395631427449919,-0.03464819827274557,0.0,-0.001786752861220764,0.004722989944093925,-0.0205346205200867,-0.006699566469726581,-0.014285700661795464,-0.011194293865524951,-0.012470038814704099,-0.01067966647928753
2021-05-21,0.02391927822036033,0.009989952598290941,0.008411199841261485,0.0011962095575941412,-0.0025553170152272653,-0.031474432013363196,0.0019570166804299127,0.00984366597573505,0.015811986393811095,-0.004367716576230141,0.02378416294294916,0.036231883557196864,0.005660512371680415,0.018941333565784646,0.046082222876119294
2021-05-24,0.047529250554775304,-0.0004945711781123574,-0.006527730386267638,-0.006571084928659432,-0.0017080656678599704,0.06898526089905022,-0.0019531942467089225,0.0004430446691554568,0.004207084343683443,0.013380029385441583,0.002773926081672151,0.04895103496003261,0.009380861779988203,0.02287893433726773,-0.024078931385970725
2021-05-25,-0.03431423112338772,-0.006432417944366997,-0.003942619188179397,-0.009621257906282987,0.010265390566168486,-0.010666746189721743,0.0039140333608598255,0.0035427877400215912,-0.0033516989070689895,0.00822506133054346,-0.010373623363251983,0.04666665395100922,-0.0018587524379499731,0.001397894284346446,-0.011483792167981566
2021-05-26,-0.03777821907100054,-0.011454160513456713,-0.008062631247346186,0.010928987616170449,-0.02540224145417369,-0.024258693987813662,0.0019492089007115965,-0.019417432586875893,-0.007986256394392321,-0.03134373925384415,-0.011879937501357185,0.044585975654091614,0.005586558214087045,-0.012564003505415422,-0.022659369385943484
2021-05-27,0.001581527786344683,-0.041309807509610996,-0.009827864244785989,0.005405470089739017,0.005212689101192547,-0.025414341064236456,0.015564222360332725,-0.0072007037568219134,-0.007627100009528487,0.011967855479400269,0.01025471926166932,0.048780558720578515,0.0055556047877918235,0.0023562992419199347,0.011886381833156046
2021-05-28,-0.02183011601691487,-0.03363117571751839,-0.004477619557042067,-0.031063357616367693,0.0038893963824337963,-0.0039682025968843515,-0.005747155561667938,-0.01223934004943339,0.029034941326150587,-0.012483657824809091,0.023101091442252253,-0.040697716970323206,-0.005524910568186936,-0.009402891240827271,-0.0015117501058169447
2021-05-31,0.023608701846538294,0.00598154507897819,0.02653678400027859,0.0,0.013775274100532808,-0.01707454177363843,0.0019267628012187288,0.014226613914824604,-0.0016601820675758994,0.0008870892668504382,-0.0017103860822760275,0.04848480224609375,0.03518508288642663,0.010441374407815118,0.008386694065464217
2021-06-01,0.00224735669924625,0.030810794314822587,-0.006572198102561377,-0.008014832899161828,0.07006378490032117,-0.004632500090664626,-0.009615287627569802,-0.0027148847472484583,-0.009559252605987001,-0.005539374539282993,-0.0030842683008875937,0.0,-0.023255782323374885,-0.016909349108717886,-0.000808520098439014
2021-06-02,0.022619093580545258,0.011012113014259084,0.010952542311492008,0.030453679812914025,0.03849205970164915,0.04944765393704498,0.0019418163590456672,0.008620608022742449,0.02056232729998686,0.013591858866754514,0.019594232634179365,0.046242842756628155,0.01648358174186071,0.03296701795626311,0.0071675163723996516
2021-06-03,-0.009924622195308319,0.04512442432055397,0.005307961410836448,-0.011459634426532861,0.04050441467442578,-0.0066520634259932265,0.005813805485451962,0.0058480846948201215,-0.0069901703961801065,-0.005056238375288458,-0.0010114515308607963,0.04972373478244063,-0.007207109927806377,0.00508794962007153,0.008608791597238596
2021-06-04,-0.007498658971940131,0.049627792502803914,0.011283204128064384,-0.00061004150946109,-0.007711962254139282,0.019531372250279455,0.005780376283373467,-0.00044736944880952034,0.012008418948842525,-0.0006626822502195928,0.016874724031789468,0.0473684009752775,0.014518858867497153,-0.004601847843867857,-0.018094950701580292
2021-06-07,-0.00970837691451365,0.19999998196360602,0.06229420968546551,0.021367553460928335,0.03737952625187657,0.03995603228098177,0.009578534353007262,0.0416109559552611,0.029050510219565506,0.044660617252539225,0.01958190757428291,0.04522611235088769,0.016100323158543484,0.04808119624604612,0.0690774696664258
2021-06-08,0.0021346984182346596,0.19582353762981786,0.020938651018299392,0.02032268203356269,0.024616597998796452,-0.012105119897909633,0.020872740465435635,-0.0017181303646355284,-0.007952165912428977,-0.009312272498431584,0.0068360470835673315,0.04807692484037407,0.024647868471212808,0.03264234499634666,0.015828375285700913
2021-06-09,-0.022405446191508527,0.00395383625622725,0.006330756824462158,0.0035150483694690315,0.01218662189711428,-0.019712420779738893,-0.013011022258152205,0.016350881891872726,0.037274626398141164,0.034394479057218375,0.06013564806055771,0.04587156123840486,0.0,0.06492949872241449,0.013233734761964655
2021-06-10,-0.004559596741915195,0.011486721015983914,0.01592410000149158,0.008172747434846528,0.035775707129456435,0.098369521077045,0.018832372626251592,0.003386952721479153,0.01043279400672592,-0.0018585919031728348,-0.003964547839346633,0.04824563238062374,0.01718212873571523,0.02366619840734918,-0.008110436481576389
2021-06-11,-0.012809119439096017,-0.03763789289092412,-0.011159245629146386,0.023740629075255537,0.01992686266235877,0.05541814458466354,-0.007393640541767499,0.0025317558659683215,-0.00191219191475267,0.01924242151377431,-0.011635099160968276,0.04602512129819747,-0.008445869506866432,-0.014890232428509398,-0.01316768608421659
2021-06-14,-0.003941797610481301,-0.04989883849798671,0.0008479680694222225,-0.016402834100538,0.014001931541149037,0.10126596727269499,0.0,-0.005050493376038356,-0.007279527510032691,0.009744433665664243,-0.018587234841917932,0.04800003051757806,-0.0034072610675414117,-0.018297588194238656,-0.012590127704347753
2021-06-15,-0.0005771895688811979,-0.04968061048151007,0.020269762035010963,-0.003450267076635205,-0.013808584683727254,-0.000851425256285343,0.00931097700029171,-0.0033840868924598366,-0.013122417871849423,-0.004422977638720571,-0.012626450597546413,0.0496182900459845,0.013675258499608933,-0.010129602170633634,0.008173398513423358
2021-06-16,-0.024294631544412026,-0.04966392418239518,-0.014373214186976235,-0.010386637904705065,0.07424302377787395,0.031103468391830313,-0.003689999327637472,0.01697788911431264,0.010950410787745835,-0.022011504834834383,-0.002237794882140931,0.04727269952947433,-0.013490768749599757,0.031109316391480624,0.011350123381221433
2021-06-17,-0.049968273587772116,-0.04990178466371831,0.01160145900410825,-0.010495652446237735,-0.02364369032971858,-0.05123968903280274,-0.01296308386898537,-0.02003334306011173,-0.017408236161284174,-0.009498008379257072,-0.03684698506564954,0.0486111653807737,-0.017093862887642364,-0.003617473105719582,-0.022231646453035547
2021-06-18,-0.04992655574870064,-0.04962782248942277,-0.020374244730647195,-0.021803048706468764,-0.019248685356160533,-0.08362368700937794,-0.0018760680919273076,-0.032793926860564815,-0.0208660449258522,-0.0285597685965312,-0.021623583609431618,0.04966887291740596,-0.008695727924206809,-0.02016941861058208,-0.0044818825196160095
2021-06-21,0.049974214927441585,0.04960841251984327,0.0015698155284487036,0.008433789388638369,0.004748421226886235,-0.00903044950577736,0.0018795943388922876,0.039189916675789416,0.00040193188656112433,0.007940119383462063,0.004420477179678972,0.0473186108485415,0.010526251368370376,0.015232646426568408,0.017568940197791427
2021-06-22,0.041484520463194174,0.04975119460356359,0.013190544144354055,-0.004181524228818678,0.021424087064387365,0.039328500746825146,0.011257007551593423,0.0025423279805563137,-0.005627103132165856,-0.003406630076825512,-0.018280376577153534,0.04819272401665553,0.003472252956423061,-0.015004094362198073,-0.00992783764580496
2021-06-23,-0.0010707555027056337,-0.005134248117434792,-0.01392110066186858,-0.015597053512270587,-0.0043183195686533615,-0.007383317913646659,-0.009276344437417317,-0.008875776731054219,-0.004446073050392352,-0.007690668616424867,-0.0003450905807695914,-0.04597696865513612,-0.013840797786066616,-0.005763684852167383,-0.002724663851848441
2021-06-24,-0.02268153555583674,-0.04962286516468961,0.0032026002851408553,-0.0012188071315842874,-0.020136267964746435,-0.0455603126672971,-0.009363371534622855,0.00639667121711085,-0.005278051399735473,-0.0047361018911313835,-0.02483606545881334,-0.04819278146691419,-0.0035088027638568997,-0.01573494179549373,-0.010066402485942372
2021-06-25,0.024173071868430984,-0.024644951521556657,0.007166551746487615,0.01464321609740038,-0.027189332136413835,0.02873844542737891,0.005671192734334474,-0.016525558529823403,0.008163460917184784,-0.001298086773900975,0.014149179570710713,-0.04746835385735004,0.010563473436360216,0.018931407620108365,0.010168841092255576
2021-06-28,-0.04060828821080531,0.012419657534946005,-0.002975571530303589,-0.0030067082098031994,-0.0016249875244807033,0.028409063805550527,0.00375936014232936,0.0008617350287440928,0.005262985887133587,0.004331997199013227,-0.0055806485922519355,-0.04983388641162401,0.003484195133627077,0.011973608665597935,0.0008848916721686528
2021-06-29,0.005759765488955404,-0.016074414999054376,0.00869377760147061,-0.006634497695167774,0.05891914596977377,-0.01841626648446837,-0.03558050435131532,0.01248388741094919,-0.0008056865234494781,0.017899536895509938,0.003156852404951893,0.04895103496003261,-0.04861115316843856,0.002039995875460221,0.005415572202224661
2021-06-30,-0.0012430297020045167,-0.02450557563264566,-0.009583800972858936,0.016393534021579947,0.03135569711052977,0.00609759507202301,0.01747581585778324,-0.010204057804780176,0.03829098563056754,-0.015254243337421869,0.0388112446243154,0.0,0.018248255900452204,-0.005700449166752497,0.011542204343446105
2021-07-01,-0.04996006046978352,-0.049801720648666614,0.0007143382072021254,-0.011947596503301017,0.03934434839287504,0.0023310393728659395,0.0019082032633819246,0.008161433792686301,-0.03824902215419501,-0.006884709525196042,-0.020195472980508944,-0.050000000000000044,-0.0035842609906250322,-0.006142415067527773,-0.003912241544960948
2021-07-02,-0.04996721794583303,0.014842286769520152,-0.011681445583146433,0.006650647681595956,-0.034700448674815254,-0.008837161970979057,0.0,0.0012783221125232114,-0.007380135087901918,-0.012348282841983749,-0.007557320890237862,0.04561400831791396,0.0,-0.003296321998612073,0.01385555938998806
2021-07-05,-0.04998522664254035,-0.02376593100366553,-0.01405206634212497,0.03063065031716694,0.005050556038840082,0.0910369821316106,0.001904916460200079,0.009361640931612847,0.017348312834479573,0.01030915375132424,0.009691888926171899,-0.04697985417359252,0.012589878579960745,0.040926147145382785,0.009146728730855092
2021-07-06,0.04997150258362448,0.04775273975978833,0.008924534593653277,-0.014568815227671061,-0.023943179766702127,-0.020214999404183698,-0.0057033636969346935,-0.008010118792231236,-0.013398003839374839,-0.0065132467384428905,-0.008913296270927296,-0.049295761877997,-0.0035523500369541994,-0.023034215947970726,-0.0035188633736751296
2021-07-07,0.0042458531651135,-0.018766760144934613,-0.005874985715861647,0.005913947812466347,0.012113890351596934,0.031606789653622513,0.017208323126412628,-0.001699875761551839,0.002057352305655291,0.009396908841731832,-0.0038047002890667647,-0.048148119891131325,0.0035650142153338393,0.006910495742280531,0.006848594412776299
2021-07-08,0.011405571761783584,-0.009562800238053781,0.015936218551295234,0.0058787712362806666,0.0,0.03829775984177708,-0.01691720637275418,0.0,-0.002874761081181454,0.0008660393364823271,-0.0038196346707348727,0.04669256108821873,0.0,-0.0036334115783398513,0.0017004485364231492
2021-07-09,-0.00899236842508122,0.007356314823545151,0.038104624888370076,0.0017532125944943466,0.004189011576671842,-0.004508157969819071,-0.0019122006283655013,0.0029799258911487048,0.0020591538351673044,-0.0038935770781819423,0.013245014342489592,0.04832718077488973,0.0035525883484126553,0.00850900373024932,0.008382048996277147
2021-07-12,-0.014910743420639028,-0.01232316109740017,0.017439933377921157,0.011668672650958944,0.01877243198457723,-0.0172910489506235,-0.0038314661659982763,0.00042435009590024997,0.015207825864067992,-0.00542901074027291,0.012383957219892494,-0.003546112722136785,0.023008733275338367,-0.005222999653279103,0.0027356883301705714
2021-07-13,-0.014937263311751048,-0.013401063602498708,0.05228971702575613,0.013264043093677014,-0.016671610186454577,-0.007959879550862858,0.003846202761747408,0.01739501304589086,0.006072836854154495,-0.0015283595173617437,0.010193462542560372,-0.04626338529398932,-0.0017301190671655808,0.0020193348252415255,-0.003882542063538774
2021-07-14,-0.009603720059408682,-0.01592506541044314,0.0032343801265370953,-0.0034147227018168635,0.03063653623302076,-0.013935762510231209,-0.0038314661659982763,0.007089358671084955,-0.00281702249516691,0.00568549719320699,-0.004708636107306097,-0.0037312864540238744,0.0,0.004030783587339215,-0.0030548668970736825
2021-07-15,0.016433576998399868,-0.009043338028927206,-0.02667072117943714,-0.010280060531592805,0.09033186705993712,-0.012847881355139923,0.003846202761747408,-0.0037268319086007917,0.014527861423829336,0.001957024519926076,0.018925219335782062,-0.018726591225196487,-0.012131667948935942,-0.0008029707018978316,0.014581502292120518
2021-07-16,0.012904234563783978,0.014889503865816556,0.0094548801641694,0.05077918529480896,0.027263111693732744,0.001735283237765728,-0.007662757582678759,-0.009975039953347253,0.01471762926714626,0.014973889013034647,0.005970175418994028,-0.007633616683796363,-0.019298415201213226,-0.002410595831142781,0.0008332407079052473
2021-07-19,-0.029247012626740343,-0.033128200823147824,0.0041165367753825954,0.04393194034338088,0.012625686303299188,0.03421394820243062,0.0038608763764096388,0.019311497582565895,-0.0035279055508478097,-0.0029933233655939917,-0.0016485453074196466,0.026923106266901975,-0.00894438396022501,0.013290377829379807,0.0012486442112846774
2021-07-20,-0.03477510900181102,-0.04992660022159978,-0.02834053027988226,-0.028932128753031194,0.025699695655178045,-0.051507522141441386,-0.013461402678597634,-0.024299799138510103,0.003540395732605006,-0.007934784613028212,0.0,-0.033707921354374615,-0.010830420209163694,-0.031796566818775185,-0.011224276364855346
2021-07-22,0.04565657129269374,0.048943883070978744,0.008621767109413314,0.05308771714782323,0.07789634942383161,-0.0044150807522539415,0.013645084657759377,0.006331713047039722,0.010191884482131153,0.00843068930226143,0.008256145665252568,-0.038759691068654956,-0.0018247521396705935,0.015599295334959074,-0.005675881052507381
2021-07-23,-0.008095117632178073,-0.013261318746051298,-0.007760046222716088,0.012860036688469467,0.10817023545230042,0.005764998605698679,0.0019231452362333812,-0.0058725085399491395,-0.003104132983407948,-0.0010719873067794872,0.0016378411507160795,-0.04838705211722627,-0.0073125970704153165,-0.006467209928618378,0.0009514756037800609
2021-07-26,-0.03881661595814201,-0.024888003793050895,0.0237063683671499,0.03504320478280398,0.0012460492436465742,0.007495620632339106,-0.011516285374446267,0.007173037923964731,-0.005060437502617643,-0.0012874790459866947,-0.01406147122695256,0.046610184902091234,0.007366465061241501,-0.002441061920333998,-0.012778573240137314
2021-07-27,-0.029452345192606977,-0.03266969804305453,-0.005431222664698421,-0.024533854970300917,0.056682705216621,0.031947415153261716,0.005825271952594413,-0.004189234585172175,-0.030907817518289415,-0.0036527232802326948,-0.03714751200469435,-0.03643730761455255,0.010968854725262656,-0.01182704930167966,-0.019469465333443514
2021-07-28,0.03411888215926617,0.02427435704236358,-0.006540983484913276,-0.009054259058376979,0.0033650360273984603,-0.006785405084154594,-0.003860964425769331,-0.017248572625007563,0.013726443823454337,-0.01617433321680095,0.0006888676250722536,-0.04201680806959163,-0.0108498443587004,-0.006603333437357861,-0.00807323017034045
2021-07-29,-0.022577101538513222,-0.017001541798056907,0.012382933913361427,-0.0030458677803334444,-0.013414817469567741,0.023911164733290358,0.007751770110813627,-0.00042821830073669354,0.01632802287086399,-0.021481996748585974,0.04234079352786235,0.008771963580347819,0.0018280879470635725,0.019941812238722045,-0.005279357262196194
2021-07-30,-0.04543979287534883,0.004716989148205952,0.0009545288138814723,-0.014256358629883503,0.009998017704884177,0.0362803055351677,0.009615375338289267,0.012419730534985574,0.018417088272286497,0.02240134471593236,-0.001981578541521367,0.0478261035421621,-0.005474338030539205,0.018329921200368693,0.006634239732040914
2021-08-02,-0.0069703768151352374,-0.03129892431308334,-0.018776759448015823,0.028408986163361627,-0.03583455333668495,0.022937637066071215,0.009523800422579276,-0.0038070009507628066,0.028087488840126573,-0.0008763223559014044,0.03673050079882767,0.049792482846327646,0.007339431924571649,0.06760005582362938,0.022407637568029104
2021-08-03,0.01683501636590634,-0.01076999778554455,-0.02758035601588449,-0.012556720309754077,0.006776165857289129,0.022423167448934134,-0.0037735469112120112,-0.0008493714449187006,-0.011975848994219884,0.020175478226616805,-0.00734115257495116,0.04743086162554655,-0.0018215911131183038,-0.006369417766422414,-0.0020411164441752616
2021-08-04,0.008137837918197777,-0.017419792463450157,-0.014993466064206373,-0.028484153678592583,0.007750363206789457,-0.03155050425891426,-0.009469514880857566,0.001699875761551839,-0.00909085400430143,0.004585860978688183,-0.007073935106819196,-0.045283047658092546,-0.0018247521396705935,-0.007164588914585712,0.015717380553780247
2021-08-05,-0.009463897755327966,-0.02326870327127739,-0.02245188279646515,-0.018324544165477796,-0.0036429735606702263,-0.1326975942908103,0.0019120262132035215,-0.011455078203886249,0.0072630840357335025,-0.00028537363970648766,0.00453375142255763,-0.03557310852452178,-0.005484427362631328,0.02202828793569367,0.0030737180978843703
2021-08-06,0.023492342837478475,0.049914980715005886,-0.00012981955871438355,0.01599994381899439,0.010969006789480318,0.03252390032359376,-0.007633770506243587,0.00987116204959304,0.013662056441919646,-0.0011415199252168273,0.008704053656164001,0.04918035990574876,-0.0018382514644147419,0.0044592887897261235,0.00390954671325483
2021-08-09,-0.004392949375240152,-0.023770963188377903,-0.0025954517988087122,-0.03989498438289685,-0.007032429665671969,-0.007098410729851179,0.007692493234214393,-0.008074954499846854,-0.01609887124844278,0.008285627906696957,-0.019814807733502526,-0.007812529685906622,0.001841636856062312,-0.022937567832662986,-0.03925903044784418
2021-08-10,0.002040744190618504,-0.049806288529604115,-0.037798501923239636,-0.05248781835237837,-0.04957501349461668,-0.05585342360858625,-0.01908412162156281,-0.020137001419492928,-0.023592009396274816,-0.021819187259124018,-0.0322791069826458,-0.047244050142243865,-0.01838243243254356,-0.015145632636613171,0.00010972141376708322
2021-08-11,-0.007595799459068853,-0.028538134475298627,0.022177091049238484,0.010963690006251303,-0.02767720847335864,-0.016564229579440037,0.0116731224029607,0.02273723895098012,0.004676510989770621,0.021726602006538975,0.001684551490611863,-0.04545455978473756,-0.0018725920496369675,-0.0034602522745262876,0.0016428941986676993
2021-08-12,0.013533014095431284,0.01918463363126688,0.0005954015223912368,0.019406504679285286,0.048609516396633135,0.0697787732898929,0.0,0.018811571361571966,0.005818528875810802,0.060391183045042984,0.015809189806495816,0.03463200103244524,0.009380861779988203,0.031249920562128386,0.024387639329513933
2021-08-13,0.00590999595793229,-0.0005882487577550943,0.033053514370368964,-0.017917109142568277,0.0012529098438551767,0.009896450586860617,0.02307704114904552,-0.007553601089933526,-0.010027100405834433,-0.01203209450008147,-0.01442938485937284,-0.033472771959388914,0.009293679061286753,-0.008230338193102926,-0.008754064459412736
2021-08-16,0.006691355214259342,-0.022366048610110933,-0.02143734561255517,0.010262280673420943,0.03149114234140815,-0.038752785130414025,-0.015037526301589499,0.005074061496405324,0.029996192542368627,-0.021921603282017976,0.03404801883356301,-0.047619063346515,-0.007366547424249248,-0.0033949891451480196,-0.009262255540545716
2021-08-17,0.012537125734598753,-0.0373269606532709,0.00026163230009101923,-0.025395139027809432,0.0115244094283522,0.0166821753004458,-0.0019083773456938236,-0.012200281289012516,-0.027609644468190475,0.014111896481100894,-0.02798811046686356,-0.050000017339533076,-0.011131658299129321,-0.007570068019455256,-0.008261795706703712
2021-08-18,0.006030874271548914,-0.033145699847257015,0.022554815727000577,-0.006948582017957006,-0.019588249096286314,-0.001865780728862898,0.0019120262132035215,-0.007240245971410042,-0.00272279314359114,-0.014461209106868766,0.003048845007386447,0.0143541220040595,-0.011256967009362073,-0.004958065227932074,0.008659372012436162
2021-08-20,-0.007055728821286467,0.0019404743141764325,-0.04379517540846711,-0.011078660062412427,-0.03404691402666116,-0.02570088746351118,0.0019082032633819246,-0.020592051825661706,-0.02964124247818989,-0.011074173878609095,-0.027693189137189433,-0.04716980962322126,-0.015180313480996577,-0.03257948894421758,-0.015214051756583746
2021-08-23,-0.002350751968014486,-0.049709458713166454,-0.021462880136361884,-0.028891493171012472,-0.04980996153129558,-0.034532270491177575,-0.00190456895867952,-0.006570227207025936,-0.010048102630005884,-0.016517108468466768,-0.023619474963519793,-0.04950494862528321,-0.019267733575717094,-0.00990491015259043,0.0009931892284209543
2021-08-24,0.01719058252372596,0.049592359306639855,0.050768670454225395,0.006678808232996047,-0.04087078237960762,0.02980620744268725,0.003816754691387647,0.004849854848224311,0.017052481058473123,0.005408252642873146,0.027392523339714314,0.04687497826914089,0.011787746061664661,0.007603111956222097,0.015213243507590457
2021-08-25,0.04996315846807353,0.04983815621975585,-0.012095276611097883,0.0,0.04979150592320036,0.0014471636842414703,0.003802155754418557,0.00043900892750570186,0.0047901835536618975,-0.006228513725504814,0.005886516954942911,0.04975124283688581,0.007766971574077131,0.0011913540665409172,0.02649570681058222
2021-08-26,0.04944083192173787,0.04993843449944624,-0.003027620959934807,-0.014475201200625731,0.049856681255532775,-0.008670513606546804,0.0,-0.010965027265626981,-0.00953510421357584,-0.01367534583943919,-0.0079175162543762,0.04739336407207895,0.0038534260747635773,-0.003173350501805672,0.0010579860058250734
2021-08-27,0.002532394799287685,0.04991182852902876,0.0016504229220333233,0.0012240283638671468,0.04727882438588482,0.011175894746896509,0.0037878405050499886,0.005765096062066988,0.013236984318618195,0.007221205010692344,0.015267065512923894,0.013574625877024404,-0.0019193170908581303,0.012733810852280758,0.03170238360615274
2021-08-30,0.010723477515778956,0.04977636122880624,0.041658464682399865,0.0018335861212548377,0.01203858206370545,0.04661219184047738,0.007547265934027658,0.013668257077662505,0.02771197361550448,0.006596116955278619,0.024265296606480247,0.04910716072333132,0.007692375835515852,0.014931129744887306,0.005531190274444597
2021-08-31,0.007544678817556605,0.04954716475731957,0.01733841582583162,-0.00122008301892218,0.04936558908895261,-0.00045918251649945674,0.009363200712260822,0.008699495291350168,0.011760020482458833,-0.0008548262889342961,0.012345588116475126,-0.02978726650806185,0.0038168274465397722,-0.0007741888463237423,-0.019048668902792443
2021-09-01,0.01071753030733924,0.04974616773010232,0.010885168049570515,-0.0012217851144153968,-0.03532971833427068,-0.014239765248810321,0.009276598294049476,-0.004743196211000833,0.0019374999815808813,0.001710965173197243,0.005932981815691685,-0.0263157234297543,0.007604374260336222,0.03370789658397633,0.01318803014165626
2021-09-02,0.005139772649423113,0.049806516639126386,0.009967922536372242,0.002446347465265619,-0.00450451111121708,0.01724149004692266,0.03124993187909242,0.009531999291816584,-0.007734228973337087,0.0005692227116640414,0.002293375548344523,0.04954947911341634,0.015094474635831467,0.0014992828162008198,-0.005739539952002715
2021-09-03,-0.0036854471737013395,-0.049746659108727886,0.010600730913285394,0.0012202944351444867,0.0033444518349516894,-0.0004581307573581217,-0.012477672854988353,0.0042917173493073335,0.00194862838142007,-0.0011380973017028895,0.008499564154940797,0.04721031834713907,0.00185866930948686,0.0018712685594473033,0.0024739326210476698
2021-09-06,0.029037800085997212,-0.04992723321364401,0.009946839654265682,0.005484632092129349,0.006666729890122625,-0.00458303137614946,-0.012635414726819283,-0.0047009418313409546,-0.0015556933791958105,-0.008259894596679751,-0.009724306446721176,0.004098376353816935,-0.0018552210670271796,-0.012327351676331366,-0.015218489508754818
2021-09-07,-0.002426377148393666,-0.04999997567157399,-0.004536438397649167,-0.007272848312973923,-0.008180825664113156,-0.012891343687424506,-0.001828134967973627,-0.005152336088330989,-0.006233160727185938,-0.006317953224150297,-0.012438759936135635,-0.01632651504205196,-0.0074350097518000036,-0.016263145690719738,-0.014931491942097308
2021-09-08,0.043466508605569,0.04994620601023758,-0.004676979268148029,0.0006104138872702336,0.044579752302094766,0.020522441603752606,0.007326016199583396,0.011978844604269456,0.036456454743233335,0.016764656388827515,0.044415123978175375,0.049792482846327646,-0.003745267850427836,0.02460597033145806,0.023001778329548195
2021-09-09,0.04977113002980138,0.049104911983905986,-0.001445850037923968,0.001830441652716619,0.049821476990882685,0.012340064702678344,-0.0036364094720957585,0.004384092746946067,0.02269274622677786,0.003760488178105481,-0.0015868006704432558,0.04743086162554655,0.007518947426382372,-0.0037523673043917682,-0.010568808967886145
2021-09-13,-0.025288869801232017,-0.019502662801875625,0.011463055963413682,0.014616356002451258,0.049964018360638685,0.03747180734215849,0.007299195956528504,0.003928227523759098,0.02588738282405978,0.0023055341914521854,0.00476778564767355,0.04905657498341687,0.005596813178230908,-0.01280618475659201,0.006911697770654923
2021-09-14,-0.030205811873696975,-0.013426178496717234,0.050820008484156576,0.006602639058920667,0.049974464265832186,0.005657084579651528,0.0,0.007826255895670764,-0.003244182745452018,0.0011499667273418002,-0.003796165649677885,-0.003597067513145258,0.011131824247612387,0.014879990969163481,0.003120128323311544
2021-09-15,-0.019531993009685222,0.003024166606901746,-0.0005674661530261638,0.027726471489487592,0.006985178279535376,0.02206829183229031,0.012681196841503928,0.07161328639413855,-0.005786533545095396,0.021826573423041173,0.024452234243629523,0.046931379106669446,0.007339431924571649,0.05300745396679507,0.01378964679776451
2021-09-16,0.0378899463971627,-0.009547765713557865,0.0019309698752951743,0.0,0.004516728203501907,-0.010160850081038841,0.018116057025510113,-0.0016102530798178805,-0.008003068745356168,0.008712636670859641,-0.02061563079811568,-0.031034469604492188,0.0036430193005076994,0.0014280923200244988,0.01247690008375768
2021-09-17,-0.014021308999910609,0.019279608613203658,0.04529230252925465,-0.01378899437820702,0.038863132069344886,0.026090675551131204,-0.014235028308896003,-0.002016152487339662,0.014301686262167657,-0.003622109461662859,0.004798759223063165,-0.021352326452827808,-0.012704204426987387,-0.016755959674914278,-0.026464529426388328
2021-09-20,-0.019163213167949222,-0.04977600758610179,0.008134426986347254,-0.01094220332464646,0.022723760273532623,-0.04501886056858717,0.009025165835339077,-0.008484875436453265,-0.035068720480369575,-0.01006715414292736,-0.036612615449107655,-0.025454573197798314,0.0018382514644148529,-0.026105759976628673,0.005395165499739063
2021-09-21,-0.009238450264456022,-0.009429036340336538,-0.044109725412346035,-0.01782422661064942,0.02176533322164853,-0.000436462479482147,-0.017888962117757368,0.011410003694739768,-0.00037485660262503995,-0.006214592462832069,0.003965742729034494,-0.022388003403051693,0.0037243273951708122,0.011541487866509215,0.013415884373531473
2021-09-22,0.018604531600494578,0.014278184026565333,-0.032639350881983664,0.006883557885074554,0.005029633487881657,0.019650749203219187,-0.005464581291461101,0.002417361663825668,0.011994112563393555,0.004832248753613655,0.004608221817326896,0.02290070445226111,-0.003710590003922709,0.014721974711914276,0.003971449834853535
2021-09-23,0.006701328909409776,0.011991633919539613,0.0023270109173660902,0.0037290086295656,0.03297024392542558,0.008136941109703866,0.01648365607856417,0.014469479039914024,0.024074000862243983,0.008486523407560398,0.018348426975101972,0.011194072871252958,0.005586614642331567,0.042074605630234796,0.004462982872367682
2021-09-24,0.0022625285126391947,-0.012364748738015185,-0.023795644518471493,0.001238419536628843,-0.0024224099194933846,-0.0212403269687913,0.0072070418359970745,-0.015451702800468148,-0.02242318428069967,-0.011780963109968234,-0.018017828170662553,-0.03321031755946657,-0.003703718513475951,-0.03167416021151559,0.006866691240988043
2021-09-27,0.001432455525096188,0.011997889479445023,-0.01961961509282728,0.0043290034312020165,0.0,-0.002604140887397688,-0.007155472049579337,0.020925582766052386,0.004439540491753435,-0.0008516603044215199,-0.006553109168816018,-0.007633616683796363,0.018587353286997788,-0.002516145454635632,-0.007321338742773964
2021-09-28,-0.007759288699767275,-0.010309219563065741,-0.0018192022868412927,0.004310343937506955,0.04785039844281225,0.01436017078858809,0.019819831663381304,0.0402050138121286,0.05414369305079503,0.04517022520779479,0.050791410662012426,-0.0076923370361328125,-0.007299219007449009,0.009369402901963086,0.016872150982912615
2021-09-29,-0.005111381027468331,0.02395828469760075,0.0528554069090863,0.047823528873544685,0.04975463136175806,0.03217513971179842,0.03533567358118006,0.06593395395123425,0.008036308632947797,0.06034259052703295,0.019146442501848826,0.04651165885368336,0.04227941757203735,0.08247056722899448,0.02613019112328363
2021-09-30,0.006981909279777154,-0.012207516428325738,0.05654930147695936,0.007606771233198639,0.012595716472593166,0.014962581951401654,0.018771265480039823,0.008531853184685412,-0.014904812161980807,-0.026403315347925393,-0.027718016876878138,0.011111082854094345,-0.007054779402621336,0.04716349600089331,-0.021979078242240657
2021-10-01,0.0038811035556785,-0.0015448345276851683,-0.0016384772117831181,-0.006387974797865348,-0.012054331967028431,-0.015970559802785944,-0.025125637997351236,-0.013747013494213145,-0.01548209739467643,0.010268499408695897,-0.011086345661414088,-0.0036629478723699815,0.008881109089020622,0.03149615403201356,-0.007227045999873782
2021-10-04,0.021762673815370226,0.04951010943991041,0.008205626146986944,0.0,-0.015706091641252806,0.032043260053532974,0.02061862690654981,0.04038621095267936,0.013938778513506334,-0.0010425750268430178,0.0176168998146895,0.0073528988963604824,0.0017606479283680532,0.029618362413247334,0.002393260785215512
2021-10-05,0.039197327219542055,0.046682989571630085,0.009224013990232427,0.04208057457339476,0.025319751840853222,0.005645127941831696,0.013468083673825904,-0.0010307691441753253,0.004229757858695837,-0.008870394261188963,0.017626681257473686,-0.01459852642697701,-0.012302409793725655,0.06405683353997671,0.024970178417162314
2021-10-06,-0.006218275151009811,-0.046478864158625455,-0.017204164390670407,0.028603405501394175,-0.020835973786371476,-0.01643938161834635,0.00498325535525268,-0.014442779706407838,-0.01895400761492272,-0.012371465601925147,-0.026910023380345427,0.048148119891131325,-0.003558733092273725,-0.01923081463551779,-0.018344152085861154
2021-10-07,-0.007368640994379616,0.00393894267896,-0.023523006766569488,0.0387133875768384,-0.003940626398188263,0.008968632962590872,0.009917389086896655,-0.003489286217850718,0.009302188877323925,0.003731196661859837,0.005403531324926325,0.04947001991595523,0.00357144290432454,0.010230133877642267,0.008601826492033782
2021-10-08,-0.024136337242708472,-0.003433040555153477,-0.006162431763818033,-0.024672060075603297,0.006857353919934583,-0.006060678786477314,0.0016367158622490052,-0.01190471439336327,-0.008861976601865162,-0.0031864859752721575,-0.0025290768994811197,0.04713803308305753,-0.00533817804878145,-0.00506318076097223,-0.011861613884685873
2021-10-11,-0.012281732729160222,0.0024606862775651273,0.015219894016775148,0.02691066604288772,0.019122495018625507,0.0004066112480971551,-0.0016340414007688375,0.02622265403498636,0.016094365530225696,0.030633896051898146,0.009191710547659104,0.04823144933287882,0.008944738156304144,0.08283856227488928,0.07003985244337385
2021-10-12,0.03979864122850563,-0.0019637169307474833,0.002220749212626494,-0.006289194317869118,-0.023647301147038724,0.019910519210073252,-0.014729853058975784,-0.0017264778007941572,-0.0007039671691416727,-0.0005166418785975679,0.0028267350506687716,0.04907982710761449,0.0017730565720135427,0.022454344070727883,-0.03411828292123198
2021-10-13,-0.012289465706106117,0.049680286899761006,0.01274257031113768,0.023734209119701033,0.04988809829868668,-0.020318721531455308,-0.026578134979575174,0.01245239724217262,0.005283383852005663,0.03129031453253228,0.0021921277864784816,-0.008771907320705097,-0.00176991840655083,0.14504589816153368,-0.0031677148964230906
2021-10-14,0.010934267974968659,0.0496719521257285,0.02571105758420078,-0.00824319596401124,-0.012036088469596695,0.008540039702089608,0.05460748544897398,0.020840326828584166,0.04379834331570853,0.02632886355434727,0.02968763678029429,-0.04719770551033553,0.005319091583728008,-0.007136500136901258,-0.007414518299043715
2021-10-18,-0.0024035674416317265,0.09999999148505068,0.04906668707710504,0.036883119688569055,-0.005456869254515051,0.02500004135212852,0.14886725424574698,0.0010040873974455078,0.012420348771693623,-0.004153396869949977,0.0021242683656452765,0.04953567574647311,0.14814819132532508,0.1558849611563733,0.011447397363185896
2021-10-19,-0.01852702062543532,0.013392854378263097,-0.02338573320450843,-0.05360730828364779,-0.03228276844454325,-0.035798467694314495,-0.04084504031352332,0.0006686804487483489,-0.044098167012307954,-0.025269836491346398,-0.04663810202557084,-0.04719770551033553,-0.04608313023312327,-0.10707341985041119,-0.019566387005102936
2021-10-20,-0.0018622349154270301,-0.03163792670815979,-0.02811055094362591,-0.02382216222511324,-0.007911389670790525,-0.014688070716646018,-0.05139500433155986,-0.022719823867186295,-0.025667769997658074,-0.021645980438169565,-0.024142507017055337,-0.04953555764438777,-0.03381635141756545,0.0026115226557750226,-0.02504413344974088
2021-10-21,0.016791694311884875,0.019023948662820755,0.013390532099044172,-0.022234166509507602,-0.013955379513513777,-0.01739120213611145,-0.03715168854040263,0.011282001198026137,0.01103588474552164,-0.001543812466179184,0.006510446109537771,0.032573289092786784,-0.02666670094071244,-0.018233110691012966,-0.004414998129140146
2021-10-22,0.002669063240763103,-0.049918813827287134,-0.016913381834673613,-0.02773156516740649,0.026688258256545527,-0.014327897753532826,0.04180073505330428,-0.02028379356846488,-0.03450707576374257,0.0020613105427080836,-0.02360932874296162,-0.03470032665600875,-0.0034245960319808644,-0.018350720839667045,0.002015747760464315
2021-10-25,0.00020796073278939176,-0.049978645190947524,-0.022580535012132974,0.003422785127834116,-0.01837990612385787,-0.01966637731355625,0.0,-0.006901329952819224,-0.0047409036206130795,-0.009256783014501502,-0.01589937607796421,-0.026143827922748386,-0.012027388242826564,-0.037837742725255974,-0.00603494176962438
2021-10-26,-0.018671051884856293,0.008992840152776571,0.011551148993529381,0.005116378473785765,-0.010967039204066498,-0.00697787948087536,-0.027777868518784055,-0.004864607703247481,0.005496624001447792,-0.011679022435197028,0.021204983190135973,0.046979918178581936,0.0017390605945974968,0.054775329277653384,0.01022054104656589
2021-10-27,0.02216197762294181,-0.030748686169164263,-0.019575889848600148,-0.008484080340277478,-0.008654454342185591,0.006587550247050267,0.003174637671161218,-0.013268063625466064,0.020043527851615783,-0.0007878520669348799,0.02933444003472996,-0.00320514035334607,0.006944395566530037,-0.004660536082807254,0.001102073555875327
2021-10-28,-0.048876504738536664,-0.04873560762953488,-0.009983326485616728,-0.002852225288589416,-0.04992502737305349,-0.016579411067120353,-0.01582281367629057,-0.027954780134996637,-0.04108613706683972,-0.022864841039601846,-0.03906526262502186,-0.048231510662416044,-0.017241296783660265,-0.027870637852053126,-0.02181318530436893
2021-10-29,0.004968793140013528,-0.02851619803569827,-0.022969235597324444,-0.010297534970611033,0.0011486057911271885,0.019077203201161907,-0.012861586394106395,-0.03421935521683295,-0.008196696533580239,-0.004572171959079885,-0.009330171974470503,-0.04729728380026321,-0.005263178646333522,-0.016972448906380944,0.02281095248452969
2021-11-01,0.016914603298741504,0.02338304997186902,0.011468053264844125,0.009826532169934898,-0.018356429153555842,0.03439275350402715,0.0407164982872561,0.012439031479851925,0.015402014709668288,0.014590357649943764,0.010427321034515158,-0.00709222544427357,0.008818143947872281,0.0403638789252736,0.00770074659243436
2021-11-02,0.0016206972778012307,0.012153621959601013,0.010770983365482545,0.009731007039157857,-0.01621623740769229,-0.03661628342934553,-0.010954629383397085,0.017498210084079258,0.004069492799218866,-0.011983898489784206,0.006657819147997346,0.04999998637608116,0.0,0.02489353972472852,0.036224552141155275
2021-11-03,0.025761124121779888,-0.008165229528615536,-0.005047759269408814,-0.0028343443679929026,-0.016632004493648544,-0.005242341164718556,-0.03797466730708654,0.0007316095533989042,0.0007370957791037469,-0.008355886646567834,0.010582057213653462,-0.03401360588350888,0.0017483360607910559,0.0013129730511662885,-0.018580601011947362
2021-11-04,-0.003403881764995842,0.020823259715216702,0.03269444242319852,0.00966452465047185,0.004228208867957717,0.010101078523541362,0.018092115741065173,0.0029252104143273616,0.009204577045950568,0.0059801446458340735,0.0032720800225263247,0.007042280479784058,0.026178117172020343,0.01114501992212169,0.006245742493579343
2021-11-08,0.02132620381979189,-0.008538913938674009,0.0032752681512666637,-0.003941534843940331,-0.04571423047913792,0.053912911837864286,0.032310163012926996,0.022967625920300216,0.024078913946250502,0.022156142433781945,0.009132553947836408,-0.013986000461365,0.01700672038548401,0.013831817350220987,0.027349610298661897
2021-11-09,0.003915211115925743,0.04976081026361667,-0.006528947716331057,0.009610082971052814,0.002678927390554975,-0.018976891937071638,0.020344261367252647,-0.01282986242017714,-0.009262511842908827,-0.01374571198603658,-0.012605097461715897,0.0035460450856623638,0.023411539812616677,0.03133656364947912,0.0002830654510652675
2021-11-10,-0.0015843948365489302,0.004102103482093389,0.0005476887851332268,-0.009518608354992297,0.004557436677993909,0.01892348624978757,-0.01073614006123702,-0.007942203125535507,0.008629770579662077,-0.011525024035308529,0.007856008810074755,-0.01060068004057324,-0.011438024974254835,-0.020256193748467877,0.016798841608272497
2021-11-11,0.0015869091271760727,-0.018610977513979332,0.001094572881233935,-0.014697539778190993,0.04364846670630618,-0.005365309752372149,-0.006201547464605217,-0.005458384886582457,-0.005347334978384466,-0.012201817206569543,-0.010894891471451285,-0.014285700661795464,-0.011570294284958815,0.011603378460046665,-0.006311380340542128
2021-11-12,0.04996749883017615,0.0032377285895934804,-0.009294721197800948,0.009753338261982547,-0.03282862112269813,0.006224073594073731,0.007800220484545983,-0.0014635449327322636,-0.010035875387350512,-0.0008234648429928937,-0.02770351851284636,0.010869537424425646,-0.006688769250688176,0.00041714289116856484,0.007472410760428483
2021-11-15,0.009866129782755806,-0.011987101082528095,0.0,-0.010795520098288991,-0.0009300212004208497,-0.009484533459621414,-0.015479905084637036,0.005130013016898971,-0.022085210716236148,0.03461530590376105,-0.0243735457740073,-0.014336904085998858,-0.03198658119423514,0.00750452550306413,0.011403545199379028
2021-11-16,0.007126107359762601,-0.003733080847727943,-0.00717434523295013,-0.006892561809952902,0.00031019883222338507,-0.0004162928865696358,0.06603796031972187,-0.020780214424761412,-0.014809858419826183,-0.0037173265853136517,-0.014778170897474241,0.010909063165838173,0.017391219046836603,0.011793962519518031,-0.004858263582602329
2021-11-17,-0.000646688935006523,-0.022950808541598366,-0.009449614967087072,-0.012724129373474002,-0.03598003612637668,-0.014993742071662042,-0.02212389792034075,0.016009055734646616,-0.009019035103499329,0.018390158641349075,-0.011428716013720308,0.0,-0.020512902407408884,0.0220859201168484,-0.0040531707287841945
2021-11-18,0.02455272173582035,-0.013422851316052253,-0.011784504704697163,-0.014059695258669014,-0.0498714147092737,-0.008033793928360344,-0.016591395432424272,-0.008428223477170982,-0.018202621417473086,0.007589676702070669,-0.015534603775048894,-0.02877695176315176,-0.005235469624170874,-0.051220469153829384,-0.025989542236241725
2021-11-22,-0.0035668206042169803,-0.018950407730526697,-0.051675153138969865,-0.01901371840320787,-0.003386350619955625,-0.04518331139818177,-0.0383434560434911,-0.03806348435577678,-0.026264880282012903,0.008830956113616173,-0.020917364557003992,-0.048148119891131325,-0.01929839901309316,-0.039856653723808755,-0.027537732456311637
2021-11-23,0.049293486008544996,0.04952946872453734,0.07844307951198992,0.013325269415101815,0.046041613807638715,0.015178544155155516,0.007974387716217723,0.025739490358090977,0.0035699598379517195,0.039392503967899506,0.012368841375610229,0.04669256108821873,0.012522333860319756,0.04085228037808508,0.04569869758880607
2021-11-24,-0.011158148393700329,-0.00047193150683333407,0.011660077653404155,0.005379585238237672,-0.00016258224391063614,-0.002638496534655199,-0.011075962447069099,0.013857907290309335,0.0008068375246093051,0.0071837189625039155,-0.002962006634283476,0.011152459058122899,0.00706732268337773,0.006752426882033147,0.028107118802967346
2021-11-25,0.009846604723889207,-0.008026443524290383,0.0027443532482060995,0.0,0.02988968562186467,0.009259168154382547,-0.004800016026475951,-0.0011084480345903147,-0.0028207034365137496,0.0046725223484431755,-0.007055237440257378,0.047794088257226086,0.010526279982796982,0.017816012584473073,0.0037238258507026334
2021-11-26,-0.02313084863212267,-0.03617326133281451,-0.029009360269629636,-0.026753901074745734,-0.04763417376635848,-0.052861474122163576,-0.014469501920541639,-0.04696728175376552,-0.0379795964129388,-0.011015545525657644,-0.027299932188270204,-0.04912279363264116,-0.02430557574425929,-0.06363262376420264,-0.026151575485136136
2021-11-29,-0.014425739043199326,-0.028148133077739224,-0.030439682424182823,-0.008552228061600164,-0.03858887971412783,-0.01798890517295404,-0.011419337447137745,-0.01823833381894624,-0.0218395715383074,-0.008663537409434707,-0.008842891729937574,-0.047970521258667076,-0.01957287518676365,-0.03826702415769356,-0.0083625795579374
2021-11-30,-0.04239510300198668,0.009654498532078115,0.017441835133718442,-0.00862599957724397,-0.010163795125687214,0.022545806103647426,0.026402782037808104,0.00592878183078227,-0.0012882424294681227,0.032459509490383454,0.043832422195524856,0.0,0.010889254893354794,-0.008461032799040202,0.03298372615064227
2021-12-01,0.025629111121016068,0.019124264958071402,-0.007428521570258528,0.00745812147086955,0.04994786146191443,-0.008727571310753968,0.014469501920541639,0.003536317124525068,0.027515069984672236,0.0021765187684787968,-0.0007429685407550624,-0.019379845534327478,0.005385938600553031,0.03874536021840269,-0.0014515808800704688
2021-12-02,0.00978473599193519,0.004938290442949356,0.014392591728922044,0.00863653830936184,0.04972659275328306,0.015755376433816526,0.02218703054483573,0.007830945301788406,0.017154960346676518,0.03523177503395014,0.0003715530210932627,0.03162059954678975,-0.003571364213915462,0.005328642955356067,0.021166270797738695
2021-12-03,0.03581548129287904,-0.009336635405207572,0.011918374499165552,0.0,0.020369455739731368,0.0068429979060418145,0.0093022862833958,-0.013209028369645215,-0.002879470565911757,-0.03916110613462975,-0.01449793959020751,-0.03448274350100189,0.01075273063034854,-0.00353350695749699,0.0057825514696814295
2021-12-06,-0.00787973450135726,-0.012896836847705262,-0.0016825864231362342,-0.01896028554468976,-0.0383782041754418,0.008609085013998818,0.02611378105455242,-0.02086624436769935,-0.005362986941548242,-0.01989298000944384,0.0018860783826231131,-0.01984126924056795,0.0017730565720135427,-0.021054950498801794,-0.018751038006672327
2021-12-07,0.007978530782314364,0.008542717565463986,-0.022471911294981717,-0.0031171767425309804,-0.011908676312705202,-0.012578687747219708,0.004490897551804096,0.008041840284478852,0.01742013914051377,0.018811780715533466,0.013177589496994546,0.028340033763930794,0.0017696844244763366,0.025356485564945963,0.05624651801524938
2021-12-08,0.0005756989682919045,0.03587450082965393,0.011494091982884314,0.006879358453657947,0.0030945667311816916,0.021383038468880233,0.0044708866805514,0.015157594425942555,0.005299584157013371,-0.004859209853830371,0.011891539031139153,0.003937022951637115,0.00706732268337773,0.01302711194976669,-0.005376396317875232
2021-12-09,-0.0002876838648417923,-0.0038480917523643354,0.005681952453287398,0.021117993145460368,-0.04042859545768662,0.0013363628317180076,-0.023738796856343947,-0.009430225651378188,0.009732177654874219,-0.00781263616337613,0.0044069604633480974,0.04705885344860605,0.0,-0.007410626635076745,-0.008408425937920128
2021-12-10,-0.0008632121379393842,0.0048286038575782175,-0.008474616636960364,0.01885638583507321,0.013028629066278885,-0.0013345793494794478,-0.024316167051512516,0.0007933452252697482,-0.01084322209036881,-0.0027064600217018286,-0.0036563026552148825,0.048689108611000176,0.003508553834612016,0.0013175861441527825,0.003201518848105156
2021-12-13,-0.0021240357047528358,-0.002883203627207065,0.011965912149131785,-0.009552166072607338,0.0030064507036733357,0.04766153680410046,-0.007788071297104127,-0.00277436596811631,0.000812103572266798,0.00863536728933445,0.004770574927617899,-0.014285700661795464,0.015734331190965456,0.009868411320156145,-0.005433781392843562
2021-12-14,0.03636496712702164,-0.003855418009930389,0.018580873129509623,-0.0036166213582499163,-0.015819955781486428,0.008928552741751083,-0.006279502557963612,0.004371857165801796,0.004867860966308646,0.03840536038836251,-0.0003653111679984278,0.010869537424425646,-0.001721101599072683,-0.005211703125604705,0.009539708786599821
2021-12-15,0.0020190235411667867,-0.011127215354977738,-0.0182419222858774,-0.002419900148687537,-0.014890088068721496,-0.018120596907923336,-0.022116859009710832,0.0027701859878317414,-0.012111401576136771,-0.011307646351119582,-0.013152848914310344,-0.010752660973561312,-0.010344717288638061,-0.00523900727620108,0.02843390847753846
2021-12-16,-0.025707833941288838,-0.00880627693115077,0.0,-0.01637354259059165,0.012195006915009632,-0.0017166978780749353,-0.001615562720635566,0.005524855665614448,-0.011442472221593114,-0.0078627600387422,-0.009255818939121863,-0.02173914395568488,0.0034842574286233496,-0.02611377153816752,-0.06882731656646557
2021-12-17,0.007844535567837374,-0.01184599054327895,-0.04898648488274682,-0.014796485777770707,-0.02664171206922894,-0.05159062863058872,0.016181113970994865,-0.01452129168299332,-0.014882213428339064,0.008405485850275785,-0.018684787421482274,-0.025925954182942745,-0.01388886763762176,-0.027489786286150286,-0.023233016794013017
2021-12-20,-0.0309570139748806,-0.02997004833918715,-0.03848438031742962,-0.033792307145062206,-0.011331953314362986,-0.027652005138560143,-0.06369417752675144,-0.030266754615542846,-0.03482997136369692,-0.0004764084201215324,-0.03693811813935288,-0.049429630219481435,-0.03169018865093509,-0.03104732066078253,-0.013040628365708073
2021-12-21,0.009967159119432356,0.018022676626915812,0.04064028824368915,0.015544085340485125,0.03209323536506559,-0.009323943526217238,0.05272116398922866,0.003695995265194041,0.009130534243663613,-0.01548695581649373,0.005930969540805409,0.008000030517578027,0.012727323713454641,0.013390712885415601,-0.001116604563721535
2021-12-22,0.014423562751499919,0.008093062403004447,0.010650961698353667,0.012755084036174535,0.013668163114203047,0.01788227961267541,0.0016153444406787898,0.0028642635932829563,0.008616813505149867,0.009769363154455535,0.015723581776472706,0.04761900076430181,0.016157815801659314,0.02878723401735006,-0.0030738583860009383
2021-12-23,0.013505861002010233,-0.0035122776594258553,0.016978960414637978,0.004408059588999924,0.001685417191507721,0.02311614504802395,-0.0032256965503243418,0.01631991385101439,0.028620192247973852,0.03373850335186779,0.025928604505314645,-0.015151500920837613,0.0035337391979326505,0.00022934477557701172,0.013268425570541531
2021-12-24,-0.025772668440372293,-0.006545874326281509,-0.01842263390069665,-0.015046958933614074,0.017499665016883492,0.005874444173316951,-0.0177993638357703,-0.026495475770982102,-0.01951827105365722,-0.014158715057928428,-0.008676107860620452,-0.019230769230769273,0.0035211406925581556,-0.005732664445738833,-0.016230124224863918
2021-12-27,-0.007145968124440905,0.008109470406707064,0.008211139441467674,0.002546102547255291,0.02976671174976242,-0.0022461837101408477,-0.009884637798242335,0.004948364508906122,0.009741611805054173,0.003407963748959686,0.0015219834267254928,0.011764675963158666,0.008771964410555944,0.00253697353095772,0.008623837721486671
2021-12-28,0.016939330300345334,0.015585790990639836,0.01337984957423699,0.017142838283982886,-0.0051389364939055104,0.004502480819353449,0.028286158760548297,0.018465470402001083,0.007969807141259055,-0.00242628658602162,0.0045594354371054635,0.04651165885368336,0.015652005177023698,0.019553614967249944,0.012918171207742413
2021-12-29,-0.004396642979255572,-0.011386209945444148,0.008610834051942406,0.009987543568986679,-0.011945100589684565,0.005826753805162843,-0.00809066630208366,-0.007654990561318131,-0.006658220123802239,-0.004863585514657265,-0.001890966402511629,-0.003703717832212128,0.015411021698439553,-0.009702111452375206,-0.0074317338617093665
2021-12-30,-0.058593310706521184,-0.0040060053308342836,-0.020489398832473582,0.002472142923541476,-0.021891828265424573,-0.01693383291104289,0.019575923084049984,0.03045058615637508,-0.011311214153198912,0.003665684627641941,-0.006820798923621418,-0.026022262658644046,0.013490779262229413,-0.005012461274542135,0.015067462007970489
2021-12-31,0.014644712601961096,0.002513883657291771,0.016850595789272393,0.01787917312855969,0.0038416106453498244,-0.0013600627123913078,-0.00959995999145924,-0.019700639371876716,0.014830493748813955,-0.004626489620805807,0.02098443718359655,0.03816793781985406,0.019966654541623052,0.011907386039507362,0.008195859910246295
2022-01-03,0.012516462630379532,0.01604812869877592,0.010285785249693369,0.00484556174737194,-0.004991679322998266,0.02678172148439728,0.008077595323221054,0.012861743239438672,0.025469510960608677,0.00293561345848925,0.011210955838269143,0.047794088257226086,0.009787967624757643,0.011088491518694177,0.002800189131662245
2022-01-04,0.014700368549199538,-0.007403732321603851,0.012443370826141553,-0.0018081590727185848,0.014046944554747753,-0.01856767369931256,0.0048077079229020825,0.05476183661274647,0.004479098602404363,0.02731691095686095,0.006651400402780228,-0.024561430278577268,-0.017770668583292126,0.012981305762425066,0.027922723088381174
2022-01-05,0.024109222520959817,-0.006961774875581361,0.0011173028821285236,-0.0018117381963884682,-0.024076659337402218,0.04954953057207434,0.004784560798106741,-0.006771887423996592,0.003648036738473248,-0.009259095556666486,0.0018358412446326522,-0.003597067513145258,-0.014802619181392696,-0.012373084790195388,-0.007710862174373001
2022-01-06,0.0072518302697215375,0.0,0.01116066364500412,0.014518995140926583,0.01301123042879282,-0.01115871226461862,0.017460399957020423,-0.00833349748789547,0.002827338710098326,-0.012940339307393023,0.0029312070371045884,0.03249096006287511,0.016694484800028775,0.022147658355641475,0.0038854805603598663
2022-01-07,0.00943390998522653,0.0035053382363432473,-0.0005518170362058816,0.004770436909269593,0.025688121337583247,0.014756917057834995,-0.0265210306985032,0.0034379152452563844,-0.002819367403500417,-0.003641716979130072,-0.003288084842677952,-0.010489550363906752,-0.008209996815480403,0.0059094661950447325,0.011259576111758873
2022-01-10,0.011102557163364057,0.08483027833963974,-0.00662618463831266,0.02255196758396605,0.0323628766839108,0.010265152759284746,0.01121788891747899,0.0038065998600447237,0.016559108613892315,-0.005847910130661993,0.027126188009166885,0.04947001991595523,0.052980045480548243,0.008485635587076379,0.00017400518195920256
2022-01-11,0.08968651370366287,-0.001379976401166494,0.02112286478150649,-0.008705757879149734,-0.010554545467057697,-0.013547869576824745,-0.01584796053348625,0.003413008929879391,-0.0011920208070430593,-0.0007354647560915417,-0.014989432340700715,-0.037037048929720595,-0.006289402302037783,0.005825182649155991,0.010523360374880664
2022-01-12,0.050766988829431314,0.09995394600665675,0.011976085157107574,0.007025731695704085,-0.009870865491436343,0.0025750820285386222,0.01449280302472622,0.011715663831975975,0.0007956289442849762,0.005396172363940854,0.008333464710640559,0.0034965167879690284,0.006329209245234946,0.019948532291353516,-0.013856452771418892
2022-01-13,0.008649206141043031,-0.0247067950575387,-0.00753092627087526,-0.010465072750237003,-0.007718420306344509,-0.016695182566616396,0.006349346831900027,0.008218051291917883,0.012321061596812788,0.014882105979581173,0.006467571190538868,-0.0069686675129888576,-0.014150999283501609,0.0317560917832973,0.009600368657184388
2022-01-14,0.02175346087469565,0.006011137146632706,0.003251987113905841,0.07579311219254792,-0.0030789201722819515,0.017849431748573785,-0.015772897778113748,0.002964359717700926,-0.0007851252814439214,-0.001202361833661847,-0.006069015458433413,0.04912279363264127,-0.0015949730026888487,-0.003669088167221002,0.0007777982019612217
2022-01-17,0.08089172331696526,-0.009389723339206513,0.0064829931628516135,0.01747693003110662,0.0160922935652128,0.04704866944979935,0.008012798420190537,0.00923515901373917,-0.0023576171875000496,-0.0067388900092072435,0.004310399240172291,0.046822730314104666,0.00319497161714688,0.014116301501661876,0.0016414836708547043
2022-01-18,0.035307538295543894,-0.05428687510703667,-0.0177133702356852,-0.00805163037437262,-0.028315274276296543,-0.00857828039461428,-0.004769562556553142,-0.011713037046086283,-0.022843700450808968,-0.005815380647005153,-0.024320563977313747,0.028754043061230083,-0.012738834284707012,-0.03530356881536234,-0.024664007571502333
2022-01-19,0.02018313566585439,0.03781320705498259,0.0016393726259271713,0.011363634301496894,0.033256380320564105,0.013596898241603927,-0.006389773829360457,-0.0014816307014039465,0.003627451667870485,-0.0024370356330738474,0.010630403260058596,-0.015527949942643282,-0.001612909645502425,0.039314091502581805,-0.00318282416914073
2022-01-20,0.014573499812528867,-0.0013169747910980467,-0.007637747969239661,-0.009095720243151861,0.011313031151332087,-0.008943112911928175,-0.014469501920541639,0.0007419806536737017,0.004016289137683593,0.048864059435693497,0.0014509720764257494,0.04416396458950178,-0.0016155153257538801,0.0006035874343208736,0.017030305215959274
2022-01-21,-0.016347131307240415,-0.033406603467333484,-0.0010996958713150873,-0.0399568458893772,-0.026784363177805748,-0.03486468350997063,-0.006525209731799375,-0.005930388043693391,-0.03320002238804709,0.00209622372385998,-0.037305316327819193,-0.030211481755258673,-0.016181294386610312,-0.026945552989740995,-0.03968260253393174
2022-01-24,-0.049985821406256514,-0.06502957344519644,-0.01563396574538134,-0.043869521508448917,-0.024769287627116388,-0.03909880443003699,-0.021346589965747897,-0.011185614585265236,-0.028134036649116623,-0.005114003237552067,-0.02746426507905897,-0.049844191594308196,-0.034539323959897006,-0.05125020359510046,-0.024793220081553158
2022-01-25,0.049596009263488616,0.04231521701518304,0.03352943154354038,-0.0005882492768449765,0.010790186332057639,0.008845434406733244,0.0033558170354264227,0.020361893103704398,0.00681117538509457,0.022663520681087457,0.017794926365114927,-0.032786885245901676,0.022146368906409863,0.04029619853218369,0.007543160093873569
2022-01-27,-0.009720062208398161,-0.013999119931730641,-0.04439393183879259,0.0011772897268667037,-0.018393811750434086,0.04559419220202998,0.0016723719114122293,-0.00221718939126736,0.005919762112387428,-0.018277074544503336,0.02166480275527416,0.003389843439651763,-0.0033333467981370157,0.009422101309317421,-0.0087808166145672
2022-01-28,0.014736303841938136,0.0009465432351178915,0.007742859760970999,0.031745895618167985,-0.011042408499471024,0.07253661113017995,-0.006677867876353161,0.03814799988100526,0.001681347376250919,-0.02164302575038657,0.005952145007330989,0.02702700090373522,0.005016816430574833,0.012445560313793402,0.010816803781837248
2022-01-31,-0.031237127561648648,0.0047281505093792475,0.0011819838342583822,-0.0028489750845811512,0.03688049485239642,0.03244737565603617,0.008403262750417362,0.013556999995997021,0.021401561234933197,0.0247382976047279,0.025518054718444816,-0.026315764707210976,0.019966654541623052,0.00819502681493356,0.006826559419428557
2022-02-01,0.013925513088926644,0.016470606186810732,-0.004132217070587085,0.011428459735365992,0.0042420716860323004,-0.006437036413436403,-0.0033332945502367872,-0.006335808838851098,0.002465236469407328,-0.011374235708160207,0.006491196288629819,0.04729728380026321,0.0016313998242942773,0.015444031691423943,-0.0030235683483343934
2022-02-02,0.006460109678636972,0.0032407265549989628,0.008891417046039685,0.018644228681469865,-0.014297389017264295,0.024771242112074487,0.0016723719114122293,0.0,0.008606548860995877,0.004930588388398105,0.017914401387045142,0.03548382174584175,0.008143282850252342,0.0030018190616640794,0.004135529225492318
2022-02-03,-0.0019568960520004453,-0.0069219943701969155,-0.00822548451147298,-0.0049917989085113135,-0.00576882663185474,-0.018966216562138816,0.0,-0.003645583841330957,-0.009345972775855138,-0.012616482700621434,-0.01020758398847621,0.04984431043223503,0.016155153257538357,0.008978442735391612,-0.011806676609292244
2022-02-04,0.019764150371371247,0.008828932280084523,-0.016587724971699025,-0.025640889037934822,-0.012765326995175297,-0.003790755095724241,-0.0016695797531293133,-0.017929202700432634,-0.016406790373592828,-0.0075723117991540745,0.0,0.04747769845396088,-0.006359395484368924,0.005932406452732852,0.07502092763950907
2022-02-07,0.03809575192052561,0.02901893572928893,0.0018073146038271037,-0.005720863419769628,0.021326656114128317,0.037290872464046165,0.0016723719114122293,0.007079039387069441,0.0008341164402920764,0.018836354493070084,-0.02418189028441331,0.048158662880498415,0.0015999359235956412,-0.01002554093303043,-0.09692431783675903
2022-02-08,-0.047736657322804854,-0.031781601923536296,0.0012025956620893563,-0.06271571007022936,0.013646778129651871,-0.01907554042338444,-0.013355810942067059,-0.001109680591505291,-0.015833243670818842,-0.016850039293716645,-0.013848215282234788,-0.04864862802866343,-0.014376844322303017,-0.06731536753291645,-0.026712274702738514
2022-02-09,-0.004253086707404097,-0.005085469591808889,0.012012046377204655,0.001227673218031411,0.0043796722873388205,0.05646955718894886,0.006768339731560324,0.0003701976295173992,0.01862803548012848,-0.0033324609042727493,0.022542030843268,-0.03409093002642438,0.01296587243419034,0.013412856711428223,0.004410638376871168
2022-02-10,-0.006172568681558022,0.1407991967864366,-0.0065283933061326405,0.00613125064703568,0.049902951644742455,-0.015575146398895012,-0.005042033345091235,0.010366695106748924,0.02369090070873847,0.012897130856147632,0.018070294334049164,-0.05000002243939572,0.0159999937954185,0.013865417545152914,0.005662214888008554
2022-02-11,-0.00018343017107058657,0.018329970546806962,-0.0005970808458953814,-0.023766048834478526,0.049992377835128554,-0.02013675776062407,-0.010135168547959483,0.0051301012887776665,-0.015022301566911866,-0.0200425163033372,-0.013489649657642211,-0.012383889411096916,-0.03149612036699245,-0.03729793527661518,-0.02133534077126964
2022-02-14,-0.02382572434134922,-0.09319999694824221,-0.032277487769187485,-0.041822877945292825,-0.04966301137765161,-0.07633017446628632,0.005119547832583171,-0.033904505852988986,-0.03380068053150054,-0.02863331217433618,-0.037423612018609886,-0.04702194413597016,-0.03414612265943484,-0.050796338809379615,-0.031388925395894995
2022-02-15,0.014687310489144512,0.040582270542468546,0.0018530835175545324,0.029316116048015983,0.013719681725703259,0.019864940310000412,0.013582183011856541,0.02150958935561742,0.02175785862735813,0.007926702146255904,0.012916118376463226,-0.04276313333465087,0.011784408872970165,0.04489790023356033,0.00500165547214193
2022-02-16,0.022360412807621133,0.07460789391681111,-0.010480944580473994,0.0056962318166304815,0.0072993060942572185,0.032333485124429906,0.00502514268772325,-0.015885067567265265,0.0070979362448648775,-0.008335589254902298,0.0046366739476921826,0.017182130358953218,0.0116471540474683,0.004123302381386473,-0.014100496068106372
2022-02-17,0.05997151576857118,0.04142008762367011,-0.014330231271661886,-0.0069225461403708,0.020078518345443053,-0.017735880109544522,-0.0016664971470028433,-0.003378167482664729,-0.013266752273242033,0.003565973671334044,-0.02423085676039538,-0.04391895701538606,0.0016447435177115999,-0.015560836900252673,0.007887203565644985
2022-02-18,-0.0028081656908374164,-0.0030303001841675004,0.009481667848742159,0.0050697223633400235,0.006659804316815121,-0.01805599523843926,0.0,-0.0030132112006202583,-0.005462238842285694,-0.006598735051148608,-0.004729988566455234,0.0,-0.004926128335487556,-0.008781542470251091,0.0006259941355768461
2022-02-21,-0.04209415588782939,-0.0870060423529957,-0.01815901672630804,-0.04287522148967937,-0.0022053705824465197,-0.04381852251270457,0.0033387835594553827,-0.0030223834590094034,0.0012674558682073123,0.012519076913443561,-0.005940399963578091,-0.03886920508042202,-0.00514568821098349,-0.0033222789911023787,-0.003858159833111552
2022-02-22,0.008205903449804763,0.0033291685984226937,-0.03125023068044852,-0.022397871588599627,-0.034477596637875085,-0.05114578355331545,0.002087654980729825,0.0011369198965900384,-0.010970677674642104,0.0,-0.013944472388770723,-0.04779415838033574,-0.017241473827581122,-0.010444548906124895,-0.011410036491963038
2022-02-23,0.0078095412132090924,0.04147656469036565,0.0026334367216713783,0.004716980066135079,0.02884180965289418,0.05778362355573674,-0.01909726857212346,-0.014383081030696077,0.010665808244689323,-0.0005045546115334254,0.009697170105099628,0.04633207647157289,0.00350882125264107,-0.00651237641813307,0.004553220202109021
2022-02-24,-0.06923791847249672,-0.11469538025132342,-0.01641481430209324,-0.07243452709159226,-0.04998528208413089,-0.07664078383110873,-0.035398220642956946,-0.044546809144932364,-0.05825279895793589,-0.03509228852209456,-0.06362557982375894,-0.047970521258667076,-0.045454589250137456,-0.07640143806194688,-0.06387697749623944
2022-02-25,0.039870252736856404,0.11605937817516065,0.04339122031009102,0.05784529784553061,0.04293521265037148,0.06269308991827027,0.01651385964748653,0.04782953016381142,0.027475343097838723,0.032443698793627185,0.030342012243779415,0.007751967785028402,0.031135619303773288,0.07684771218156183,0.04684148667898369
2022-02-28,-0.041642825882993284,-0.0024183582117663915,0.0019192486880785786,0.004784458127023106,0.018563012878028973,0.04611551887099541,-0.010830336418277464,0.024165589007357324,0.0129092533645212,0.06006068047382307,0.016590671393788003,0.0038461685180664062,0.01776186094423693,0.013863706132414721,0.022265359635969206
2022-03-02,0.021237942874882343,-0.0052524913441051035,-0.003831371878794787,0.004081844023939629,-0.003086446080704186,-0.019459935409847806,0.062043757465912064,-0.019101031984078976,-0.0027310208820231496,0.008367411896190946,-0.0028559630497619892,0.007662791289950066,0.012216540076146698,0.010535718982974673,0.009048810213355463
2022-03-03,0.03630712268631853,-0.0032493875296125685,0.017948769169041423,0.010162500954257414,-0.005307365806726527,-0.016200842463745535,0.006872835193096449,0.008782045038845832,0.004107749673170291,0.03295396902985415,0.004500655891457539,-0.007604519444585844,0.0,0.005323984286820016,0.000938473186941513
2022-03-04,-0.029012237878738523,-0.02404238510906398,-0.014483751908825782,-0.008718962523305729,-0.02460362299295582,-0.012350774645784601,-0.04266206611649226,-0.014383081030696077,-0.008636404013190324,-0.012852667095832992,0.006517373404541393,-0.015325655658390835,-0.01379314982473312,-0.02272736556033672,-0.023335732048199165
2022-03-07,-0.04780132317693919,-0.02755740402452933,-0.0006388941703381334,-0.020297727073419147,-0.04968849269305842,-0.0262610247974584,0.0213903973252636,-0.0011520680671798234,-0.027968925165649416,-0.010462700998366548,-0.02306751826391462,-0.01556426124530419,-0.020979018387565884,-0.023707454733712607,-0.006826697631177936
2022-03-08,-0.01097715804747057,0.019321547355148683,-0.007672656110526144,0.020718260674016165,-0.04637017667737331,0.019263791063282243,0.0,0.028450766334277677,0.023584931822613786,-0.0021147567150009428,0.019883864835938292,0.011857753101024882,0.03214285308729603,0.04972263640861807,0.006980870173517895
2022-03-09,0.025112839515870844,0.021903979055480027,0.014819601453436748,0.03653581797346517,0.04996641559546955,0.026459485108661918,0.006980785081036611,-0.01682253837039327,0.0225804854000784,-0.020014202297786166,0.0077174980200376275,0.0429687642608767,-0.0034601827407175767,0.010134367991406323,0.012905483710500265
2022-03-10,0.029036213580827086,0.00989281817204768,0.005714217231608032,0.009791026911341927,0.007026393399098829,0.011865765925566318,-0.0103987739518977,0.011026473339957432,0.004506646041762874,0.003603926534391011,-0.001209214513108292,0.0149812586929019,0.005208369367118992,0.013086091536946842,0.01790024223978537
2022-03-11,-0.011584306422208202,-0.005714260801977011,-0.0214646529940119,0.019392509588029183,-0.005708827340458411,0.01010925635150195,-0.0035024301183039785,-0.007521631670954321,0.008972749100425226,0.017237332831655516,0.014527711754235506,0.04797045087679974,-0.0069084860089484446,0.003875049773868655,-0.005172173356127963
2022-03-14,-0.020241403954577963,0.002873550618651244,-0.020644992002308737,0.0006341304443751028,0.0065389701559952496,0.029223263370055763,-0.012302347906746891,0.0015157401897381018,-0.004446425141317212,0.004471320945168777,-0.015513233474529375,-0.024647847358916453,-0.017391252417018443,-0.0068624151963053714,0.00811062262085982
2022-03-15,-0.012977405672317421,0.0012279483799482183,-0.0006587926709314962,-0.022813803764522023,-0.020440368184524993,-0.03539480179734289,0.0017793358367435008,-0.008323724930580534,-0.00982576208736785,-0.017572331257448504,-0.01373726296491129,-0.0288809069449385,-0.012389515459113043,-0.01792276133168158,-0.015368705767719426
2022-03-16,0.01940237632470465,0.004906003422934457,-0.017798423747947156,0.010376164507584607,-0.005014620677067705,-0.0008063995892575448,0.00532852627247693,0.01297210523650505,0.014433869999384674,-0.0014308663549021938,0.011061158773925772,0.04832718077488973,-0.0053763056899767125,0.013412556264797093,0.018437125589815917
2022-03-17,0.036839050995785216,0.017900754085571124,-0.012080512529335397,-0.012195089139318105,-0.028775709809905736,-0.000807116611167058,-0.008833805953684548,0.0011297423694647257,0.03468217884138225,0.010508791102862736,0.01904368157549885,-0.024822721418482963,-0.009009020707739124,0.005641157007994169,-0.005965928661122777
2022-03-21,-0.013228436245355413,-0.004396507127857774,0.013586935483090423,-0.007147450235760577,0.020087036442357764,-0.00807748693514354,-0.0053475993313159,0.0,-0.00859486616245042,-0.03143481216587485,-0.009145281526666937,-0.007272755015980126,0.0018182458648570154,-0.016396995948711468,-0.0020693736149353104
2022-03-22,0.0007461966937525322,-0.006423117157454805,0.009383524804549959,-0.005890082231802873,-0.011650898848581615,0.0028501791608950278,-0.001792245291119987,-0.00037604732206586444,0.00953614284785198,0.018545731391853115,0.00802559861380403,-0.047619021003332485,-0.001814945847075533,0.015134864536716863,0.0066360725175216295
2022-03-23,0.02340945132239325,0.05212124911221583,-0.0013283205412226717,-0.0046084042997202035,-0.009961706785070246,0.1266747285831804,-0.014362545602886079,0.004516349590624413,-0.0038641519706579253,0.006708198212514116,0.005573646876158245,-0.011538432194636461,0.0,0.012532446009643428,-0.0021631314056383966
2022-03-24,-0.00520453829131684,0.014976934559778998,0.005984327370554432,-0.013227495918148091,0.012745271648646694,-0.01189183359309065,-0.0018214694719675961,0.01461214262516597,0.0021551236973695875,0.003093762863435323,-0.009501486515575586,0.011673121718080326,-0.009090998083553958,0.022193780703616328,0.020749405935075682
2022-03-25,0.005153277942934631,0.0836170661730895,0.02379385368698994,-0.0040212063821437605,-0.018049445802575614,0.021152392927507924,-0.005474537039766303,-0.004800461124418898,-0.011182927821003608,-0.0052195485666748365,-0.006794456251836722,0.0,0.0018349271843736137,0.00772444572945763,-0.017091426453907044
2022-03-28,0.004996734202179498,0.06319837331928224,0.0038733048902415135,-0.01211322800696657,0.020236187251217785,0.04107135469121448,0.005504672573662717,0.00037088444124355746,-0.010004268605231958,0.012640169931905643,-0.009657931723570878,-0.0499999706561749,-0.0036628998520087386,-0.007250923541795906,0.009260237250468872
2022-03-29,-0.003910157108669932,0.13990141920515242,-0.009646301514371736,-0.000681215094008647,-0.027272768533993408,-0.01612347226221933,-0.0018249504853368181,-0.0033381345575170807,-0.013620369437577606,-0.004710400823844885,-0.0024380833776450617,0.0485829481184199,0.0018380661106853768,-0.0020867583654811117,0.0002038783443532033
2022-03-30,-0.03439402211546139,-0.011812153795057845,0.0064934674494088185,0.01022496336715828,0.017842018144141214,0.022315249629263567,-0.001828129523075095,0.007070876338621579,0.005345258801115138,0.027449278307359437,0.005702945894449751,0.04633207647157289,0.0018349271843736137,0.010874018279520614,-0.0023442587543794913
2022-03-31,0.03098830250720841,0.07930032889808958,-0.02129018390381765,-0.008772025102173009,0.009015042435128295,-0.03888137297928085,0.0183150136913115,-0.002217092556403788,-0.0022152800874233325,-0.0013818765971543856,-0.0032404237767753585,-0.0036900509248001256,0.005494621535288902,-0.01261894723068313,0.005006144095794918
2022-04-01,0.01587717406868716,0.0991355516900232,0.03823328582031671,0.05922411914656789,0.023163424235402852,0.030872947478747026,0.0017985374632680795,0.05888891872745594,0.031971233596392645,0.03805323936563498,0.030881667760747744,0.048148119891131325,0.01821488125087556,0.028493571105808746,0.0216529306282065
2022-04-04,0.08500847136977008,0.04177932711512966,0.0019047390772026773,0.0629818818668233,0.049967711298744444,0.0010327485911261203,0.023339397606899848,0.009443754089420331,0.024096739099967568,0.010442153135806098,0.0350808622959331,0.04947001991595523,0.0017888958770531094,0.02648194060157727,0.013034793718826876
2022-04-05,0.037598663551433154,0.09978767641287778,0.041191528238377906,0.038089576460219154,0.049899698880381704,0.01616228323595048,0.03859643421895331,0.03326417151252126,0.010924201605361006,0.02484638008055562,0.008378068375475278,0.04713803308305753,0.02678574875798434,0.08592986028881455,0.047441372936033455
2022-04-06,0.0034705696164780697,0.04997859039977648,0.026780136500216933,0.0314502665785803,-0.006014188339532933,0.016581993868376,0.0,0.02615704323392376,0.013299940778160657,0.015447189586751398,0.008307956490401835,0.04823144933287882,0.0017391178688093145,0.05921049085638308,0.014441097152814164
2022-04-07,-0.014289571192871553,-0.04984683152964531,0.019561328611088502,-0.04009044125569472,-0.03217255018838805,-0.025965344582313477,0.038851494539839715,0.0032680326260361436,0.003281439979087697,-0.02239593853556232,-0.0033707556860673726,-0.049079710092355455,0.01215269012112219,-0.04140790022140539,-0.006563295869547625
2022-04-08,0.07195295367324572,-0.049881741099743415,-0.0011626387738270516,0.02117657943303386,0.04528829195676609,0.012303589788222435,-0.006504188608371986,-0.009446468489957338,-0.003679413570507939,0.00540300925261783,0.005636793357189918,0.006451637514175879,-0.008576268213662419,0.001079965321841403,0.0096772263251379
2022-04-11,0.14785614499146083,0.04820097611018781,-0.01862636082386182,0.013248871683785746,0.0497446019642529,0.017893156692976753,0.04746332489034555,0.006905589093093356,-0.009027348090929532,-0.007308608309019693,0.0007475654841579971,0.006410219573724785,0.0034602560869687604,0.017259901506732733,0.032347158965277734
2022-04-12,0.04774590723324623,-0.0034542281620522086,-0.012455577279901542,-0.017055262187586573,-0.04988867480215531,-0.012271835774983697,-0.029687575507487685,-0.0032657856479045844,-0.021532149967451564,0.009527896137044856,-0.023151647504196626,-0.03503185970806755,-0.017241473827581122,-0.02739478384931504,-0.021513989114697707
2022-04-13,0.02574851346471796,-0.032712268772198905,0.011411310371321592,0.0636205498883724,-0.04665787646896935,0.018132906175423402,0.01610298496757867,0.008846387320714966,0.0004230618993001922,-0.015443878517974241,-0.002293624930507443,-0.01980193033758304,-0.0017542246871312672,-0.007450457995002657,0.0
2022-04-18,0.037077104130667005,0.04994399699950369,0.02197169366901086,0.09787933204680899,0.04986188546211645,0.0009894903183209625,0.04912840304684507,0.06008464868368302,0.006768415902788094,0.006971591237148633,0.0022988977396758425,-0.030303080900992985,0.017574638625446726,-0.055657326453429135,0.04096335460629863
2022-04-19,-0.01971050288777143,-0.00831909941899911,-0.016269759192209077,-0.0351659284961503,-0.013152121582500786,0.04349259026742591,0.018126909055015128,-0.015624923787195821,-0.0025210304071996426,-0.014063272786418834,-0.01032121034797373,0.0,0.012089795600982889,-0.04439709095386124,-0.04014022619303648
2022-04-20,-0.034718953007739306,0.01118512850704545,-0.0035439624790571944,0.0010266323600855998,-0.007996369210147902,0.02336590376097658,0.03560847662863398,-0.0009337021895036157,-0.006739804878696298,-0.0037305389860531335,-0.00695222278806551,0.02430558269038685,0.003412872247239074,0.01298440642681653,0.005569990169711714
2022-04-21,0.0002312120252487837,0.049989414437862756,-0.0023710797305774856,0.05538464475284144,0.015375351013982463,-0.01666146211144548,0.03295097155462634,0.013707240884607286,0.009330089928974106,0.0011013951934055743,0.0112794377813914,0.02711861820544237,0.0,0.03685170281783634,0.012712094164788912
2022-04-22,0.025360145412813395,0.049837906281483324,0.000594099423570249,-0.039358640727022665,0.01058508150338433,0.017885136420888514,-0.013869503795920113,-0.013829382835751525,-0.0012607128229780162,-0.007920828731403873,-0.011538493460567456,-0.013201307874655788,0.00340140836489633,-0.022213648503554784,-0.028781559115873545
2022-04-25,-0.020396853001312887,0.049980705670412906,-0.0029691563668624577,-0.04451184495511529,-0.040878657122064066,-0.0015414098746133753,-0.04641325261723206,-0.027111119978990295,-0.024821062266749738,-0.01153248445148547,-0.019455100046907092,-0.026755827667795495,-0.018644005685125142,-0.02271836692697371,-0.008401050166609858
2022-04-26,0.045485110188341116,0.049990833088239706,-0.0011911357693267233,0.026998432768836622,0.04990133378996098,-0.031182278103184524,-0.002950130438522769,0.005765617435668835,0.02631578413407487,0.03926419216784738,0.01746021560100086,-0.003436439180715789,-0.0017271764169140003,0.006064444922659007,0.018434263658630767
2022-04-27,-0.0375281717423005,0.04743565611422906,0.002385218715838411,-0.015979329094455097,-0.010979404656773606,0.05003177125034397,-0.02662725004105193,-0.008598683148908881,-0.0021016760028358394,-0.009930884729216327,-0.00897030029704271,-0.006896578032394962,-0.012110712938762758,-0.006027889121084207,-0.0040224756190362365
2022-04-28,0.024827143122006845,-0.049966605461940095,0.02082118650244147,-0.01152445593792395,-0.03476488098330999,0.00546276868522555,0.030395456932791998,0.02601989651499692,0.0008423022558505799,0.02747499480168414,0.003541880201369807,-0.0312499875823653,0.0035025274995739153,0.003638679638330311,0.005966120593616786
2022-04-29,-0.01009542711238609,-0.013720295518599546,-0.001748438064417157,-0.0037095025680214944,-0.038589624422554314,-0.0036219602625443548,-0.020649134160382165,-0.02191616323946799,-0.008838165641175788,-0.03331931896354756,-0.003921579279819398,0.02150539031087395,-0.005235564907420942,-0.02376640461910795,-0.027098534520748174
2022-05-02,-0.01819409958494911,0.0,-0.015761736893009304,-0.02127656538222167,-0.039980989874298545,0.03665567562403327,0.007530085212648974,0.00832265899665452,-0.007643478363333234,0.016685049985118328,-0.003937018610426279,-0.003508785314727203,0.00350882125264107,0.025376569771649482,0.006658639405444866
2022-05-04,-0.05617679598423686,-0.049937564692353886,-0.007117668878156236,-0.0010869822754818736,0.013608738833080114,-0.004383597271409689,-0.02989535601638038,0.007301477952127433,-0.025673967043400303,0.026128159034302545,-0.024110464164896372,-0.04577462163810486,-0.01923085332348884,-0.014285786434465542,-0.014626509063841109
2022-05-05,0.06534141849870001,0.04430262042559474,0.005973786948831883,-0.011425459778944158,-0.007117522865818238,-0.0032286311842485427,-0.0015407452244962094,-0.0015758245155187423,-0.00570938614158345,-0.016203639036866502,-0.0012154151850287676,-0.011070152774400377,-0.003564961495393093,0.010410273498800748,-0.01106168566980259
2022-05-06,0.010155011587221985,0.0499730132288323,-0.00831340519271917,-0.025316410139188283,-0.018083889212043625,-0.05800935034614452,0.0416667082127915,0.0037879698282135,-0.0039751969316922375,0.01989293906238876,-0.00608252647290497,-0.022388003403051693,0.01610021457194777,-0.009292972574159952,-0.05650096291680384
2022-05-09,-0.05857803799364103,-0.03578154696195379,-0.013173636604424943,-0.01129303803808257,-0.05126933891989083,-0.06345743524583491,-0.013333473725992473,0.0,-0.006651839841083307,0.028313813446601,-0.0048960608796757565,0.04580148170408638,-0.015845104981825342,-0.06199021697724383,-0.014489957607067505
2022-05-10,-0.08117793345381596,-0.04989349056316228,-0.0006069328872911894,-0.0034266944129578425,-0.023259897912497385,-0.0357142818022782,-0.04054052043816225,-0.022326970954356873,-0.014285771277740555,-0.006118714405479286,-0.013120145756337687,-0.04379557928093092,-0.012522346978606547,-0.034130410064612815,-0.036397163508925634
2022-05-11,0.06488522975207056,-0.04578577882810875,-0.05221603412132603,-0.05100273058354465,-0.07430618821459434,-0.0709588314722428,-0.042253499289700236,-0.01865549769553143,-0.021286138304675184,-0.018263984457661198,-0.014540962867284457,-0.007633616683796363,-0.018115888045699635,0.019581454063812398,-0.03446434868046633
2022-05-12,-0.07977568252287648,-0.04994130401828967,0.022421445373864257,0.009057880949774777,-0.02611211640031852,0.020491948849174824,0.022875794222161128,-0.026221044989450326,-0.015270625519427039,-0.013795932697283408,-0.02276550584409709,-0.04615387549767125,0.005534858651167429,-0.032891903479238316,-0.030058631609335307
2022-05-13,-0.10885177063565832,0.049886663932708464,-0.015664122161252347,0.00837811400970212,-0.018272182809954907,-0.006936929030294636,-0.004792406244557568,-0.029619765312081436,-0.010338399665992037,0.001695664501667693,-0.016393395519802123,0.00806454714081517,0.003669932156155742,0.01711941075291712,-0.0164065918537728
2022-05-16,0.050724091025759366,0.04987239152380707,0.0,0.004747887398086625,0.023467518026953016,0.14227951799960792,0.022471959055076374,0.028442599703781157,0.003798517866724138,-0.004655080856846849,0.013596457660123074,-0.048000030517578174,-0.001828295252245038,0.017055743532742085,-0.004170025952774492
2022-05-17,0.0017969486540700963,0.04993450734973082,0.021005703943113296,0.02835191658991798,0.08005544524800268,0.02124214469053065,0.03296693413530871,0.015177227178888364,0.035477863142971744,0.014668374269313,0.028126544028932443,0.04621850490469104,0.021978020271539833,0.06420994294983395,0.02419459815921199
2022-05-18,0.048254460789198594,0.04987529867299623,-0.006857847402154449,-0.0011487924051800658,0.019765662878690637,-0.04790410429306613,-0.025835788162758888,-0.013289048004952564,-0.0031977998071608393,-0.04504499364627179,-0.006313259437008223,0.0,0.01792124689204644,-0.014306417353417866,-0.013515118646384772
2022-05-19,-0.03280334479061742,0.00916187526483303,0.0012554405030078541,-0.01782627942188464,-0.04163684606071194,0.17245940261673876,-0.009360384898553953,-0.0033670645755300432,-0.01054080995125406,0.0017550807298729598,-0.01567123203583387,-0.012048162315524302,-0.031690209963650795,-0.038914633439674495,-0.03338696343899372
2022-05-20,-0.01892129348705507,0.049932771411575816,-0.008777399368880223,0.023419269271283794,0.09868932197685076,0.1572558386461067,0.00787411509647451,0.010811031388834103,0.008337376232285365,0.0032851573445211724,0.013338921404452142,0.044715461967972825,0.014545427357150365,0.021011137786667078,0.023463371759033347
2022-05-23,-0.011127396817522395,0.04995995026050193,-0.01012020645437417,-0.0005721918593357689,0.05812156442727012,-0.06269817626397878,0.01250003533498023,0.0036762592266519345,-0.001378271233711037,-0.019428052568738363,0.010615626948594636,-0.0350195135860365,-0.008960585458447023,-0.01479089799584321,0.0
2022-05-24,-0.04983656635366951,-0.04987037475953793,0.005750730233848866,-0.04121353007910655,-0.05251291908163813,-0.04242581357149755,0.023148104755528864,-0.02164507053940956,-0.00919942582013722,0.01068553182087495,-0.007563068762304059,0.012096820711222644,0.0036166874050396203,-0.012184498880551509,0.0019785089520207855
2022-05-25,0.023896478800404797,-0.03900482078545908,-0.014612241610179377,-0.04477608503841346,-0.07004407263438361,-0.0812720989895579,-0.037707408189452174,0.03914251807830982,-0.006499628907687183,-0.009471163218134682,-0.013971160316436637,-0.0358565579622343,-0.027026985737391374,-0.026872309655653903,0.003135796310251182
2022-05-26,-0.010675061884821146,0.0499415689295164,0.002578873672159032,0.06812515346347214,0.017184697823113382,0.02958583041450935,0.02351099665547407,0.009826124149617588,0.011682089707890642,0.010451221756603735,0.019321765569181748,-0.016528988151582213,0.009259113874720004,0.0024898151511631994,0.02107217056167232
2022-05-27,0.0011321400979089624,0.04390712868965463,0.014791010924062098,-0.014628587351056987,0.018691565723433223,-0.005172645483011773,0.018376609879537043,-0.024002405965879325,0.0073904390065020475,-0.011003614293055408,0.010530440781041595,-0.004201616694398003,-0.007339319800450439,0.014450173788313148,-0.017802505891819975
2022-05-30,-0.006831475068288295,0.037031395968698755,-0.015209169240685827,0.019002429221069095,0.010838651968054558,0.004910709080607756,0.009022566715932046,0.002990897104651058,0.016964593497894143,0.015798969501637172,0.0008337719853501735,0.012658195249076298,0.014787480801178532,0.03828176572309383,0.026206510363607993
2022-05-31,-0.12209233058116054,-0.04996328248939119,0.003861072437362889,-0.011654995255512057,-0.027421349038527443,0.06582331544038711,0.002980586514974126,0.033797283272458234,0.004057745930670764,0.02037250238395738,-0.007496697871192115,0.050000031789143806,0.003642960806047535,0.008145775298392,0.026099491706652822
2022-06-01,-0.021466914320655173,-0.049961380985283466,0.002564109881291632,0.024174508715232745,-0.04355682344689071,-0.004854144666202487,0.01337303660590261,0.0051281431216612106,-0.0031432348222181217,-0.01588672475760533,-0.0012590548368578425,0.04761900076430181,0.0,-0.010206206275925611,0.05087170707617594
2022-06-02,0.04187406589036269,-0.03826112901627021,0.015984500981895966,0.006332811479472067,-0.002267682560975426,-0.0008129555643877628,-0.020527776444402845,0.014349641369328925,0.017117304739273864,-0.015924873963397035,0.01554612766737673,0.04924246830279122,0.023593526608510995,0.006229776412989496,0.003442886629500874
2022-06-03,-0.03629661576579435,-0.038090401415680875,-0.002517201963377236,-0.024027357773391933,-0.013068165147412825,-0.0170872030800846,-0.02544914900069495,-0.025463564143894835,-0.011514749754860776,0.0019948895642245557,-0.014066801323791567,-0.04332132598873306,-0.015957555960437908,-0.013449950344147976,-0.03191929992527365
2022-06-06,-0.028853951249357634,0.0499824035170946,-0.013879997815960499,-0.0023448194792705657,-0.018614433267243657,-0.022350999149600148,0.016896989022683995,0.0012900554975063816,-0.012545089496249329,-0.0053096164583694705,-0.030214073979253908,0.041509448357348155,0.010810733186295662,0.005193657805902863,-0.013747172038310329
2022-06-07,0.014924972829051919,-0.023131094060421686,0.0006397115863445713,-0.014101096824221337,-0.010950353863992235,0.004798254351662701,0.024169450656090552,0.013208847733642948,-0.004990686676361489,0.00088958772448966,0.0060578386465413026,0.036231883557196864,0.014260450532541435,0.010764259812333421,-0.005444850427553383
2022-06-08,-0.014951469501674142,-0.02367874540704684,-0.0012788329465258652,-0.001191823532973868,-0.01917756427922679,0.06151675038239701,0.0014747793231275619,-0.0012717071138345082,0.010031866053623606,-0.0019997663733438698,0.021505552534950123,-0.03146851771069881,0.01933209503735367,-0.007454717092848173,0.003065709977771558
2022-06-09,0.005965924776262677,0.011423509556252265,-0.0032010621338255385,-0.00835331997322375,-0.018343042493219275,0.021434248320242988,-0.025036929378847383,-0.012098253726925967,-0.008675702321540024,0.0013360294296782538,-0.006315806476797636,0.007220175093222592,-0.0017241254547593066,0.00021458009462937966,-0.0015280973930271724
2022-06-10,-0.03036992695041607,-0.02658555689974018,0.0025691649653458715,-0.013236975394907868,0.017453832015702275,-0.01891197200790773,-0.006042346397017839,0.0006445715840857069,-0.007830359664474651,-0.0017789957821839897,-0.001695100464278676,-0.028673808171997717,-0.020725458026845334,-0.012014580507490491,0.01891327250065955
2022-06-13,0.023384146652730697,-0.0496251116847608,-0.02946820164493902,-0.04207314629340475,-0.06861762395950055,-0.05043565566031727,-0.044072761189999476,-0.04090175651044914,-0.02692647219788069,-0.00935637280422108,-0.029286853465432472,-0.047970521258667076,-0.031745953416398964,-0.04668838959109267,-0.021781045806490318
2022-06-14,-0.005531745950953293,0.0016904611147727788,-0.011881396895427443,0.003182761599629158,-0.01755143432696893,-0.02474967646094961,0.01112869570338626,0.016789747941682087,-0.02099281839522049,0.007195993390550992,-0.00743331641516376,-0.003875909964270452,-0.0054645956503468485,0.004100138053037661,0.03400236527525902
2022-06-15,-0.017274646772362012,0.020251227813169237,0.024716201368114366,0.01015209847982379,-0.005293388741218208,0.004847415701970004,-0.015723264902739897,-0.021466247812307437,-0.005360373416572584,-0.007591117347202969,0.001762072555983929,-0.01556426124530419,0.003663055141880589,0.0013721171446525737,0.0062585502117584735
2022-06-16,-0.026594988565174393,-0.046866370965112814,-0.03129065802267239,-0.040829169678071264,-0.05809306024508254,-0.06157778296998195,-0.02236419548822821,-0.03509954343681221,-0.022538249268541533,-0.026546618216698126,-0.014511586799008658,-0.047430786236270284,-0.023722766508047055,-0.041790274338126876,-0.009593102493829053
2022-06-17,8.767717620417059e-05,0.0077130294345155725,-0.04037690197395882,-0.02292075678302752,-0.010593291885200973,0.002721522774605578,-0.01470596826285675,-0.017488646467679003,-0.008521043289352104,-0.023110557797803022,0.006693100973917954,0.008298707569506902,-0.020560602659229765,0.002383155218580235,-0.008834429922226494
2022-06-20,0.018933542389517832,-0.04994253500729395,-0.0406732011852593,-0.03686313760412929,-0.0697120505881581,-0.10916765434503262,-0.039800969080987514,-0.022784063064170246,-0.006066844730575505,-0.014667877035235088,-0.014184119525319616,-0.086419693006341,-0.013358763340499125,-0.07322875715611254,-0.025773242308755884
2022-06-21,0.03753617426402345,0.023363541022400236,0.03508768732692813,0.04314541371623193,0.08107423628538846,0.19803644292083278,0.0431779163039574,0.019672289061836157,0.04323473377575415,0.010084101113743804,0.04181638094800011,0.031531478897937504,0.015473858154646525,0.04951263927800431,0.021494634083339736
2022-06-22,-0.04035155656688161,-0.02656961724720608,-0.025423800750501768,-0.011340939150479956,-0.026259773364377015,-0.029386700405451438,0.023178857065509595,-0.01643444202033706,-0.016577002014280473,0.001426335987890326,-0.00474734758281159,-0.004366828957883873,-0.007619073613092109,-0.01588854696926867,-0.006150734113273493
2022-06-23,0.0349346381354525,0.021431487927863424,-0.0014492795700485894,-0.002699006317632091,-0.010447111123556785,0.020669484951974848,-0.004854374007331574,-0.008354648649912644,0.012394651628454323,-0.009969323206074687,0.013876856144316996,0.017543927160695638,0.0,0.008196661741773248,-0.01020636223565019
2022-06-24,0.03386669018279531,0.04691209244675609,0.02031936241750798,0.009472144059452292,0.024306436180352886,0.021392017631722826,0.009756037770142667,0.0007326394620228438,0.004407154335573038,0.00191804026928577,0.008981876946098089,0.021551723429195757,0.0057581975283487186,0.024390221457959438,0.014918966257094324
2022-06-27,0.03232668476386236,0.031953156757589474,0.007823603718570604,0.019437123261253353,0.046500536420684524,-0.0005586504120412839,0.040257601146891586,0.013909262035266767,0.017552626590859877,0.012443394818009823,0.01186960443009033,-0.0042194252426397405,0.005725230520118529,0.0012026173264929607,0.015239827774554904
2022-06-28,-0.0040675038348085835,-0.009710563873462252,0.02963998092364495,0.0,0.005267925295266984,0.01816170232743408,0.006192002074002723,0.0007222471939594133,-0.003833064018018084,-0.005908932356958663,0.007121906466871053,0.0,0.024667913981906153,0.0024020464724139323,0.012030211075669817
2022-06-29,-0.0042673636768574275,-0.0007400724531354541,-0.02810130892656304,0.0013149555579636818,-0.014809734152183895,-0.010428147153643708,-0.04769227200885362,0.022727093957216837,-0.0009620371119068993,0.0038040428316978847,-0.001664185957958586,-0.004237304231073047,0.001851838476474299,-0.006470118535298552,-0.03197974050807284
2022-06-30,0.014671096981871301,-0.026661704711345546,0.004231198083261667,0.005252694689625859,-0.03815915435633743,-0.01580705906849822,-0.006462019240270678,0.008112936401246662,0.005777333325422518,0.003789742104272076,0.03124997918658745,-0.021276595744680882,-0.005545324891076064,-0.024602072116177598,-0.018365647696931053
2022-07-01,0.017646169806664336,0.0015218153227907205,-0.002808997018746706,0.004572174190560219,-0.017792675676923997,-0.012679641899335015,0.0032519892431508435,-0.015745318704015965,0.013882543047436746,-0.025483721767574186,0.015757686138616167,-0.008695685345193604,0.01858738490839751,0.02373885458860525,0.014945279671524814
2022-07-04,-0.0407659449661919,-0.005887965134030226,0.016197324882562425,0.0019506315349482328,0.002203136513382997,0.010844704649840553,0.02269034606280651,0.005332235856607026,0.01558044328049002,0.02033888087528002,0.026650915103908934,-0.004385898134529276,-0.0164233168658946,0.02149762986995407,0.015925083682371444
2022-07-05,-0.0038224417419815415,0.004012210238067304,-0.006930088087197306,0.0064892289767064515,-0.011968730001410632,-0.004234622451050107,-0.00633899243203806,-0.0038894519863607036,-0.004648852066364895,0.01637400150681989,-0.006199411726817927,0.0,0.009276449375901663,0.006384515296325111,0.013420600640567049
2022-07-06,0.014549097421983515,-0.00019026301956925895,0.006978449355946159,-0.01225012821699245,0.02917178975195034,-0.01417655233117765,0.014354013077357397,-0.013489685160615328,-0.004203475768166598,-0.017277469850970117,0.01091643958489219,-0.01321590900115599,-0.0036764439429191054,0.005639056639886064,0.01197151121973894
2022-07-07,0.0031517571854253745,0.04910540486105974,0.0062369311943986094,0.008485622326216413,0.033869871756227354,0.024733973799027753,0.0078615985873558,0.010795321973177341,0.010318900236307993,0.009978566605958639,0.0023137638434125307,0.022321428951560307,0.005534858651167429,0.002570050587212158,0.005653309759697134
2022-07-08,0.005917185483086396,-0.014695166442124097,0.0013774144380234166,0.00906148698725806,-0.013708237079419261,0.004209939945632124,0.007800275948974367,0.023140018808115004,0.01160610215494251,0.029404978687427308,0.0065410776746310795,-0.004366828957883873,0.0,0.02563513136701845,0.001145096864050732
2022-07-11,0.14906303886322236,0.04989871139656055,0.00275110078935481,0.008338554183823677,0.07043581295262924,0.008943608426038363,-0.0030959343573898623,0.007654697394721133,0.013308826471678747,-0.007998371389437264,-0.002293624930507443,0.021929825295224914,-0.001834693822147293,0.003181048456653679,0.016845160589151087
2022-07-12,0.03959494347387427,0.026832668660362158,-0.002743552998534793,-0.006997302666272964,0.024868040037605788,0.0191135197953598,0.024844792784371128,0.01588391967278846,-0.0022643677519408323,-0.016355696091364003,-0.01233098043875036,-0.012875504158102014,0.020220519616442223,0.003397554403806069,-0.026689857380378323
2022-07-13,-0.08279769038021567,-0.020836847513289736,0.004814227367914148,0.005124934167298312,-0.019325809176820363,-0.013318868499622272,0.013636312610852963,0.010197330497408341,-0.011348167011548393,0.0044499006103453365,-0.016109442847835664,0.0,0.007207231843356476,-0.003386050114328687,0.012502622898533655
2022-07-14,-0.008433305618244402,-0.010291298338460875,0.022587427166500085,-0.012109590657298996,0.01576528429865709,-0.012947636286578357,0.022421549205877467,-0.002019065248950125,-0.008723608112327863,0.0018650434175304653,-0.006958686109980183,-0.008695685345193604,0.019677930486818873,0.0027180576234138165,0.016706443089734124
2022-07-15,-0.00687594521142787,0.010750736299075525,-0.007362834891971981,0.007741794363272714,-0.01379616102293646,0.0008373247154771501,0.011695751020308176,0.009777586511896974,-0.005095143411093517,-0.02583193574013598,0.00247314876125726,-0.008771879924703185,0.02631582470426741,0.016489695715523833,0.014594823000494639
2022-07-18,0.0099390146078,0.01081085899002776,0.004045804501092487,0.01344440787475043,0.02316945354501443,0.000557596935660376,-0.01011547407651836,0.0003338496504805555,0.021415215391573206,0.004538847326544415,0.0168587726426066,0.017699097866309854,-0.01709396692344467,0.01244446934569532,0.03983504230622015
2022-07-19,0.007524184879971418,0.012075158418181964,0.0073875597170594,0.012634326710863508,0.01260419906538135,0.09253072779857496,-0.014598409330465745,0.006341950572316568,0.024157071889085557,-0.001188793195662341,0.01900510080992235,0.026086973107379396,-0.015652208277133428,0.0008779111808034923,0.012479363086982609
2022-07-20,-0.011711688559447597,-0.011760672375036973,-0.002000094733831781,-0.0037431749948170223,0.019620215310027334,-0.0033161961927034023,-0.013333473725992473,-0.001326884453721755,-0.00890088486289764,-0.0035716663318724473,-0.007142892783494004,0.004237304231073047,-0.0035334685950854094,-0.0017543505176088603,-0.022358009427671632
2022-07-21,0.01221031069215961,0.014142802712974856,0.0020041031299480316,0.005635805999423926,-0.025243094508128783,0.009469989204057727,0.004504509457264438,0.001992913650561867,0.0031434652350472714,0.014575956950585889,0.0063950073978682465,0.0,0.005319034986356108,0.010984148496683499,-0.0055707756436977895
2022-07-22,0.00507166781461077,-0.009183689158740571,0.0006666982446106307,0.009962457550972692,0.008490735857416665,-0.0025354998688232877,-0.007473806810502914,-0.012595496952391483,-0.003581051059874385,-0.010833578320749604,0.001985740983553752,-0.00843885048527937,0.0017637305401954073,0.0032595640968808848,-0.010909083533607422
2022-07-25,0.008087975137020864,0.0013731862917873983,-0.003997524325213164,-0.014796485777770707,-0.033256168828987964,0.01448913638020266,-0.006024081144524129,0.007720712701191124,0.01662142798798283,-0.0100000636784493,0.015457677083766663,-0.017021260362990343,0.0017606252716340087,0.007147445852289769,0.00208661364976348
2022-07-26,-0.015882388548599136,0.020569090843346904,0.0020069034429190946,-0.0031289853378391186,-0.02982799467888475,-0.017790030425868464,0.0,-0.0006662576965791311,-0.006186404438437765,0.00577175888074688,-0.012100154628611914,0.030302980261088797,-0.003515061836567246,-0.027311851810250642,-0.005156163225736865
2022-07-27,-0.0021153477900087703,0.049546535397686275,0.005340468857170988,0.03389826940391938,0.02221733023376582,0.008928581145718484,0.0,-0.0020001056755377666,0.012894694209395707,0.007412914647994651,0.0217307615291924,0.0,-0.003527236772805975,-0.03603806400895959,0.016844416048012567
2022-07-28,0.021317645312929123,0.030404827334743922,0.0019918896063233493,0.004250151234811206,0.06608109097171977,0.015423597556619262,0.02121203458741694,0.004342305049126027,0.006584767979122441,0.01685238411713552,0.0015467209555435346,-0.012605010364596936,-0.003539872278868983,0.0006879970255568857,-0.01421289117392821
2022-07-29,0.014342685557184875,-0.024848555509977444,0.015904619016296806,0.0006047107014330866,-0.01668030494879824,-0.002739193643691351,0.013353258622658792,0.017292972857999578,0.011338778101934732,-0.0011669845860644568,0.011582938135060505,0.05531911647066168,0.007104744377694816,0.017190097856419007,0.0435519046320989
2022-08-01,0.045523521507715214,0.025163271349212035,0.024788010575077957,0.0187311566367645,0.030994717665556948,0.005405513034965059,0.016105328077465897,0.023210233845843975,0.009918242503590857,0.02337002892402884,0.014122215385748538,0.048387129026447706,0.005290967313001493,0.038080244254455664,0.004573436452963486
2022-08-02,0.009873752761574428,0.020817093066875403,-0.00445574507742752,0.016607250514317773,0.06276660281342372,-0.02483367754711474,0.021613856106077245,0.01948879319753205,0.022203087734472327,0.01667038486767325,0.011290857975595925,0.02307693774883557,0.015789584073371277,0.009984755618641872,0.007682976474270742
2022-08-03,-0.03987100519615572,0.03363261475063517,0.031969229676211075,-0.012251941953343448,0.01108576518061355,-0.02047782910590823,0.014104366956923853,0.0006266873132911854,-0.002088536504469385,0.004492335210409815,-0.0044658427303659876,-0.022556404994930057,-0.00863558920629326,-0.0006446737717917816,0.0034824690658679103
2022-08-04,-0.006191665553715087,0.022526484401414804,-0.009913287967489137,-0.004134671009555224,0.03478259749092416,0.016349638689725277,-0.008344932337163935,-0.031005387457866296,-0.00627852820242647,-0.012522262543112839,-0.007850426801904842,0.015384600712702756,-0.01045295987107453,-0.020860285980147664,-0.0027201687514987194
2022-08-05,-0.038681851200968675,-0.04377240345162836,-0.0031288368032688085,0.03024903068761553,0.044208881895468455,-0.005010627624637998,0.007012529515907362,0.005817795144122728,0.00042114785120084264,0.012907566504502643,0.006028848707737122,-0.0037878932922231767,0.014084479710191333,0.019547660527242883,0.017400185930087853
2022-08-08,0.028012535071597844,-0.010390037695479526,0.0094161950148135,-0.00460565474897634,0.09044789439289658,0.009541439370513327,-0.02228412841158134,0.02442154665717644,-0.008842241869908118,-0.007824704698279894,-0.00037463507199375634,0.011406887951024514,-0.022569428855359952,-0.016587734927757114,0.014144584863662546
2022-08-10,-0.0001154627774052619,0.03393176637429174,-0.004353218679748805,-0.00867554716277763,0.03064331403961207,0.013914423412670018,-0.018785989816007653,-0.004156009397214722,0.005522624467462656,0.007210366378124888,0.0011238457001869762,0.06390973049666138,-0.0035525227896693323,0.0010952595573550106,-0.011394666273744303
2022-08-11,-2.3117776047354432e-05,0.007799947498086102,-0.009369143312211725,-0.004667262046088028,-0.011052336760342008,0.051009860719439803,-0.0029456593267195297,-0.013483327842556347,0.008449340889524981,-0.0029082758473641945,0.013847188541018074,-0.03886920508042202,-0.003564961495393093,0.003938634216757997,0.02692487977021174
2022-08-12,0.00512730295023478,0.008031474816036166,0.0018914161414167463,0.0046891475263663995,0.0075554588824435776,0.011579287331463073,0.004431229205583032,0.03156539816002968,0.01173035638951081,0.023334177790259147,0.012181853385430097,-0.014705938038939936,0.010733526940788662,0.013077703798282547,0.04013637082851673
2022-08-16,0.019393359913545405,0.04983344201416906,-0.0050345159916623805,0.016336053041399845,0.0421810032285701,0.08061377294835625,0.014706016422332269,0.0015773032870125547,-0.005383032860656778,0.0035079594098934574,0.0021881322020793625,0.0,0.01238929035754155,0.015490488149304094,0.0030214011798257445
2022-08-17,0.003989765508548793,0.04995163593502672,0.019607871847361125,0.018369741730733358,-0.004047331418860378,0.17692124684460464,-0.011594183991132545,0.017007920301564505,-0.009991856243187103,-0.0015295731282994884,0.023774576864713515,0.018656716949027707,0.0034965524750059096,0.005508544769760926,0.0013771757583604938
2022-08-18,0.031117418696805066,0.04994090201927803,-0.0062035469954752065,-0.014656113936966197,-0.01595432630024418,0.019149698310762187,0.01612911460213451,-0.004026013333947476,-0.002523028600353694,0.012472822770466907,-0.0004736692611908566,0.04029305539234018,-0.001742295383692749,0.002739085092848814,0.009883879210026647
2022-08-19,0.0500794718180706,0.03129302815245638,-0.008738935163545847,-0.025171837416935072,-0.032731748072527656,-0.06388574010546777,0.007215132588079154,-0.018967559907838938,0.0029511094695364726,-0.004146710549892907,-0.005215842487324318,0.05281690211788903,-0.005235564907420942,-0.022273578765547475,-0.0018724198136554904
2022-08-22,0.04495402905165502,0.04988470252213584,-0.0037784041913542232,0.004108177851067429,-0.0366855125883957,0.032918491181720855,-0.027220747157853165,-0.007924010440491847,-0.009667803754471516,-0.00964277829535376,-0.014775896186376314,0.046822730314104666,-0.010526166255220404,-0.03653554977487594,-0.004860236001462237
2022-08-23,-0.04240503925240602,-0.04994219300374825,-0.013906431170054412,0.005260010572156748,0.04711097069362524,-0.015351657647821204,0.0014725169872253918,0.013738007384077155,0.0021222221948085096,0.0070813091012627005,0.01983561337718842,-0.01597444128394665,-0.0017731118846452398,0.03256749579881646,-0.004626831974823387
2022-08-24,-0.022400350978090344,-0.04989046554996024,0.003846107747862648,0.03604658916364034,0.019281924129911143,-0.014801663774382523,0.0,0.013551832213066328,0.0012704988704761444,0.008349807113138707,0.0018974782885134989,-0.006493469498212501,0.007104744377694816,-0.007993118669200494,0.0001722625836499958
2022-08-25,0.0040061685909014155,0.007940511048257992,0.011494229347189577,0.007295064659966322,-0.010765832049894009,-0.11137819220056189,0.03970599456718493,-0.011815998935628791,0.016920621057166185,-0.013728424236000958,0.020833187151036325,-0.016339869077347524,0.007054697853196901,-0.0013066107617657474,-0.015491680279331344
2022-08-26,0.010323840167116183,-0.04574331148308264,0.009469696543868755,0.0005572097476675975,-0.0066853711646931435,0.05297544508783347,0.0056576995385158035,0.028319669074394316,0.0024957407308001667,0.01833830356355337,0.0074212047658890334,0.07973420558518574,0.012259180352881094,0.02529443992410174,0.007692839532153606
2022-08-29,-0.022944270125901167,0.04993342311840698,-0.025640905710503814,0.03173719948203213,-0.004382516644058199,-0.016056324033024483,0.015471127724085543,-0.014993806311981661,-0.01576765078771203,-0.014753761288148093,-0.012431002134244196,0.003076876126802963,0.036332212162539346,-0.010421175753930423,0.004164039837097677
2022-08-30,0.042068502858341184,0.04996832615918656,0.045571115632608405,-0.0037776569242866653,0.07231560605200094,-0.00761537609590468,0.06371201790107883,0.0189500943854628,0.008431727338109152,0.011231047276335726,0.013986105593042586,0.030674848061536863,0.02838064183441613,0.018482744189674438,0.005874843618939529
2022-09-01,-0.017691426968009294,-0.013165889059444713,-0.012891300094118652,0.0021668077748568937,0.03577193509691812,-0.04757727662376987,-0.023437488769561976,-0.02012217608604594,0.0008522878602248429,-0.015243887412556556,-0.012413767106547846,0.1994047936668757,0.014610352853376307,0.0010550453473110455,0.0016318677818869531
2022-09-02,-0.004178680202217122,-0.01774782132685726,-0.0049751387027828775,-0.011351348999713462,-0.012597287036391402,0.018416243779811214,0.03599992572081945,0.0068449548623279455,-0.013197172751722608,-0.008403462464218414,-0.002327701983183439,0.05210923892244557,0.0,-0.00843166403571527,-0.009775254768005559
2022-09-05,-0.01229492997668924,-0.028411199742017113,0.015625073036982906,0.001640279514923959,0.020355474867069345,-0.037070576981223735,0.0012870675396778886,0.016687631889652055,-0.012510716757825335,-0.003568076811431231,-0.008399421849345612,0.0990565282333471,-0.0016000563265409218,0.005314609223335376,-0.008313280252768562
2022-09-06,0.008964165637658894,0.045915118314812764,-0.0067693320569196525,0.0049126886854578,0.009131680304741652,0.023004603865022677,-0.028277669756453738,0.02401196743203715,0.017911721420929894,0.007385773196009637,0.015999854364816768,-0.05793985057191808,-0.024038493874964595,0.04609857912403448,0.013098049465139816
2022-09-07,-0.011768896509824156,-0.0035561116453090014,0.043370469364153674,0.009777253242963413,-0.01768063737840664,0.009178614982689792,0.006613759882671655,-0.00682688082940619,0.009870960685841368,-0.0028880791497375435,-0.0009264618561667382,-0.013667477630146752,0.013136404562305248,-0.00161717184568122,0.0012068233027526798
2022-09-08,-0.0054964539560414805,-0.010829496181124831,-0.015439211284464904,0.0048412469841423444,-0.0034012607735718348,0.011596307022559094,-0.01051224322974642,-0.002988572240490428,-0.008499499025683921,0.0,-0.012980887711984246,-0.016166299659892913,0.01296593950996372,-0.008301320260386769,-0.012654880585289185
2022-09-09,-0.007776245626561318,-0.01219203484729392,0.004221831473002258,0.0016060339193431084,-0.00753696863331299,-0.011463374215640143,-0.025232567870029476,-0.0011991343837737256,-0.004286522151496719,-0.006684514929536811,-0.010333418609717704,-0.0985914811896913,0.0032000448224689393,-0.010412338016193012,-0.013514672859450294
2022-09-12,0.017293514623664574,0.0015112734871722822,0.026426395080231924,0.018172173574674266,-0.0007165434158716844,0.007958151988354478,0.006812107636807951,-0.0012005740333773662,-0.004735227555300314,0.004710648853263333,0.006169937396331537,0.09895830953286855,0.007974423965517285,0.0018568050969216543,-0.00839672171159389
2022-09-13,-0.008616502578090657,-0.01006030503187949,-0.012873010284466746,0.0015746643979999142,-0.013335220606607301,-0.0054138946168045265,0.001353019495018204,0.006009677564513316,-0.0008649928341569746,0.012725883682791261,0.0004717071914830395,-0.04976308651308381,0.004746868452009778,-0.00720763257169188,-0.014796350211461196
2022-09-14,-0.018003470745039496,-0.022992854808514984,-0.006520442870362908,0.00914962869015068,0.002179975546306556,-0.0063506519892961855,0.0013513060674388289,0.02956997345292245,-0.004329103517858313,0.025352860582144254,-0.008486816936866037,-0.04987531361854591,-0.006299233941369775,0.0018668191078496932,-0.011037642071463072
2022-09-15,0.02193050337715796,0.03809637935597632,-0.005966551104603979,-0.015466655287680098,-0.012615941468990366,-0.010499910733210549,0.04453441249147483,0.015956066534641877,0.030869640774846108,0.021715801234202692,0.011888102608452966,-0.0498687083274344,0.028526078270588062,0.016149080651443493,0.013082004463552899
2022-09-16,-0.011647171732974582,-0.028682281953537947,-0.03661466940393099,-0.02329360564444949,-0.03260401468356933,-0.04567466140916299,-0.0012918367089433946,-0.01313550257908147,-0.039223874444651696,-0.008207200318272045,-0.02208643743494998,0.019337037242719957,-0.0077040400697092615,-0.037082279027709664,-0.023659203303119547
2022-09-19,0.012842095634071127,0.010573818988465211,0.016199478700975156,0.028840805484268373,0.045392349006459165,0.014261402827841607,-0.0012936175710509534,-0.010416792561749988,-0.009657734976024956,-0.010608957837686561,-0.009130400643911352,-0.04336049383890239,0.0,-0.01671593941529881,-0.002774661673593304
2022-09-20,0.022843928350319676,0.016332764252106724,0.0,-0.009164337871681472,-0.015248209622454212,-0.014060875024998198,-0.0025906963738171473,0.0052632718214233876,0.004875958200062813,-0.0019299915670655254,0.004364778799965885,0.031161538600360528,0.009316768550822419,0.01248110101349198,0.011593473779309749
2022-09-21,-0.015479448780008953,-0.019460176046000477,-0.02023317814981407,0.0021761542496794295,-0.005161622015707357,-0.014019937154287843,-0.011688469960753567,-0.019197127177189466,-0.004411015866051304,-0.02428034264229484,-0.006760056423791405,-0.0494506312170917,0.0015649304269917952,-0.017215734599777544,-0.014852838832388637
2022-09-22,0.00033860200253577055,0.014724731732997043,0.0025031363028644726,-0.00868615876304435,-0.016750540468171482,0.017651390672823286,0.0302234943910189,0.0002962809291056079,-0.005759969465611858,-0.030609932504491733,0.007778374294978185,0.0,0.02343747405381702,0.0019463525881595611,-0.006049345304805831
2022-09-23,-0.01681756572925186,-0.02687693695164628,-0.009987433869417806,-0.029572848652721362,-0.03784103238757841,-0.036135811699319564,-0.017857084828599934,-0.02786823370507152,-0.017825517449759687,-0.07973644017680337,-0.02267251973591189,-0.023121366252628617,-0.013740455878125335,-0.030865484403697185,-0.022939954761756254
2022-09-26,-0.04884136034181896,-0.04953318929949757,-0.013871358103257458,-0.03781034646238279,-0.0719210330333363,-0.052986788470400725,-0.044155792591971665,-0.032631862384655985,-0.03357510100105687,-0.008392939736324823,-0.03405734246562586,-0.03254433428847481,-0.01857586996871663,-0.040980024996916775,-0.05203652991807639
2022-09-27,-0.028977332095960984,0.016507490233230504,-0.016624145167578153,-0.0064516277316564175,0.010467578044408787,-0.009237253218999486,-0.002717530517987732,0.0025220510855055167,0.0,0.019915388996397887,-0.010219725374015054,-0.009174288381074036,0.0,0.010218346413212842,0.019005243438433572
2022-09-28,-0.04437869721524079,-0.012884163963885586,0.0019506777702160694,-0.011216091379678605,-0.024060065054738233,-0.04581781147524999,-0.004087287721823318,-0.006603862641878289,-0.012206595498835293,0.013912314349875166,-0.012390335613734593,-0.006172862762975684,-0.007886426932768198,-0.016551817998766705,-0.019940295944549158
2022-09-29,-0.022915091724287073,0.004622655659869412,0.012978622452953337,0.03283580052611135,0.02396841145315043,0.042434445948051236,-0.01094377863459628,0.010130043159240598,-0.004277491194867533,0.0014446282076234773,-0.014636578064549877,-0.003105661069842447,0.006359306902667727,-0.007713829428312335,-0.022370809870219333
2022-09-30,0.12811556285739245,0.010962208218765035,-0.009609223467376471,0.016763088379144975,0.004347135524887191,0.0026780772610754955,-0.012448184442535593,0.0006265988220197638,-0.0014321007712827516,0.020192147081637524,-0.002652673180066234,0.021806878386732453,-0.018957365005864646,0.020023509538037,0.008283257362058594
2022-10-03,-0.08260350140066608,-0.04993301044072984,0.009055595389271476,-0.022171722286577045,-0.028133768785529645,-0.04300211111259433,-0.005602231401184099,0.004384614975565304,-0.007170009755872009,-0.006597271114325398,-0.023404096315731815,0.0030488503397696487,0.02093398210277919,-0.015473425353428438,-0.008317891091828566
2022-10-04,0.029001181710988977,-0.006622533642651529,0.011538437391737544,0.012209365190284593,0.004624828058953145,0.05386543015784939,0.08169009131657368,0.013720106689233624,0.011073455363146856,-0.0111483499457522,0.020152474843998736,-0.003039583105784893,0.04416395138183549,0.027680007815593433,0.041627800444713925
2022-10-06,0.03162777693952079,0.049929030398105034,0.017110287184251005,0.007466827879746285,0.1275360873344027,0.03177972585361233,-0.011718910249711834,0.002153038278371655,0.00619037976179726,-0.010313839034438055,0.019754478047497415,0.021341487171393725,-0.007552799717152503,0.012097796955323092,-0.0008946507982962038
2022-10-07,0.0011127543381064253,0.007430465775484896,-0.008722710879190854,0.01710381239883274,0.043399377385148874,0.015400318566421767,-0.0013171434635748103,0.008594276041633986,-0.006625631214295935,0.015026438156095834,-0.0036650927649458653,0.04776114848122659,-0.0045662940461448365,0.003608476983051334,-0.023184109895094784
2022-10-10,-0.021890525661931615,-0.020115327962165863,-0.015084894925174841,-0.013452879911556415,0.0007247474026292888,-0.010616754281947416,0.0052767548635404005,-0.0021303126311810194,-0.006669714312545039,-0.0021491197761447367,-0.022595632029625223,0.011396055363757984,0.0,-0.009662874145654587,0.0010186966298109112
2022-10-11,-0.0125700889388064,-0.023265320313975657,-0.015954126516857348,-0.01931810011360202,-0.053294790695203376,-0.04036796384517083,-0.003937099137955036,-0.017688356341718503,-0.015347549271110705,-0.0028713957179457017,-0.010215145831986017,-0.04788734543491413,-0.009174035391546154,-0.0145224795643214,-0.022082109752274093
2022-10-12,-0.013951498727287404,-0.00014014482059054867,0.018158289528643845,-0.0028969896585141486,0.0071898881432870265,-0.015175706123135346,-0.011857535919068352,0.024526670928085803,-0.0004873920911576679,0.034557128096702305,0.003802459048269702,-0.03254433428847481,0.01234556070289794,0.0036840866492477975,0.006971910285545446
2022-10-13,-0.007503215314784484,-0.027886741125964343,-0.007006474756660719,-0.00174316805352559,-0.027338999985694112,0.004325485163734877,0.010666875312657531,-0.0015152698554118382,-0.006335184421552231,-0.007422638449671504,-0.00487011854270325,0.009174288381073925,-0.0060976938495050925,-0.008258786792310735,-0.008887109704274199
2022-10-14,-0.024095841260027395,-0.044976252314416376,0.006414444527699237,-0.011641444977357085,0.0009368626924284307,-0.003768466798366177,0.0,0.0021244940748319507,0.0009810298060530798,-0.006076282018531165,-0.0005439934561710658,-0.018181771943063474,-0.00766870400941333,-0.0011565718814861015,-0.003232151119602178
2022-10-17,0.0596610802455515,0.028377317032723948,-0.010197607877167503,0.0035335597301509036,0.01201255895347475,-0.0008105955434447587,0.03825829333576536,0.020290673339071974,-0.002449723713059515,-0.003761988181202214,-0.0027205053285507264,0.0,-0.003091096820506123,0.009495116019980765,0.008995805017030012
2022-10-18,-0.00032488625298265905,0.014531124806619555,0.012878452751067027,0.01643194625164246,-0.007091127479047943,0.045700392782877186,0.06607396920440678,-0.008904811232899656,0.023084467648745832,0.002360206600759307,0.024550080044451583,0.02469133331433837,0.013953356737757883,0.01238821589225747,0.0003110543126227938
2022-10-19,-0.015763181043238483,-0.034722242918278634,0.0012714027769129554,0.01674373098787041,-0.010867886814965422,-0.019912032776512767,-0.04171644116062678,-0.01737040666315115,0.0009599783755698255,0.007299106203894512,-0.0021299664886912373,-0.01506024061776956,-0.01987768207714624,-0.010197211784983895,-0.002176496132383021
2022-10-20,0.00901021467858909,0.014538387334473546,-0.010793596811498163,-0.007950037923111553,-0.004080928775308967,0.07282313748540803,-0.007462647154694135,0.01767747153244592,0.012470047911305793,0.016830355152911647,-0.0005336282324253094,-0.015290519520925416,-0.03432124880293275,0.01098914567909759,0.008309206388542156
2022-10-21,-0.01570894153522906,-0.018466537965957763,0.0,-0.058385834730862674,-0.015445225109067762,-0.02484020286862476,0.040100072727148994,-0.011380425391695037,-0.0009473535754600526,-0.0009194696876105857,0.0,0.015527949942643282,0.021001552204333418,-0.009963883038561439,-0.002060200254235145
2022-10-24,0.007576094049279725,0.010084258644273536,0.010269376547692666,0.0012158353396254373,0.013606407136975474,-0.008070522757050003,0.034939817837420284,0.011511430366128561,0.007586447937714347,0.0071328359535263175,0.010678262871047117,0.012232345622296581,0.025316680240168532,0.0018297892335688015,0.0027870087105188457
2022-10-25,-0.019493269372421906,-0.009536572549959432,-0.010164988453659207,0.020036376239688902,-0.019583098990722636,0.040427263689935655,0.051222414410823314,0.01437577198671569,-0.0004706634626336914,-0.0015990913508575622,-0.0026414622442008096,-0.015105740877629392,0.015432079510371066,0.007534334628070516,0.044261395711035156
2022-10-27,0.01812596619193907,0.015194856592177786,0.0006416503053838785,-0.004166623335209452,0.01353108019957694,0.015884674027174084,0.004429624170826818,0.0076763075279409065,0.03484001883110732,0.02471382375452924,0.02224588549132056,-0.009202431015409296,0.10182355775384955,0.023566751525875285,-0.0018728277757027456
2022-10-28,-0.008996055888554899,-0.012151743539294935,-0.010262791424441198,-0.0035863622198514244,0.011601918187483795,0.002886633748550693,-0.0363836800953683,0.01992398586378652,0.035486873620321546,0.012952185545547668,0.03471469336926436,-0.00928790229556209,-0.013792973413029097,-0.003542171187001175,-0.013035710716738924
2022-10-31,0.0020727899808985484,0.004800475206185872,-0.005184835035530022,0.004798962043495392,0.060958443001084106,-0.053490038834290154,-0.025171655397871806,-0.005458237425670087,0.012741683113831836,0.005952402437183313,0.027040798133422417,0.00625002384185791,-0.0195805821376398,0.004221207306782659,0.009305517410575392
2022-11-01,0.00872609182957218,0.04180345300137156,-0.007166115767577641,0.01671653692600672,0.03168964293635357,0.027369372660266844,0.007042316695233364,0.05025996601794991,0.0056399234087651795,0.030681538521935225,0.005850635524333736,-0.003105661069842447,0.015691840262088697,0.02035408809561745,0.028155015900682923
2022-11-02,0.0074484614393046655,-0.01648038902259341,0.007874038748931111,-0.005872038572670046,-0.030429233667024325,-0.009373371846904233,-0.029137541250180976,-0.004675459018916639,0.0017254090821809953,-0.007867176544213095,0.0024238884835909857,0.003115336248348477,-0.015449410579137512,-0.006721636679454468,-0.022852121640217993
2022-11-03,-0.014201865638520217,-0.01865071878948865,-0.01041658092549913,-0.0017719976343788524,-0.020281223970086915,0.0017429303043485778,-0.0036015236768551784,-0.01547396985096261,0.006029365239997642,-0.022503292931984498,0.007253244774698686,-0.006211203670828613,-0.0028530996996899427,-0.007203682895535524,0.0061179316227693015
2022-11-04,0.0069065596266004725,0.02999264021122605,-0.0013157345972008017,-0.0041420651737351655,-0.01813239454238813,-0.05170261199899595,0.055421674173130375,-0.006735946604220389,0.0012843542294085353,-0.00833160624825069,-0.001440258248615267,0.04999995231628418,0.03290425813603326,0.00395782336893169,0.0018635253805026064
2022-11-07,0.020954602791691146,0.00504538648210362,-0.001976260706407329,0.019607888793163664,0.02308399098432834,-0.025688137087286567,0.002283222550700348,-0.00621625978502216,0.01752892795910621,0.008180370156532835,0.02575773740220999,0.0029762587309454247,0.06786697077182469,0.0037231213848007982,-9.782238635003271e-05
2022-11-09,0.022994897700938655,0.04934025216833682,-0.009241008115105198,-0.011655012320417657,-0.011732763821268866,0.006187843543676186,-0.0068336770709397365,-0.013932450090312964,-0.006302760649807837,-0.04056997338314905,-0.006893203559457439,-0.02373884922698044,-0.020752290812726892,0.009600741875817276,-0.009888457882234691
2022-11-10,-0.017828932520875695,0.015308844465894422,0.00266489758182753,0.0005895889792688624,-0.01613393073401659,0.0040106287321683975,-0.0011469452369439193,-0.007497114799545845,-0.012262091880173243,-0.017600134721863725,-0.011898981146162835,-0.021276617947535326,-0.022516565796184995,-0.009293367822130194,0.006625207689856749
2022-11-11,0.009512845207663156,-0.030156137595331534,0.0013287299093198701,-0.0035356418504302045,-0.005414560269373481,0.014380808655664712,0.029850820485380458,-0.0037768730506166914,0.029965856354486897,-0.003955193003043811,0.0025088181390897635,-0.006211203670828613,0.004065002542956053,0.0023996789563638377,0.0
2022-11-14,-0.008262349318152284,-0.0011105195729869122,0.010617151783488099,0.0023654257925749267,-0.00933286951881751,-0.0028878550459571217,-0.027870598035754535,0.0,0.0037406771090189306,0.011002140676807493,0.0020017933706537594,0.0031249523162841797,-0.020242838469897162,-0.008922790538879122,0.01453834379127894
2022-11-15,0.008445939699043281,-0.007643071558653736,-0.021667737275981702,0.0017699069009511348,-0.00031397128432453236,-0.007109038107314114,-0.014908340308789958,0.003791191901137747,0.0,0.02200135959207783,0.0014986888188681657,0.003115336248348477,0.03030308944851745,0.007905218306658801,0.006874426038056214
2022-11-16,-0.039509342842255046,-0.03332873212097798,0.0020135183472418383,-0.0017667798650754518,-0.01162243523780504,-0.011137597510432307,-0.005820724416573109,-0.01249262768824233,-0.00207044070620388,0.005092568501300576,-0.005486238077750727,-0.006211203670828613,-0.028074934690730524,-0.021350720627424713,-0.020386445373222428
2022-11-17,-0.003577852302869333,-0.026510239945180647,-0.013395944868802911,0.016519195296843092,-0.015572852379013402,-0.03164382173535085,-0.017564211962247667,-0.009708895969877562,0.021161988657060427,0.005527420095733371,0.00601807001321597,-0.02187502384185791,-0.01650603463625644,-0.01424760889515675,0.002650358817256171
2022-11-18,-0.008180440651397669,0.0014881861318036815,-0.01900869991696663,-0.005223528546602463,-0.015657757553927287,0.013569593756738607,0.0023836086594157813,-0.01455726564364046,0.014628032106637878,0.00022889952969484817,-0.0024925594014935104,-0.009584640395305044,-0.005594585271493591,-0.0042907983113206205,0.002741250117727523
2022-11-21,-0.03936887760633068,-0.015750447844305016,0.0020760995798261295,-0.004083971872703485,-0.0029517260133264944,-0.004644772573836553,-0.008323448388470434,-0.008742908588851406,0.0016019041947450408,0.0032059062163931618,-0.003998042134037316,0.0,0.03938125289641303,0.004309288599566585,0.025483381436340657
2022-11-22,-0.008585869726429163,-0.008152187997317317,0.0006904559665688037,0.0,-0.020230367290429485,0.0019214731019980835,0.0035971036218576113,0.016119139019518114,0.00359877080613491,-0.005706223525816179,0.0005018187828407239,-0.029032245759041064,-0.006765948553029255,-0.004065011218005399,0.00933069409048648
2022-11-23,0.025376378346308348,-0.007762473828388572,0.053140224260256774,0.007615744159512383,0.012590263142866043,-0.0013699857131805881,0.0011948045886747138,0.0059863952492638095,-0.0035858660959141586,-0.012167189377742194,-0.001002950416248316,0.00996675193549934,-0.01226157837018238,0.0013606049084120553,0.013489362410280537
2022-11-24,0.0032163264562361515,-0.0030680253128765322,-0.019004015351923864,0.01686045247710699,-0.002320997927405255,-0.0019204190703927537,0.03699291664458304,0.008628351041064297,0.05776331815206426,0.026028157979957722,0.03714844478584145,0.0032894862738344077,0.07310333393999269,-0.00022654159653323624,0.0016750358562265255
2022-11-25,-0.00934881534948473,-0.0030773496663504263,-0.005343977633219366,0.00857630691238298,0.02226650611609937,0.02116551844591008,0.009205967583321817,0.0014749413239010245,0.057319718141027876,-0.0006793968898578528,0.05566341630127325,0.049180327868852514,-0.0012853350629697946,0.015175592599731447,0.015610617778578417
2022-11-28,-0.01642827184572826,0.0132736625744585,0.006044432272729772,0.00623584235707586,0.013979194838748654,-0.011036248678020333,-0.002280521916192324,0.0038291595873924944,-0.013919449890551383,0.0031732072961703217,0.011003985351539791,0.0,0.02445322533651395,0.002231153689174814,0.0022873466255333152
2022-11-29,0.010724919967814106,-0.010814913449663455,0.0,-0.009014030349415725,-0.009618334199563594,-0.00462707316956934,-0.024000067550051796,-0.0014673504071832655,-0.0007427698632624935,-0.008811695174935963,-0.007256476082526553,-0.00625002384185791,-0.0163316073808788,-0.005120291830233548,-0.018712903440655015
2022-11-30,0.05191220329370516,0.024792124265843984,-0.0066755860714637905,0.0005684723771530731,-0.002428036555255364,-0.0005469279025763774,-0.015222469510561054,0.012048238458045812,0.010408742658453818,0.021199050063350988,0.008223123404265342,0.00943393849868146,0.017879671155506704,0.006041646076398566,0.0003720018305932715
2022-12-01,-0.0013937874660406857,-0.0070623771472646535,0.006720449007250551,0.01022724584383039,0.005030075178142024,0.003556759035389101,0.0,0.0,0.019131950136356046,-0.009374917987182374,0.005437259422023555,-0.0031152174104217556,-0.015056426170330872,0.0002224413943427983,0.009856704100842828
2022-12-02,-0.024248302058622162,-0.015435899579251844,0.008678172738479262,-0.004499364639460768,-0.004197745328846536,0.007088306671976907,-0.002377940579658455,-0.0002902841767712383,0.005776280193881433,-0.009463744794892648,0.00045062710483234625,0.04999995231628418,0.0,0.0017789277525257496,0.012338932140011138
2022-12-05,-0.009794924484274659,-0.006916645636774188,0.004632795207376805,0.009604432579444211,0.004539543051816697,0.003248526309521216,0.0,0.017426842237012963,-0.008255725443420792,0.009554162954825918,0.007657787914108871,-0.044642859170226146,0.04713374227109646,-0.004661453525586112,-0.004002110899745226
2022-12-06,0.010381506045562094,0.0054170944252400766,-0.005929016731996528,0.0,0.0019367265970118286,0.002428419769678447,0.028605125856844937,0.0002853949336583117,-0.0014476077683259758,0.007210401578103154,-0.008493675933708533,-0.012460988479613744,-0.0048659318453163625,0.0205173618057628,-0.007579859988267379
2022-12-07,-0.014830658136042674,-0.001077581524180582,0.007952309508148403,0.008953591176779074,-0.019652043107565742,-0.005114311073575184,-0.008111166086278487,-0.019121141362569705,0.029358349773642267,-0.010961960136088633,0.01938694183008849,-0.009463758270943368,-0.03300752829734943,-0.012893308734096331,0.0
2022-12-08,0.009839130457237388,-0.002157487917479828,0.0052595957328960274,0.0011092896145170617,-0.009858657448894026,0.002976146898352683,-0.01401861973184415,-0.008728237329803545,0.017957737147771047,-0.0147024141383163,0.011056974733536062,0.009554176689611671,-0.011378001196242327,-0.003542171187001175,-0.005337084812232273
2022-12-09,0.00036537244499457167,-0.023783797923202177,-0.0013078737024914133,-0.02160668132682486,-0.01808824563792122,-0.0016185670803653407,-0.01895731449817084,-0.004989916606804923,-0.018332895473297417,-0.002754935147226578,-0.02318428924137328,0.0031545259215892685,-0.026854181238409658,-0.02510553364040824,-0.0218337835768746
2022-12-12,-0.014317321114630466,-0.018509700773476467,0.003929225888623877,0.009626279667676263,0.012506345175671507,0.007835699577327437,-0.0072464414713928615,-0.0035398992464015233,0.02360835220132107,-0.0075967031765432624,0.008060677216015444,0.0031446661593999004,-0.002628096137452296,-0.007748442891552743,0.00047280249159165066
2022-12-13,-0.00130926822466515,0.04126366087710731,0.028701858072789577,0.0022433735678999422,-0.005675210754311322,-0.006434261394312135,0.023114408018535038,0.0017763378528248275,-0.0017210777837631808,0.0034793703794895325,-0.005330977610952137,-0.012539173144626603,0.02371530085904494,0.005282508243463768,-0.005766546953771989
2022-12-14,-0.0016077965572114383,-0.011300302778316174,0.0183894285599433,-0.0039172304045279605,-0.006882764565137589,0.003507726989303128,-0.003567163315512989,0.01418440072163829,0.008620608902534022,0.0134070845285017,0.01205890398281606,0.044444492885044706,-0.00514795710164484,0.01759194887989879,-0.006655999343705199
2022-12-15,0.0033446472850597875,-0.012212287338985495,0.011207946362232324,-0.0016853889810437561,-0.004732806548836677,0.08819580087006584,-0.015513214166386513,0.002913683547270951,-0.018803472546334743,-0.013001538326206652,0.007943371863041948,-0.033434718474195324,-0.02846059983385396,-0.0040412819028938785,0.0028716031502180606
2022-12-16,0.009556015286007469,-0.02393403578825737,-0.011699513330771905,-0.014631210897615432,-0.028192886522271476,0.085001269574974,-0.006060506243116048,-0.013364282079397438,-0.01324045104427407,-0.01455988519037088,-0.02889659165917413,-0.00943393849868146,-0.010652253077776952,-0.02006316110178774,-0.019566720429318396
2022-12-19,0.008707373769414106,-0.006820428242189092,-0.016199367753240712,0.002284278325736633,-0.021670774171420937,0.014803027216383269,-0.02073173661823169,0.011778382928989473,0.019067857077991635,0.02673574905516496,0.021641175922027633,0.0031746152847531572,0.0013458821861156434,-0.0025304386224888065,0.0031154089539717766
2022-12-20,-0.00019405275085460083,-0.00016347811573169668,0.0,-0.023931561587844263,-0.004108567762974746,-0.0006733241337372187,0.0012453940197820756,-0.011932326490369682,-0.018018082660283263,-0.007309326198782995,-0.009267374973834897,-0.0031645689956499856,0.022849356806570853,0.00484313820079274,-0.0067934605286298355
2022-12-21,-0.04530347380395183,-0.049877399438281955,0.0,-0.025102156503315043,-0.03838567721969721,-0.04446433091790847,-0.016169244877536793,-0.010603857326646038,-0.028934495248165604,-0.005752501644027963,-0.019599104842064063,-0.04761904761904767,-0.06176091641845938,-0.018590710324346338,-0.004983386759288111
2022-12-22,0.006350819255684037,-0.049913903396630155,-0.03229898714865631,-0.011976048489664937,0.00746126758324861,0.0016451809328692502,-0.01137805084784882,-0.012206158794000777,-0.002543500690651568,-0.004859889088475788,0.022262470511940524,-0.050000000000000044,-0.05322131680149911,-0.022918642255851718,-0.0202298368142928
2022-12-23,-0.08668431208980187,-0.05000003800875841,-0.015706968582683167,-0.029696956322487034,-0.06202558658634594,-0.05795403016409628,-0.01023016264137433,-0.017480243318191202,-0.039708521510705586,-0.017441901161211137,-0.03333334147584888,-0.04912279363264116,-0.0502958213253375,-0.057443707520864584,-0.04299885104279255
2022-12-26,0.03747819293431509,0.04996191485877732,0.022606511768443083,-0.024984385651362073,0.041058071787453576,0.04632625286474146,0.011628176172119087,0.016257688842129303,0.034142663885318836,0.002840243430990874,0.04827582372846417,0.044280399951999616,0.0498442901497842,0.03174190025683754,0.026078659343302668
2022-12-27,0.016969910222043305,0.04994551273901693,0.0019506777702160694,0.01793713670658592,0.023701120016242694,0.15567718547392229,0.0,-0.0027165782614493317,0.0014672562047588489,0.003776228728397335,-0.004824521015163841,0.04593643743660425,0.0281899551994087,0.022397260310703437,0.0061243858914883376
2022-12-28,-0.005684484656310662,0.049991339231893805,0.0006488444559793471,0.02139722066001326,0.05167625481382454,0.005149332815425511,0.01277117821255569,0.003934623701888684,0.00879129160847869,0.014578016766936486,-0.0008812326275694504,-0.01351350045186761,-0.0014431080973723587,0.002648080845743417,0.005985595802998178
2022-12-29,0.0065337221453629635,0.003294905443585572,-0.0019453866701403255,0.001848423814515776,0.009158230932220679,-0.023360634483469478,-0.003783189517800989,0.005426604675238034,0.005083468032219152,0.0,0.004410938377216622,-0.02054795773263285,-0.007225546755201151,-0.011524675480354296,0.002016850750761856
2022-12-30,0.011281271471338838,-0.01625618478919255,-0.007147605209765762,0.014145036152643398,0.003839373553354175,0.030633686281123618,0.006329224823142798,-0.00179924095858508,0.019869920865255075,-0.009501905536360544,0.023276248830116808,0.0034965167879690284,-0.00291093864789127,0.00898716257880694,-0.0089572259246119
2023-01-02,-0.022310848207295342,-0.004673656818728444,0.016361216808469026,0.01152207157661933,0.0206883557057862,0.053135035947136755,0.0050313845980303196,0.009312324278205608,0.06057401325376488,0.006317392989335424,0.03347648346819976,0.024390203379183628,0.023357564221954563,0.019980796543317858,0.016756338397055925
2023-01-03,0.0022502250806768487,-0.011403660791470038,-0.0038634440951819116,0.0035971131468581774,-0.012263415393062527,-0.009472099760985175,-0.0037546739451604916,-0.002380936017726376,0.04208400022043435,0.0025573685740210017,0.021594638255648224,0.006802747127023556,0.0,-0.002360094292106929,-0.0022972620830340462
2023-01-04,-0.017142529918335203,-0.027650569075818865,-0.004524871252391316,-0.011349900898932508,-0.01896887757233756,-0.03708055569672142,-0.0012562393219657242,-0.005966748624994578,-0.0096154395131961,-0.021103804388963088,-0.006504206117833866,-0.02364867411885807,-0.021398158567872305,-0.015377345666530373,-0.030133175977753
2023-01-05,-0.00026874496103201917,0.007501749955777015,-0.0006492658035227583,0.005437953140152052,-0.012128761590809889,0.00040550309966302933,-0.01383644117106353,0.019807942806202128,0.015534055720861195,-0.010660895524583158,0.013502567066437932,0.010380662573324928,0.010204291169229496,-0.0024027730609711417,0.00041291817499655714
2023-01-06,-0.011693548387096797,-0.018528133243709388,-0.014294979008089514,0.019831777650627602,-0.007829153870301253,0.03970823350348751,0.008928488254326572,-0.005297347838287947,0.0015934279470204427,-0.0033526485078574364,-0.0012109977799237281,-0.010274011526394844,-0.0057720715523257304,-0.010597350388770965,-0.007531873584206261
2023-01-09,0.028940541913164752,0.015172911180683757,-0.0059328079159823854,0.025338830740359253,0.020444857263070215,-0.01461431521926837,-0.006321115501833341,0.008284169675628839,0.013681282842365139,0.004805318823287941,0.014955550192489175,0.006920441715549952,-0.0072568864992368365,0.003894836460512474,0.012163299069076317
2023-01-10,0.0019826059884251457,-0.029544677370359596,-0.007957464149314308,-0.01609188046058474,-0.004218019703404519,-0.040537788608798864,-0.003816558010082738,-0.014377961405276474,-0.026365243105494485,0.012912627921023434,-0.019116083427496378,-0.017182130358953218,-0.010234004892746507,-0.0007273683493100869,-0.00010277188702723095
2023-01-11,-0.009524022384367115,-0.0107449583180792,0.0033421658658427944,0.018107395911849178,-0.013942849268445245,0.007831880453057716,0.0,-0.011312864947841006,-0.021276898142322587,0.0007081060040683429,-0.011368255748971712,-0.0034965167879689174,-0.001477091143738507,-0.0009707318163773015,0.0038009674953749517
2023-01-12,0.006765549373625168,-0.0092324786519562,0.0006660167842398312,-0.011474470434458262,-0.021299453319540196,-0.015950928872110248,-0.005108709893216323,-0.0006023775456228675,-0.016798192859447836,0.007313027208952327,-0.009034906763265349,-0.021052644963850065,-0.005917043025950197,-0.0007286806842310423,-0.008493871494487104
2023-01-13,0.01365190314650544,0.01845426904217362,-0.015312754932493622,-0.006964578373492514,-0.020117030612818443,0.02992506099155956,-0.002567525920815994,0.011148092480935956,0.02345051679278165,0.0023418896801779,0.017820315250495433,0.014336904085998858,0.004464305648928413,0.00364613589492202,-0.007121399156879149
2023-01-16,0.09090910249502882,-0.020631530162353195,-0.0006762247551236333,-0.002337871592083096,0.0011199903591081473,-0.025020082379829778,0.011583061378017012,-0.011025182724306304,-0.014729887438400757,0.00771052018842977,0.005293073441589913,0.007067164958702188,0.0029628114861952604,0.0024218260761601496,-0.00395013915553899
2023-01-17,0.0365345256635623,0.03297305792323235,-0.009472167289514055,0.00410071909414178,-0.008948743829124806,-0.0012417935164003024,0.04198473117489576,0.01054555648890032,-0.003654524962058092,0.012752247500614544,-0.0028352127652470083,-0.007017570629454517,0.0014773373871566076,0.003624112913554134,0.0072009218736277525
2023-01-18,-0.031969163318324445,-0.011526826001366453,0.020491861852089288,0.002917272466941956,-0.003573957668534633,0.0026937329761742568,0.02686206041280581,0.010435103256037692,0.011670374293339725,0.00434957545934167,0.0048742478725674054,-0.01060068004057324,0.005899587333163314,-0.0009629453013200173,-0.006216966738017304
2023-01-19,-0.0680050837697298,-0.004126360782340077,0.0013387514307370285,-0.008144279925913933,0.0033979619949076056,0.0020665963196770942,-0.0095124691675047,-0.004425929755875413,0.002307384408040569,0.006382473962557089,-0.0012128363375186746,0.0,-0.0043988466922210145,-0.010602383034807095,-0.04962977935302004
2023-01-20,0.01089900538588462,-0.009007386328924505,-0.013369080073547202,-0.011730110354169154,-0.012793818338132756,0.002680955819145403,0.022809072247011564,0.0,-0.010851812274469741,0.011325092370494394,0.004451749971547736,-0.010714258466448134,0.002945541818204944,0.009254732568157564,0.009325284821791513
2023-01-23,-0.022145171360930194,-0.006726030597603794,0.005420009244979207,-0.01008921917955563,-0.05908140147769492,0.00843273964648028,0.004694778122120713,-0.010966263519240904,0.003989325083655126,0.008286554059356188,0.0020144604765379714,-0.046931447964019046,0.0014684149417247827,-0.0009652690183197254,0.06739128594281385
2023-01-24,-0.007790422107310846,0.0053074838720126305,-0.003369251941713114,-0.006594740066335092,0.0018229314572877353,-0.024474796429138412,0.016355188632401818,-0.004794693476353196,-0.01092683122484317,-0.018435915028610417,-0.011660543451012528,0.0,0.0014664451894645936,-0.0055555655802141946,-0.035132399598665875
2023-01-25,-0.030780466661648354,-0.049699609085549046,-0.002028373266192096,0.005431587519410197,-0.022240114683255374,-0.03826048539204219,0.004597742438376962,-0.0009035151914995598,-0.039504741946622346,-0.0070152484300645135,-0.019528121575823953,-0.01893939421306079,0.010248803717389565,-0.021374734210733992,-0.018469610089366206
2023-01-27,-0.1999946383156216,-0.050000010961773644,-0.017615226093305014,-0.027611037593625376,-0.021918989365045327,-0.039130409508164155,-0.011441652711239536,0.0024112797949389364,-0.051237357388140614,-0.0006837915361826985,-0.04439840544894391,-0.023166038235786446,-0.01739126022883397,0.004467654640847751,-0.053978543131101064
2023-01-30,-0.19999999999999996,-0.05001007329311147,-0.0020689407863178078,0.00679013925994254,-0.029386884560789195,-0.021266970835158827,0.003472105843743245,0.015333706679544923,-0.0025716147297890624,-0.03375136436288961,0.006947611027334766,-0.011857677711748504,-0.008849657614936501,0.00988389492281705,-0.010570661190324904
2023-01-31,0.029352417505519313,-0.04988329990176199,0.0013820508992961056,0.021459204265891874,0.038335938585076335,0.07512709405788143,0.012687591840588652,0.013621616316496166,0.04198897120996681,0.02265748336737805,0.050021397800557255,0.020000000000000018,0.011904835736771924,0.041839825776555095,0.03377379380154544
2023-02-01,-0.05600951667677523,-0.04982126063135972,-0.005520942560383935,-0.007802970176119861,-0.013215972988679159,-0.031821102863717865,-0.034168578800802485,-0.006719379901563016,-0.036055044420151616,-0.00046150272755496324,-0.03531816929433329,-0.039215686274509776,-0.026470765793856654,-0.03311411936270514,-0.023446981300842662
2023-02-02,-0.0999697082621428,-0.049847143022180296,-0.0034697299182646635,-0.01209931179286794,-0.04124154751079123,0.03486564284905347,-0.015330275243139235,-0.018235321907225988,0.01540131388139132,-0.0177789905841248,0.002554129003637051,-0.02448981148856022,-0.00604205090651222,0.002186042052693127,0.008079169038715195
2023-02-03,-0.09996629668938639,-0.04998763834177633,0.011838442140749361,-0.015309272624320025,-0.02150771952550945,-0.011588036925801015,-0.017963979287368148,0.0178298474990084,0.022029652870973804,0.010108122372490147,0.008492695852140297,-0.016736385979694512,-0.019756966641485407,-0.004847249734790449,0.0006772992046073512
2023-02-06,-0.05000539331904075,-0.050012977324063845,-0.0013764050520720383,-0.0012438116587465409,0.019261310532157294,0.07902736024468449,0.003658517388055227,0.0030202194884068057,0.013427595589397656,0.010239764749944591,0.019789473651730782,0.02127659574468077,0.032558026233184156,0.0158305793096285,0.0038352308355231735
2023-02-07,-0.049994322789831847,-0.04990402067195576,0.007580845932180003,-0.0006225278208323859,-0.019786535377297243,0.0062374966797125175,-0.023086217837924305,-0.004817979736961742,-0.0006974212648813705,-0.0009213045169272904,-0.0041288803089912784,-0.029166698455810547,-0.030029937760921332,-0.010788924376933351,0.004045454338029275
2023-02-08,-0.0499615355321934,0.04992783451810956,0.0,0.005607359499111952,0.016103401669939288,-0.010397947514709793,-0.001243844942728889,0.0015128014363001707,0.0020937240022860237,0.0007079896671895458,0.0020730752768702843,0.0042918620061869195,0.00464391910592532,0.004120158502569193,0.01275885289685319
2023-02-09,-0.04997200574625693,-0.05002747777320249,-0.004104039814849858,0.008674112517324861,0.055133972352096716,0.017377157623643225,0.014943987938629721,0.0030213325937389346,0.012186437672702333,0.004009464247110683,-0.002551020794893666,0.0,-0.004622452809009303,-0.00796518572673699,-0.00663063351506854
2023-02-10,-0.04997701424028256,-0.04976855186216489,0.008928628211456457,-0.014742076102752133,-0.027078583429117953,-0.026216419800590973,-0.018405019846415738,-0.00602416424003871,0.003096023371682799,0.005872375293241028,-0.0025576211387661196,-0.004273520645296847,0.0015479085203031762,-0.0034062762819733194,0.008454705559102216
2023-02-13,-0.04998275762103033,-0.04993907984251944,0.011572622529354204,-0.006857769811357661,-0.023483350260133817,-0.015092762996217646,0.0012499582020346622,0.017272747511899222,-0.030521285439684576,0.008874629204450812,-0.025213693674584925,-0.025751008316204027,-0.006182258056308343,-0.005859332551015006,0.009156330094663101
2023-02-14,-0.0499963142056723,-0.05000004279307724,0.009421171275215023,-0.0075329366101518636,-0.009129302918835291,0.01221773161123818,0.0012485037780598507,-0.010723784737625586,0.01591810257168813,-0.004629602056296256,-0.004384069224712572,-0.00440530300038533,0.003110390472358393,-0.0024558032617764125,-0.0008745847123494688
2023-02-15,-0.04995031468610478,-0.04993250920083381,0.031999972458334636,0.0031624780004786412,0.023145948800993077,0.037029484790518374,0.016209569259030054,-0.0015056124396730652,0.03307783918048557,-0.0023257811780439397,0.02025542583244655,-0.017699097866309854,0.023255853023040007,0.010585866747198303,0.10371975796979926
2023-02-16,-0.007568457660275807,0.04971589581378977,0.0006461404810864657,0.0012610650764761644,-0.016033294365056516,0.06155058017653703,0.0049079149858803905,0.009650289770169795,0.012807506536624658,0.000466304868066425,0.005179112181216361,-0.004504521533020278,-0.0015152003101756018,-0.0004871819213878581,0.010111086202822195
2023-02-17,0.020039001891466013,0.0497294061996445,-0.006455853026627989,-0.0037782247371771494,0.008928608478502298,-0.014123757338301846,0.011378002266268172,0.003882785562810742,-0.01164714755847085,-0.003727736800350878,-0.007299284600297606,0.0,0.003144661446434327,-0.0021935010192565274,-0.005397415909389025
2023-02-20,-0.049948338812726645,0.04995169545955758,0.006497801880565035,-0.003160788388809177,-0.016814235301270797,-0.025447631981721397,-0.02499985133965521,-0.0008925769597775135,-0.008417655079014708,0.009354480663001263,-0.017733581423754252,-0.00904980812159395,-0.0250783653604586,-0.004396722115894702,0.00927478302634377
2023-02-21,-0.04997902986343661,0.04972372132713043,0.0,0.008877834952596197,0.006075690537745038,0.005609331221837266,0.0025639502267891245,0.03186414560001549,0.015959409398798474,0.00648744974094706,0.0035228090404346712,-0.0319634186202693,-0.008038539256788324,0.020363081145029938,0.012708875861876301
2023-02-22,-0.0499648138901122,-0.049999972114786684,-0.003228041472055909,-0.010685313933180951,-0.01699851110916306,-0.04193117244997402,-0.008951453056212255,-0.015872981004742437,-0.021724620097480107,-0.01174031483784066,-0.016673956131321166,-0.018867995824705996,-0.004862312912557787,-0.02716992163425025,-0.0001007040867286868
2023-02-23,-0.049995385988918395,-0.04986151909949199,0.0038859639016166625,0.0031767503741029213,-0.024573361852836206,-0.02369004789955942,-0.0012902990928537195,-0.005278506482547463,0.008199293449762557,-0.006522313798391854,0.006693401450309944,-0.03365379236858779,0.03094476389222245,-0.004943169019545612,0.013409903570142712
2023-02-24,-0.04999019099082436,-0.04988664961648204,-0.010958956673226994,-0.0006332760723812836,-0.012129723304035167,-0.011721149560965038,-0.0025839322311211887,0.008254614469688226,0.004512542423218413,0.008440963081612907,0.0017729972425135632,0.004975143262281545,0.006319002293295961,0.004967725325472072,-0.011640640691873094
2023-02-27,-0.0499485874470067,-0.04977835282204035,-0.03393345751351262,-0.01330805246236011,-0.016528866970220824,-0.03641283400201245,-0.005181358710364514,0.008187033663148657,-0.008984241259545445,0.01929745417860107,-0.009734462732219118,-0.01980205498867016,-0.010989036662556684,-0.012605027147655878,0.013187137837058716
2023-02-28,0.04997831020305221,0.049874393533985595,-0.005734674239553983,-0.0038535544441196112,0.1267706228548584,-0.0019433651790149442,0.019531427298417503,-0.011020767597269332,0.013947197281035884,0.01391452163788287,0.021447565276194513,-0.010100952691779574,-0.009523768176807224,0.014017471546075466,0.006159987145872625
2023-03-01,0.04996909254064352,0.049897439270404575,0.0028839659029804565,0.01482903327618268,-0.0040486017063374735,0.024231886453603524,0.024265407093187585,0.010264021402844437,0.027854041060249246,-0.015072974593264843,0.0065617988183475084,0.020408143405366452,0.02884609186680387,0.009874136038068526,0.00039492044436539864
2023-03-02,0.04994605596452617,0.04980471096496375,0.005032306399004538,-0.0006350803575828623,-0.020752996210637753,0.03485427545500963,0.0012469623636834903,-0.008418115524084446,0.0060221616479561035,0.006623726554567666,0.006084209041977484,-0.019999980926513672,-0.006230481777060981,0.005133257983362283,0.017865832656830838
2023-03-03,0.050000000000000044,0.04992249954578498,0.001430516897958256,0.007628609981125356,0.060301424535792236,0.025311254818276563,-0.008717354988659776,0.010538858018474873,0.031925402185143614,0.00794202102588537,0.02073457840558235,0.09183669398100136,0.018808758259325264,0.01045707145983421,-0.009406464502601186
2023-03-06,0.049933222595405,0.049911358424261865,-0.00214282997206372,0.0031546001305848836,0.1104472016514213,0.007963384894570602,0.0037688785244816003,0.024333510849667395,0.04253946498805061,0.022737526724568635,0.02793044756255636,0.0,0.013846248284836049,0.01227442978453519,0.019579099685038015
2023-03-08,0.049932202130476666,0.049789043481004214,0.001431661057006206,0.008176044567329788,0.03210245925673805,0.017578551373146345,0.04255323517135712,0.011595083739151857,0.0411128057559178,0.003962217247791111,0.02634832142270227,0.09345794559118592,0.009104541553016876,0.004517348064106752,0.01920305868154837
2023-03-09,0.049979834004087564,0.049839245057912374,0.019299673612956925,-0.006862149512718907,-0.03002525705487369,-0.00504668972719724,-0.02040818335975092,0.003354711834324231,-0.0014843797399398673,-0.009866248631520524,0.011231473899875999,-0.04273504343171475,0.0015037025522599556,-0.007100540276116618,0.004898724758205963
2023-03-10,0.04998461917846231,0.045941787213890306,-0.005610300265218027,-0.010050088390069933,-0.005189972401315246,0.012290405441475194,0.006127338887473854,0.007244393651674175,-0.006541742903938386,0.0033215544036284683,-0.028956826557540616,0.022321428951560307,-0.015014810619921382,-0.0047675951335715006,0.004781201811798752
2023-03-13,0.049948696317873464,0.04978040357040037,-0.013399121621549659,-0.02284278369527648,-0.035401459896153176,-0.05049139270601288,-0.019488274207692613,-0.005809308607321317,-0.021550589138402576,-0.0019864566045423304,-0.022467385858972455,-0.06113535553936944,-0.0426830236608442,-0.028263441214149143,-0.00849048726183066
2023-03-14,-0.014927472641254713,-0.049976789934945365,0.0007147472199910965,-0.01623379446191897,-0.032064906048467345,-0.025573424474251816,-0.0012423151301002022,-0.010016625161313741,-0.014683408781464236,-0.003980414523554798,-0.021730002506196167,-0.004651180533475685,0.0031847209228492712,0.002711240947057769,-0.0064930258426579845
2023-03-15,0.048576759685711624,-0.01247854991097952,-0.002857066693343957,-0.009240828337764184,0.02255040032310518,0.012705657160365869,0.02238805894019169,0.0016864063611496949,-0.0012417395367803064,0.013765458891983773,-0.002563007879945123,0.00467291510524781,-0.004761852166085712,-0.0022123734679845297,0.019227220979549875
2023-03-16,0.04997298592646726,-0.015361717604279401,-0.012893998558542452,-0.015323113065668026,-0.006050029719847361,-0.019950709388165122,-0.010948804964913683,0.007856523045166375,-0.016785981055926547,0.016863725928405016,0.0038544288290478512,-0.01860463342001273,-0.011164364255097259,0.0022172789170316065,0.014032069748058928
2023-03-17,0.049974240244228474,0.006290890524432546,-0.0014514008927746236,0.006765734375823396,-0.010799188889745959,-0.009443772880729506,0.02829016700298359,-0.014755106525195072,-0.01422684758472792,-0.010553607725814818,0.009812225298002408,0.014217973063356482,-0.0016127773485615782,0.008603802123798854,-0.01878642685187293
2023-03-20,0.03969375119640128,-0.04876220757923744,-0.007994185957923006,-0.014784762610815183,-0.02342191074871025,-0.010593224911485954,-0.032296551904118065,-0.005368691714763618,-0.032392610850695336,-0.009577654499760446,-0.0185887602928817,-0.03738314258509734,-0.0032310251188095718,-0.012429914972059253,-0.009900146577108915
2023-03-21,0.049961659293158656,0.049947362393624184,0.0021978971261511493,0.0013641785296254483,0.024593502117245647,0.00642394477203001,-0.01112494549353582,0.006249834883679695,0.021876135959566723,-0.019120817624079134,0.021523944610372325,-0.004854387360093471,0.009724430255663385,-0.0014807394786531258,-0.020563992382352514
2023-03-22,0.04999718130664488,0.021782743527693382,0.002923898273548886,0.008855636671636802,-0.00376911061331342,-0.0034043165368221606,0.007500068178709851,-0.015527822929020219,-0.00032455955477450615,0.004257252354053387,-0.0012644103715608868,0.004878067388767171,-0.00642049610723483,-0.006673285869555845,-0.004237815444110504
2023-03-23,0.049967936318854544,-0.012987076112695561,-0.009475301750135223,-0.010128264522728525,-0.012544788825511577,-0.008326188745566676,-0.007444235901907126,0.0014339371516232102,-0.011356148609216743,-0.00870157458674825,-0.009282727591264472,-0.033980618930916306,0.0,-0.0042298514359073724,-0.0028049884711551787
2023-03-24,0.04784445581318009,-0.04369410066709856,-0.016924097724158593,0.0006820892648127241,-0.04537204401311323,-0.02389670809374056,-0.010000022555362698,-0.010882090343924178,-0.027568063501440032,0.0011255142837109933,-0.019165213905205092,-0.01005019394093798,-0.012924100475238287,-0.03673167674481803,-0.024442273171902507
2023-03-27,-0.04318254454377646,-0.04984428766421789,-0.03218567826612839,-0.020449954426668082,-0.04055765283682744,-0.014336078802831276,-0.01515134255155215,-0.008396085199521286,0.005062479654668772,-0.010341767954773928,-0.000868406865879523,-0.04568535487430181,0.009819989892464687,-0.03164719675217931,-0.031218941118476562
2023-03-28,-0.05000507541798449,-0.04999994788664719,-0.02242847850075791,0.0020876772162181645,-0.02113605520787476,-0.025956594383808262,0.0012818173836097735,0.00437968391720589,-0.014774937076985073,0.009086724677252134,-0.0082573456091376,-0.026595745760156553,-0.0016208144307309214,-0.014465638709070583,0.04956898215415362
2023-03-29,-0.044140488163818103,0.04975552256140525,0.04113927116147309,0.02638897125465589,0.06455234695355938,0.032161758540324215,0.06530086509051292,0.01162774813020162,0.030333838783706435,0.0015757022859785863,0.014460963827278128,0.07103831686377671,0.0616883913998838,0.00842625474576475,0.03696105435576036
2023-03-31,-0.0147592682196106,0.04986300533764987,0.01291800242739094,0.027063600355686557,0.017747796320090936,-0.029378960267944954,-0.03365372861479299,0.006321958170412145,0.003969499836261159,0.014610095892889419,-0.002591793421704125,0.015306083225598899,0.01681942563431793,0.02560642264335833,-0.03743521965958685
2023-04-03,-0.049594292681419794,-0.005480143166624818,0.021005192315229904,0.01515151026222794,0.03923599292052882,0.033249238956964966,0.0024876187790785487,0.015419791061278332,0.021746537456934112,-0.004873596126039659,0.014291866880612458,0.04522611235088769,-0.006015112631016728,0.019448090420012276,0.02008241511030695
2023-04-05,-0.02609115326598388,-0.002361588851915286,0.01689934945194871,0.009733912871916939,0.01078701681006966,0.019973391324571432,-0.001240672063264503,-0.010686237037611956,0.01064170523573571,0.0046750011455578555,0.005123903602923807,0.03846159489197354,-0.007564071990668442,0.003351381765915429,0.002880919955039918
2023-04-06,0.04996321875895671,0.011046769171186188,0.0,-0.004498772651794103,-0.003952493900022613,0.013925124576614767,0.0,-0.0039795315264331554,0.004147977381554702,-0.001772646212007123,0.008920949941210843,0.0324073538531664,-0.004573181106519053,0.0033401875223582067,-0.0015322477663316514
2023-04-10,0.049979622874211094,0.00936526074955224,0.003612650518267868,0.0006456463879589425,-0.01329375626549989,-0.010515047772849062,-0.004969056745262712,0.013698595205009934,0.05751508267729677,0.01687014561980482,0.04463161681179373,-0.022421525430774247,-0.0015315818459413766,0.002304720859676701,-0.002589292187996528
2023-04-11,0.04999160312670514,0.0,0.005759566839709462,-0.016774289241190843,-0.026744356874532915,-0.004120577550532856,0.02996261508073439,0.002815207299637912,0.016827052460015146,0.010041415737418458,0.002418308435860883,0.1513762045825715,0.0030676773030744453,0.009453362162120893,0.04836551759814833
2023-04-12,-0.002383222177930411,-0.007989627955911183,-0.023622047244094446,0.005905603766558132,0.009710740997657341,0.00479087080808327,0.001212099038989889,-0.012914007914449743,-0.019503695875626725,-0.017505790298116608,-0.00844373183556435,-0.03187255506975162,0.004587043398249779,-0.0022778876385480817,-0.017609933901212904
2023-04-13,-0.0007431663110035736,-0.01714730627775851,0.0007331490090314308,-0.03522506163839911,0.004501723182666728,0.004551456070607696,0.03753017642334622,-0.015642834909570524,-0.025919304393129283,0.017157634867055016,-0.01581519588745195,0.053497991161518765,0.010654515545360344,-0.004059007811250792,0.00644186650228229
2023-04-17,0.022738100009325635,0.0015859782101437236,-0.0036630594767317337,0.014874949671077609,0.011815054594671137,-0.006903977826391849,0.014002557630426793,-0.01993630235840771,0.023514972269788048,0.02357287627802096,0.012772961786892356,-0.007812529685906622,0.004518022387365761,0.0033113401865692005,-0.03534321999420975
2023-04-18,-0.010700730272290127,-0.005806313651280481,-0.0007353053626232287,-0.003997433166435527,-0.00261729581031811,0.010427961152156717,-0.009206097606210717,0.0029480975029321232,-0.02206786169429298,-0.026832860972004324,0.0028478324444010106,-0.023622062617355444,-0.0014993142942187898,0.0015232181721602789,0.02182911491026851
2023-04-19,-0.01727488811449851,-0.005574703867274877,0.00809424906760281,0.004682334957276657,0.001412963287721336,-0.005375190456742285,-0.002322837886034601,-0.017636687906218307,-0.0012363657231496683,-0.0015197976183386475,-0.0032452682483145034,-0.012096743802001209,-0.009008789742222634,-0.01926493652942518,0.003952536211235369
2023-04-20,-0.002938662145621218,0.04538176199913768,-0.004379567584502864,0.009986658003192428,0.04595850130442236,0.041288310966202335,-0.024447156148311056,0.01555942298789681,-0.009594620779486362,0.004131358292182696,-0.0012211827535908437,-0.012244866818797884,0.006060497841321677,0.015249362082405016,0.008623915826040385
2023-04-21,-0.018059027711681663,0.017619985428947382,-0.005131981578063272,0.0026368479753489105,-0.02235496198042497,-0.00809636385949497,0.022673009769325514,0.0,-0.020624823290817162,0.0028152038918582978,-0.0065197755652406375,-0.008264494075791107,-0.009035923623765929,-0.003564102858723217,0.005204457266636764
2023-04-24,-0.031761663646996396,0.010790472312188992,0.0,-0.0019723812942720187,0.021880618568210997,-0.004185827390485786,-0.010501655033040347,0.007365950437527191,0.0261645598577116,0.0017271804872356356,0.016817003868404568,-0.016666650772094727,0.013677535174328348,0.0007665533046805617,0.006009566932577259
2023-04-25,0.049656239477438247,0.02110234147413248,0.01252764031738951,0.0006587239020721114,0.002700487902372428,0.0010508890004430338,-0.007075535798657606,0.0008774353064480156,0.008706433191894236,0.0040959341544613,0.00887449962682818,0.004237304231073047,0.040479737155966644,0.009190640225802182,-0.0013785927949018228
2023-04-26,-0.007034364663467296,0.02771697933487749,0.017467332335326713,0.19947334628486835,-0.00615613267142745,0.0020995715842027085,0.05225655427884157,-0.007305486266322214,0.01942052635536129,0.023185777196302437,0.001999212604206546,0.004219344763797039,0.023055042990727026,0.002782807836650081,-0.006073900531079146
2023-04-27,-0.008165680285881605,0.013248198893458074,0.009298959734782564,-0.00933041121326983,-0.006775133334232963,-0.008170999806983215,0.012415401188764275,0.00647613146714443,-0.0030239142434169697,-0.009861412902019251,-0.001596122069332906,0.05042020173979056,0.014084424060708978,0.0015136115103575598,0.0037963673863710135
2023-04-28,0.0370208959805316,0.0499649614326374,-0.029057432169784736,0.033240999485184775,0.01617627779974118,-0.009716964599964406,-0.013378138960230546,0.006142337526373831,0.030633957970244152,0.005509608882904304,0.056354817215997555,-0.02400001525878903,-0.01250025138822164,0.01309824546547933,0.0172494207033973
2023-05-02,0.024868585083136274,0.04936618513996893,0.0,-0.018230485403844865,-0.011507438148931293,-0.0031996059349060912,0.005649893444138465,0.020930177521168547,0.021777520403230666,0.012012621768910714,0.032538766884964154,-0.004098376353816935,-0.0056257799047544355,0.0032321475005880895,-0.01731969417676915
2023-05-03,-0.033447941111674595,-0.01822413266966172,-0.014598517804424005,-0.014746178441787827,0.015133760988244038,-0.004493922155578534,0.025842870173820476,0.0042710949507771545,-0.018145088581346114,-0.0016659626287420792,-0.0021987387547940385,-0.020576132333265162,0.080622540590777,0.010161068205051693,-0.005628874726214872
2023-05-04,0.0037153017837192603,0.028059555054650742,0.024444381631412604,0.014412500138029971,-0.010512165454444222,0.010103183280785633,-0.008762519987196682,0.0,0.023173647207544557,-0.00354593446188467,0.0055085340834653,0.02521010086989528,-0.022251358101802565,0.0002453622487614826,0.01651808810979949
2023-05-05,-0.005287927729416664,0.007138361221148415,-0.007230586563044206,-0.010382456127827955,0.006181163633978359,-0.0123430193612164,0.009944842110643615,-0.011908317384610179,-0.0318233453050194,0.009210745504272033,-0.03360090262393445,0.01639342724524062,0.005354656762657006,-0.018150596531399832,-0.013236889128541929
2023-05-08,-0.024719579290577554,-0.004794653666530757,0.0007282821148559826,0.0496961644720435,0.010174690764537031,-0.005817807428015631,-0.0021883232235779815,0.016068859377443845,0.011252842177874589,0.015349419659066887,0.009826132210454697,-0.020161290942816268,0.011984049545940012,0.012740429961809907,0.010453961558644309
2023-05-09,-0.01542566615851726,0.0067029678167891404,0.0036390046807346366,-0.008942667088573275,-0.009882138583583333,-0.024490544149758597,-0.02192969597203276,-0.005930338568742921,-0.02489046154848973,-0.005515940398521435,-0.012350402230096869,-0.012345648003272758,-0.01842098968006267,0.0029600180279163446,-0.02288947908993033
2023-05-10,-0.0008858426689896115,-0.008739117179384692,0.0029006361086776344,-0.013269575674836664,0.016698685057497498,-0.009553523865350133,-0.0033632591090604347,0.005965717292090389,-0.007207151807085421,0.017461008994207328,-0.0037891352227239494,-0.008333365122477177,-0.014745341701977832,0.0041809575698068535,0.007964657377931283
2023-05-11,0.012412049105180678,0.018681767444393094,0.00867680090038947,0.045185551093414045,-0.007740465239793992,0.011664383271120071,0.0011248388441396084,0.014120325479829443,-0.00423470839381912,0.003634325231988589,0.0011410167445191632,-0.004201616694398003,0.0027209852416019142,0.010531498133930617,0.0
2023-05-12,-0.019648637126465696,-0.007418104665297021,0.0071685081262009565,-0.015440084554024458,-0.010844505458034837,0.0013304538478837724,0.001123667160073838,-0.02561943477737172,0.00030375609600508113,-0.02735869957124426,0.00949860678385206,-0.0042194252426397405,-0.005427203143547166,0.0036355316011593697,-0.00501983578837728
2023-05-15,-0.030035690165475026,-0.020759809798886142,0.004982222549859028,-0.0015682133992496183,-0.015003008968980214,0.016386141597517945,-0.01346804291267334,0.005715888181057727,0.0394776876050158,0.006204624513977963,0.026345393857062582,-0.016949136104436047,-0.009550035815789504,0.00531278814716063,-0.005979746454271573
2023-05-16,0.006273756337570324,0.001484068523190496,-0.006373975198545656,0.020942496550760747,-0.0044912641427447,0.01960793561006957,0.006825720418581316,0.008525103731922945,-0.022494927395872666,-0.010894124746723799,-0.02713609673099071,0.008620640043698113,0.013774027455643711,0.015373590902460155,-0.004417630690388252
2023-05-17,0.0014299604931520271,-0.007832403332675764,-0.007840282305396018,0.02410252743106489,-0.023930989055816365,0.012393129022243654,0.001130108437213062,-0.008171244686019374,-0.017632964155659514,-0.007481156990388982,0.0033924877268940445,-0.008546959779967,0.005434905570360193,-0.01703352611133313,0.009157863416764389
2023-05-18,-0.016963715109596267,-0.03968424691143402,0.032327474539636025,-0.029544347386978864,-0.008239489462610328,0.05044321361651982,-0.005643237941073576,-0.0051136465665535535,0.0030423799700649568,-0.01319111532851236,-0.027047404634962358,-0.017241444513996895,-0.017567500873472253,-0.015162420743372818,0.001309786556018766
2023-05-19,0.04229855898018986,0.0491002661982467,-0.002087597871105351,0.02218782071497416,-0.011955471481569613,0.01828404301990827,0.001134959863979823,-0.010279955207166847,0.0048527926024402035,-0.008274886538723103,0.002316740568972353,0.0043859817901739095,-0.01925715555370644,0.006109463122285108,-0.014949187461555269
2023-05-22,0.0499470284667638,0.049978834166502395,-0.02022316711227412,0.002019231910491026,0.0055373377442422544,0.004735681117614021,-0.012471706991372122,0.004616420072170335,0.003923930266086062,0.0027812777756697216,-0.006163420468986658,0.004366828957883762,0.009817693962835161,0.0017002801315284533,0.005691036559979157
2023-05-23,0.04996016755292665,0.04981842103238421,-0.006405672070585733,0.0025188301493628273,0.012237425170569471,-0.010015757463226582,-0.009184866412258685,0.00028702815232950485,-0.0033071605778093316,-0.0010668231432101605,0.011627978487866564,0.12608693993609887,-0.004166787705439989,0.003394788172176977,0.009808658062167241
2023-05-24,-0.004601524928337097,-0.016138331698375752,0.0,-0.0005024839066072317,0.006246168406569108,0.008926842141590896,-0.003476277591652477,0.004593888092661924,0.004524728427766966,0.007262105545466024,0.003064906830452685,-0.06563702241812186,0.001394815621127199,0.0012082041439249736,0.03278219070265331
2023-05-25,-0.013817602830518139,0.012107064199694983,0.0,0.010055305122239844,0.036043310564857434,-0.056232848902220245,-0.006976617763327919,-0.0025723104686141696,0.024624745422767047,0.009117597000205757,0.01604285467285793,0.06198346912026298,-0.006963803905197685,0.017620206739611843,0.0047928057761317255
2023-05-26,-0.007520783644477502,-0.004244669360040532,-0.002865312987758828,-0.01393729978775693,-0.010823368501800545,-0.011249986653030342,0.005854886182095953,0.0,-0.0008790915298148017,-0.0027316020893560777,0.0033834931404892465,0.015564187029406318,-0.009817919612856718,0.006641416447657367,-0.005490065857382875
2023-05-29,0.015051643086595456,-0.006394145071730528,0.004310350021412335,-0.018677441838076403,-0.012504900594512591,0.0320269415880583,-0.0011641230120537083,0.010315303133345832,0.022587049277223326,-0.011799340350619025,0.01798446876338855,0.019157087842611054,0.015580889544799525,0.022620077644784242,0.005158440025894828
2023-05-30,-0.011249169376323476,-0.020670779715807996,-0.008583581306192856,-0.004115075633717713,0.03343895597818092,-0.0114331187381298,0.020978922711254677,0.0028359658967029855,0.039299682717059525,0.002558620104574416,0.0331247717781471,-0.026315817778224226,0.0,-0.00046087397943950226,0.020077458153118677
2023-05-31,0.011222047778941535,-0.005774609886066484,-0.0007215721013904552,-0.023243821953787935,-0.027187518945804734,-0.005782870595425482,-0.007990721684523194,-0.016685592328607002,0.006900600346469998,-0.005316903596690348,0.008549926865346391,0.0,-0.0013947034255333834,-0.015444818581914377,-0.026654739098512126
2023-06-01,0.016620640070687642,0.018025265779652244,-0.001444186287314908,-0.016393628057188803,-0.0023617313899774173,-0.003323566966336511,0.0,0.0031637542646199,0.004386050638016448,-0.0036347379172224636,-0.00671146307187076,0.0,-0.006983369051999477,0.0081947912162601,0.018407543500967405
2023-06-02,-0.010463327417210455,0.005902011140146435,0.00578467542800043,0.006451684265055491,-0.002187312961361987,0.02771985782687647,-0.005753822801851771,0.0008601726132841936,0.039574160479971754,0.006867010084543823,0.025960356364015835,0.01544400094292242,0.004219532927778102,0.0016255786624150836,0.004006664758082312
2023-06-05,0.004371905695019773,0.01486403883545262,0.017253733909730062,0.029914567935090286,-0.005181362385341615,0.054958404352994705,0.01620369161771218,-0.0025780156645142105,0.01680229608361139,0.004262548716241321,0.0069323269753118755,-0.0038022234609110805,0.001400563537825139,0.015766294843851503,0.04389856068402276
2023-06-06,0.004049197852768582,0.013682773035728513,0.007067007961734095,-0.001556012468425405,0.055088187800309996,0.027489454682442904,0.014806387282232603,0.007466818785251128,0.004389546272483447,-0.0012733369540735007,0.006196030139260067,0.03816793781985406,0.004195926618650647,-0.01049983395849341,0.04018354395008106
2023-06-07,-0.006351754749247207,0.045057087743986424,0.0035088256204300894,0.011948048467038896,0.017657110087861305,0.09279700456476547,-0.01346804291267334,0.011117548109329078,0.01002557974667928,0.0165744853075922,0.002736894661118816,0.0845587931083569,0.0626741231074599,0.017229325086337566,0.12340744285599148
2023-06-08,-0.009690008534579686,0.015644907972599098,0.0006994286572212793,-0.009240221879991739,-0.014552223826723054,0.03064532672583309,0.020477814425801988,0.026501239453865955,0.002036291850793681,0.01024255798689988,-0.005117678566453954,-0.04745761418746686,-0.02883361560858433,0.01007096509880312,-0.029153071909891137
2023-06-09,-0.012653663510181823,-0.010567797478733265,-0.0034939957168106384,0.004145010213625344,-0.010223407454860833,-0.0016610670256302917,-0.007803830575698223,0.004119589153602776,0.009398021096101994,0.013449074672633232,0.022290887470137744,-0.007117464776667415,-0.01349530741965077,0.0024926554750961394,0.01902057663378609
2023-06-12,-0.002646239571960307,-0.016835631370704762,-0.0007015080776937577,-0.0015479835729901303,-0.016067308574264305,-0.032778716017586196,0.01123593434679937,0.015864468283555144,0.017363016546104504,-0.01327059741702119,0.037235984953461365,0.13620075972636725,0.04103954643096097,-0.0011301953224008843,0.004041678568882379
2023-06-13,-0.006034739299033642,-0.013809611140404798,0.011228124279048846,-0.0010335327716297638,0.01496889067788798,0.07569240771493235,0.012222272851544647,-0.0018847593345352465,0.004451982944388755,0.002482819803389713,0.0019402034486382114,0.012618224023807523,0.007884276141314706,0.0038469980134823167,-0.01888312531498082
2023-06-14,0.0024599985880069397,-0.00952207100735425,-0.004857695355117597,0.015519791241495495,0.018195607996482455,0.011674485701124837,-0.003293024336202488,0.009980983798510534,-0.009849552926157967,0.017543992743621395,-0.007746706142166104,-0.009345771069191988,0.0026077782566209518,0.010595152924187223,-0.010816816386125416
2023-06-15,0.005168851924693074,0.015080098936206321,-0.000697243705916395,-0.012735548548643338,-0.012979476368512932,-0.019759780378223013,-0.012114586290694618,-0.0026708380390766395,-0.0007461648897900686,-0.00020279193044681065,-0.013988513085283816,0.05345914477124358,0.01170353798772461,-0.015837585926083753,-0.01063348851340562
2023-06-16,0.012933734181172163,-0.011699113672597905,0.004884813652429765,-0.0005159664399385644,-0.0219173409902087,-0.0035477631760786332,0.0033444204430992386,0.008034326066970854,0.00356394504272739,0.0,0.006928850120266672,-0.038805947374941696,-0.0025708033339068015,0.007479521223967112,0.029220066465031946
2023-06-19,-0.015076162649163005,-0.00920709634024175,0.0,-0.0036137981845026923,-0.011691349709364918,0.021686217891122128,0.013333272578146316,-0.012486834804280256,0.0007609980827334439,-0.013593264152593099,0.008191047490714753,-0.024844755448886202,-0.007731873532942135,0.004049495046346552,0.003353065989456505
2023-06-20,0.0014057756603471638,-0.007396157652837632,0.015277659679795885,0.006735705048944496,0.013604002486281352,0.002376161695579526,0.004386065101545045,0.008878250760769646,0.0339670879966214,0.023241564494356437,0.03867399345585665,-0.025477683018455766,0.020779059592254345,0.008066325547346764,-0.01960632822957431
2023-06-21,0.01590931433790499,-0.004012210238067304,-0.000683890237509921,0.03036536236352605,0.06710756578388777,0.0026864518953968464,0.0,0.0,0.023780469569999685,0.03798986198198917,0.025344158931732252,-0.019607855359147774,0.0356234971714533,-0.002889535684367339,0.0011362948092790148
2023-06-22,-0.002200639113677072,-0.015538103907433931,-0.002053534014132663,-0.008491432187089587,-0.00802041356062877,0.038928306344286456,-0.006550098692021833,-0.016000003530003082,-0.026580591527064934,-0.018009233852857687,-0.029294986397540024,-0.01666666666666672,-0.012284942597004966,-0.014266535197251184,-0.012182177236637393
2023-06-23,-0.015386982998059962,-0.05533905240600212,-0.013717285883184105,0.0005037495782207468,-0.03932371657642253,-0.026395561971244152,0.0010987907623341009,0.011924074082710456,-0.01525210961795076,-0.013606657620205742,-0.01917652183328633,0.0,-0.01990044325374518,-0.012663940408497942,-0.018383748186181492
2023-06-26,0.008959771672488515,0.03382837056794208,0.002781450063255031,0.008560006537883247,0.04074216058195024,0.005141812522642786,0.0,-0.009641067200846676,-0.001498803059868714,-0.006397677800303314,0.0016026884573174804,-0.044067770747815094,0.06598968966289576,0.0013742088233741345,-0.01451424316837635
2023-06-27,-0.009189967785513176,0.00997605767469234,-0.0006933756050897522,-0.002496276006509479,-0.004410931897778636,-0.004960559887346672,0.0076838134835193195,0.006219536139425497,0.04002991897334618,0.004225466171310588,0.030399959106929053,-0.017730495974209393,-0.017857089843291707,0.0029734722317449336,-0.006097130271176199
2023-06-28,-0.003022211886611892,0.0061240888943550065,-0.013185256249162669,-0.004004102169820278,0.0033227990683724062,0.0007790073102109663,-0.009803921568627416,0.016393471782906177,0.04787122552913914,0.0024042214582817856,0.035714174981585245,0.02166059413701693,-0.016969736682114878,-0.005473158651553067,-0.013145313171317952
2023-06-30,-0.011237129279941471,-0.018849383049681534,0.011954938967318807,0.017085437443666418,0.0036798723695563584,-0.0470111941467104,0.011001260519745593,0.0002643477104302683,-0.008723630230716761,0.019988257975205093,-0.012593547377273584,-0.0070670975612221465,0.008631439097905647,0.0174271679335245,-0.006619902959100865
2023-07-03,-0.0032244938676414536,-0.005603413791355538,0.0076443140824415945,-0.0074110478623888865,0.05957834594980582,0.014047518937241099,-0.01088154975602107,0.011102381553703466,0.017832216738362883,-0.018224778146112453,0.00971772913860236,0.06761564386964247,0.03545220624209877,0.00022533508689726034,-0.014790713748324302
2023-07-04,0.0033409603814273936,-0.005433698233562545,0.006206759255221295,0.0019910079944289727,0.01833902769478457,-0.0056378793951419315,0.003300269879352724,0.01464051418991974,0.006825897309136408,-0.003592701577511126,-0.009624203733545111,-0.023333358764648482,-0.008264482432952969,-0.005633150400425113,-0.02515864934465495
2023-07-05,0.002325594299187328,-0.005868011160961695,0.002741760721050035,-0.005961155275477581,0.025314399783750163,0.0011340103153167913,-0.004385795300534068,-0.003349711100954389,0.009265535529300317,0.014623448008509454,0.011236219059712171,-0.02047776415509861,0.0476191616273296,0.00475861061204963,0.03181590339485085
2023-07-06,0.014764817358959625,0.003256662811594202,0.036226905965118794,0.07446267690176533,0.02734055662931678,-0.002103501158069232,0.03414088510053581,0.017321530797791862,0.0015674489858166218,0.03731481719177521,-0.005105542054014367,0.06620207554083968,0.07613617197880473,0.035633851317172116,0.05027048764672637
2023-07-07,-0.011640004224632516,-0.010955587451759063,-0.009894498440240929,0.02279068887887936,-0.01080658773189569,0.028863267706325413,-0.018104297882944764,-0.02109255569868629,-0.010507612655239362,-0.027598075064980243,0.0015094309569061437,-0.0032679862818002503,0.011615741860774964,-0.006968672471386439,-0.010619136132696827
2023-07-10,0.00888539664251442,-0.006974362104366971,0.0013324652865078779,0.033197019419572094,-0.006848215155669357,-0.02143423434849856,-0.002169335562033692,-0.005451795762604905,0.014460108972980779,-0.02133481849140506,0.006027656876940624,-0.013114741591156553,-0.019832864075264856,-0.013157920543086399,-0.022886953161672552
2023-07-11,0.005940916290072762,0.008882468633157226,-0.004657311050972335,-0.007482469934470659,0.01641775422765246,0.0038653751047326157,0.018478370564839697,0.004437468826109958,0.011581423905711263,0.013999824489906665,0.014978908204356545,0.019933567238062277,0.027688921218883333,0.002222215216739709,0.008238616214596428
2023-07-12,-0.010982786461129712,-0.013718304290526895,-0.004010755893838924,0.00931261408062678,0.01098376431832171,0.0006417826337481447,0.007470689409322162,-0.008316016004385474,0.0006603762638106581,-0.005719842619596904,-0.002361100513843195,0.03583056829917064,-0.006217714454962775,0.003547688033209706,0.002723460823376378
2023-07-13,-0.007857105542833698,-0.015154651650100104,0.007382549957813733,-0.0333918764297545,-0.044895429019777944,0.028379161638357298,-0.025423870922169356,-0.015199115972882482,-0.011441087572891973,-0.03550884672443477,-0.021893688373530673,-0.04402514629304388,-0.04796649694244759,-0.01966414132845251,-0.021970151441558672
2023-07-14,0.01916480085318395,0.019814554566134124,0.005329749399530126,0.016818186777386224,0.019069983503300136,0.014187613718594339,-0.0021738735066655357,-0.0023950278668453118,-0.00022249455943101903,-0.012546061997475988,-0.004038417381286297,0.0032894862738344077,0.004381082934482361,-0.003605986935013239,-0.002695513484347045
2023-07-17,0.0001035801747546472,0.01570893560881048,0.00596419438136131,-0.002235154746255019,-0.037097867182954825,0.03904693867823461,0.003268003638163597,-0.005067877121700759,-0.005343044783304829,0.0039574369535593235,0.005614486104019711,0.0,0.013086269211874502,0.011083401502876011,-0.0009009675671395323
2023-07-18,0.008753768065770995,0.0034595438696400915,-0.012516549398254972,-0.024193484671182985,-0.012274061384979551,-0.022044845713868,-0.008686052063057614,0.004557714084135078,-0.007609522019317749,0.0006223552404474031,-0.0068235621479779685,-0.0032787010317942844,-0.013993572947461952,-0.008948586453811247,0.012788946696811188
2023-07-19,0.006059075136392922,-0.0034476166884607196,0.0006672335298332221,0.013314881945453383,0.020020646251657004,0.02844176255244979,0.024096211283635594,0.027755493968533607,0.021199683941047764,0.008708221011034967,0.014053691505115484,0.029605250981045383,0.06331865840795947,-0.0090293170865402,0.012789307162354602
2023-07-20,0.005461109021190902,-0.006308456704194665,0.0,-0.004531001101695464,-0.0030456182179523505,-0.008384765457991827,0.03422458851649801,0.001817622612184433,-0.0008832868332721011,0.004111067091583598,-0.0036959764035744413,0.003194900444320803,0.03285420554495411,-0.006150308193313414,-0.01766288716590103
2023-07-21,0.010710647505552062,-0.009830090905880828,-0.0006667886261045863,-0.010924032619071489,-0.022063826570395295,-0.012757779840106731,-0.027921406148443073,0.011404915858765463,0.0035368345734552165,-0.0006143563375859973,0.000618585289861473,0.006369451126407855,-0.002982034545285339,-0.0034380610749213947,-0.0021967211864108993
2023-07-24,-0.006428570596534566,-0.015511892940419214,-0.0020011411114434496,0.044178590195181,-0.005900717210709727,0.006732973382952201,0.06170222401113934,0.00410042256904064,0.05616719250728375,0.013724040146309013,0.06858169415903381,-0.009493706986949957,0.1385842487775364,-0.00022994752274096975,-0.015247861700702026
2023-07-25,0.09998485767884135,0.09306723628540148,0.0020051537069611935,-0.00044069763500664827,0.02671073323547768,0.03283172330626427,0.0020039712885746574,0.024247063729513574,-0.006256479586554509,0.014952613186462571,-0.004625502421802041,0.019169341728267453,0.04728543313340383,0.00966179085187191,0.012751409213594522
2023-07-26,0.04811357312314879,-0.017874309571305202,0.01934641549682592,0.01146376626391965,-0.005271073553026362,0.004562314195370121,-0.013999989993621398,0.0047348102191744346,0.018677814764265888,-0.0005972947942511908,0.008132471836434618,-0.012539173144626603,-0.02926421567773496,0.009341534488641612,0.04480428454257579
2023-07-27,-0.01859003225914524,-0.009784736104311631,-0.0006545699476541156,-0.008718325816091221,-0.010598325269348341,0.03955443909079093,-0.002028443629314425,0.0017359456730261513,0.043881307814316095,-0.0011951204890676692,0.08441370348380373,0.05079360235305064,-0.035314398057088026,-0.002708781203003441,-0.010799070107342268
2023-07-28,-0.023766955634768938,0.021936771617083295,-0.012442668391946965,0.0030783158565614865,0.009329654409997223,0.030439761706902546,0.02134157395920888,0.03986124702174432,0.009867852643198782,0.029916053615505867,0.03214653340417062,-0.0271902644311387,-0.003571365211327393,0.062245372910455954,0.06289054488686285
2023-07-31,0.0006407406716371078,0.057048942470882213,0.038461568407481606,0.024112214185588954,-0.011639826669628706,0.01846292123610449,0.024875573167302933,0.03976194224567786,0.02169234117273766,0.03040283243614139,0.04478768860667981,0.021739153613471895,0.027777769768594585,0.00873641455238916,0.007368300933745742
2023-08-01,-0.00571663744705686,-0.00036590665604652184,-0.012771479218324111,-0.014554872019191811,0.024766238366752624,0.029407757203699925,0.008737783673979704,0.031142634193688234,-0.009754935189585812,-0.0535613460579516,-0.01453555206735302,0.03343460252595554,-0.006974802929152091,0.03253063072729079,0.0015515378695820647
2023-08-02,-0.03182935108972218,-0.02013174389473893,-0.00646818726605336,-0.029105168498903322,-0.01690044056122364,-0.02413248067795737,-0.05293549691148025,-0.026870930431330375,-0.009851441859342502,-0.01290694694486838,-0.018500060321849587,0.06764703638413372,-0.03336246700391099,-0.035392762304368386,-0.02013865280369198
2023-08-03,-0.01563015053928063,0.02670900785810515,0.018229006563259098,0.0017897533007207311,-0.01289331098260249,0.04558199130760787,0.009146341209289144,0.00456410197929058,0.01502136545731858,0.0006033580089628288,0.016556216137393998,-0.005509663006693977,0.03996354071530339,-0.0012725565488391766,0.006850851181246176
2023-08-04,-0.02263514691798385,0.013279962270791978,0.007672751939127531,0.01875847133598163,0.021595226837837878,-0.07696238294775903,-0.004028041252917669,-0.009768303691144342,-0.005958084610094949,-0.005428148503945351,-0.0007516785762906597,0.05540166439158534,-0.00436675240126061,0.000849408348118752,-0.004037670396067061
2023-08-07,-0.04607176331174334,-0.01867147040003847,-0.006345167805470675,0.06049968925474247,-0.0049437279026492975,0.03988926599756937,0.0010109378667138014,0.0,0.03190264896928818,0.002425512272909991,0.06344034855511005,-0.02099735614435616,-0.007894755226176331,-0.012094156279678692,-0.008858840647128052
2023-08-08,0.01904955265951891,0.025429919383987087,-0.0025543172653124113,-0.011161607908199422,-0.0034263304717910836,0.004262118275447646,-0.0040403303977532,-0.0018353041177273655,0.00805699417494532,-0.006989875039445703,0.02334364601753114,-0.0455764288930699,-0.011494208725988053,0.0047249912800675364,-0.0038632821764298386
2023-08-09,-0.013207355644846652,-0.011061533279643987,-0.012163863159438737,-0.007943168355058372,0.08045375323283954,-0.00782488833551842,0.004056720890482257,0.005286106049940287,0.003903313977400069,-0.004762041604861822,0.003916850520684134,0.025280942821757302,-0.024150180035352298,0.00427538395918492,0.006843787366516363
2023-08-10,0.002676862610697217,0.01713874720745312,0.0006480980030276751,-0.004635493327257989,0.07096263207920628,0.06122172854016594,0.004040496093717705,-0.005944170016397132,-0.011109065054373923,0.006032806520167133,-0.005737769708961671,-0.04109589041095896,-0.0027498506694088043,0.009578513754594065,0.014273794530126782
2023-08-11,-0.002618388709517916,0.021993576450476393,0.014248704100339848,-0.02582555038939316,0.016342200139616292,0.010328672733502575,0.009054325125607887,-0.0065298567103198035,-0.011233783188127733,0.01033939000636841,0.035549330107127686,-0.00571430751255575,0.022977993843502187,-0.004005929894601357,-0.04705874582912495
2023-08-14,-0.02069282554293861,-0.006941994422014708,0.0006384722080898797,0.04476307623660536,0.015202501260165091,0.02480990241702874,0.003988044615988562,0.0,0.0,0.0008184725019433348,0.0038409168546365002,-0.02586200376186165,0.0341418183374107,-0.02138014595814486,0.004219294815886121
2023-08-16,-0.002890932982917205,-0.021670773366186946,-0.0025524733655302168,-0.020798570393742777,0.059755182873689305,-0.009853972072794037,-0.01191669132545703,0.020891961373602275,0.000567966115513352,0.014519554010672842,0.004501572119518071,-0.011799454509568319,0.002606505276366411,0.016439583053018625,-0.015250461319553321
2023-08-17,-0.015814443858724325,0.023758518076643087,-0.00767755204317444,-0.016142715967481958,-0.04198363609147959,-0.05246345981057332,-0.0020100136333724983,-0.00781789679694822,0.025170337354270433,-0.017536967094920697,0.053551449052121614,-0.011940344056086794,-0.01386484991886916,-0.010427756702653168,-0.00647909824264481
2023-08-18,0.06561328334226024,0.06299069462833251,-0.0038685305229134714,-0.007772070405557163,0.027797482905365767,0.02230289371602745,0.004028123850601695,-0.0027809992582338294,-0.008676412595545191,-0.01107908202631458,-0.001914088844901518,-0.009063421477046196,-0.012302242718930434,-0.010322627369506732,0.0019882596943279207
2023-08-21,0.025433513740104274,0.06648068242757033,0.005177963663603347,-0.01000862953774595,-0.0030357379782740557,0.0001267994579738918,0.005015118490215853,0.016965076625907072,0.005772874809657047,0.025726248075042646,0.018111898335311682,-0.0030487340380210837,-0.01334529786267391,0.040199921031956354,0.00960375967730398
2023-08-22,-0.004852715324021872,0.06941668541624302,0.010946505746667112,0.018021953224943266,-0.0017992493781762153,-0.015345546561256418,0.003021133445644919,0.013253975055140366,0.011294154494596365,0.0024271590234887785,-0.0023020952278265394,0.0642201353249241,0.06492329217015658,0.0173386482416511,0.04080193089166673
2023-08-23,-0.042951410338445406,-0.0706678673702078,0.06815294592624488,0.0319515786597202,-0.009151496149766847,-0.006182457754238757,0.015060413277333096,0.0,0.0009152674184642606,0.0072638465597434365,0.007132325255875482,-0.005747148486326958,-0.011854321664603318,0.008624253333056497,-0.003323392093843247
2023-08-24,0.01250645848076437,0.018429649171914697,-0.02087061950234259,-0.0066945886831458745,-0.018471867030775746,0.0050545518393789735,-0.00098914155248353,-0.0038340135920227336,-0.009694346834101308,-0.013221106864512833,0.014372032893413156,0.0,0.0034276003860771453,0.016897415584495423,0.006745004027047141
2023-08-25,-0.004269823720619681,-0.011405109118553192,-0.01096230586891711,0.0042123348559979235,-0.008839405545419177,-0.001547468588886769,-0.009901048266282464,-0.013357495284909704,-0.002401170172043332,-0.017458476459595085,-0.01724845527954355,0.002890239688685403,-0.029035013924204933,-0.01661663735744978,0.0032368729178740008
2023-08-28,0.0006636003581659278,-0.009998484918010142,0.00800504847068928,0.017198032745431302,-0.0010069805052393965,0.008394634965353864,0.012999963341460807,0.0036714124775452106,0.0074060958325758985,0.026859505863601862,0.01650655446251892,0.005763710620809492,0.06948125772913882,-0.0026466467039626407,0.0005253145017514171
2023-08-29,-0.0057136779159592255,0.03387197458828406,0.015271762930745725,0.0,0.054571711663527145,0.042008259974196216,0.007897349699446332,0.010973947544691942,-0.0075356118924355675,0.010664145693212168,0.0045220648418207166,0.045845226480424994,0.009868310939714409,0.007960821242101401,-0.0014249692626669974
2023-08-30,-0.004104669061056998,-0.012924565652521314,0.011432082919513142,-0.007010312999022106,-0.025669100614480356,-0.020157316173357365,-0.0019588277572222257,-0.0031660650845320992,0.01055575298415623,-0.016125921102471796,0.0030693366879621653,0.10684935687339459,0.015472349191941515,0.001822694453893936,-0.007660611080716362
2023-08-31,-0.0431220768531041,-0.021619947660588168,-0.01011318134059469,0.000830517363223926,-0.016395723539452067,0.06623178017475984,-0.01472040115888995,-0.00045357289722025573,-0.04636250162199518,-0.010319783717773867,-0.026315692014900693,-0.051980252710465025,0.004811558888698109,-0.009096455039444118,-0.005676122491390823
2023-09-01,0.022021160431000997,0.027855600000332492,0.03906249369998793,0.06639011599301403,0.009403046059641484,-0.016941095441842302,0.0009961190702316713,0.04720832013577514,-0.010761056633065147,0.031281900033363286,0.0006283712339170133,-0.007832878408265298,0.00957703729845516,0.041819657613997974,0.012635179377091132
2023-09-04,0.0106416993793077,0.03482203355177704,0.054366840186493404,0.0038910189402143747,0.026393825275068616,-0.0004787725107813223,0.020895419298281315,0.022106652317846365,0.026418094610231257,0.012688480249404277,0.02010063117532468,0.028947328266344607,0.027667920346089447,0.014881572240501573,0.06058312702708801
2023-09-05,0.0030233145767311065,0.0020482720230263762,-0.021941819160788634,0.0011627243190259762,0.041666564512895965,0.001317011789029543,0.027290422089844002,-0.005089063102624691,-0.007948540286133565,-0.004307101070423092,-0.013546773179889171,0.012787724284207602,-0.015384589680538574,-0.0027011058254420295,-0.005527934541984525
2023-09-06,0.04573329291813266,0.014892747908822779,0.03309023399154376,0.006968749482432646,0.009372938804419473,-0.008609347171603221,0.011385221630201281,-0.011508892254773917,-0.017550485568434082,0.000786553192243522,-0.023512308190443365,0.07070715049617071,-0.030468758003180385,-0.0036758428199086257,-0.002066753977171709
2023-09-07,-0.0034290341472931196,0.03236944225077565,-0.01302933197788314,0.0007688283212070601,0.000392460607399725,0.016765197798733977,0.012195088475486893,0.009486785421249477,0.05572797883801539,0.009823080955555952,0.0464520425435353,0.0,0.022562437466920438,0.024077629415544033,0.02827961270473267
2023-09-08,-0.0014461797952666222,0.028846148734701815,0.022002166116741773,0.020569662634699615,0.03163803173785662,-0.026215846863838266,-0.02131598135120938,0.026270848240597333,0.1223103254297897,0.0064203429542766255,0.10018317932148668,-0.0023585444627242103,0.0086682630421413,0.01952983610936232,0.007639535573402467
2023-09-11,0.013433891373395346,0.0792360602605382,-0.010226024978995163,0.10348837180714265,0.09301743797949302,0.02095252645369472,0.03598487924463045,0.011862653554859826,0.003605432178910517,0.022617463567838447,0.0011108381528084355,-0.016548481691842643,0.20000002513882453,0.011344545237433667,-0.010958723460371855
2023-09-12,-0.009707816866985186,-0.03037146284734782,-0.06579653630338189,-0.10572529522411189,-0.0790725101966584,-0.0600166425284111,-0.07312605824588314,-0.03290822979286989,-0.07609412321895959,-0.03566480319001397,-0.08171584459366821,-0.11538460127700667,-0.08398441141528856,-0.033835840500543446,0.003693294277036241
2023-09-13,-0.01890923589851279,-0.02381573798096359,0.03084970643572449,0.05616644485886213,-0.0035250733068034057,0.017517048628479248,0.023668601581759763,0.008719631599156896,-0.016613613170337937,0.009932088195240052,-0.015904909009885393,0.0326087170602698,0.07889138575408561,0.008755111619191513,0.007776240633254661
2023-09-14,-0.0020288091141872355,0.00013261915239071165,0.009599148215648334,0.07326150675410226,0.02880599909697268,0.013098914277215323,0.07707127615780784,0.003373326574248381,0.00485246439618936,0.01009306264201415,0.008592398185530037,-0.013157894736842146,0.01910396786131119,0.0003774038548260972,0.0008956736605161275
2023-09-15,0.023022997250564003,0.005965755620066071,0.007830002812410752,-0.010048438270464644,-0.020385595439540882,0.022534197884976015,-0.019677996552242893,-0.007354424718010288,-0.0005363985897642864,-0.005380507707315574,-0.006490959673064012,0.02133331298828134,-0.02585645294880401,-0.004337983471689677,-0.0030975135898895223
2023-09-18,-0.0014903869857487706,-0.011597223053119277,0.006104328058975206,-0.004550416698767101,-0.012285247091034956,-0.0032514810173422948,-0.010948925409615895,0.021168520282433878,0.02863255771642348,0.03091201882834449,0.02266240652381457,-0.0026109262692708413,0.01725264625237166,0.006061781520223963,-0.0017952177861908503
2023-09-20,0.003980297478891837,-0.017599995930989598,-0.0033094820936221403,-0.0056258395183778065,0.034395205835494824,-0.003020454309925702,0.02398517233901587,0.002280199689825624,-0.0017396020033743076,0.022738591538495223,0.015372325301150402,-0.00261786091154681,0.06653626267246193,-0.013368518800680795,-0.004357763829692551
2023-09-21,0.014371376009284953,0.038137860300692106,-0.0011068237111268031,-0.03571425767715508,-0.03361962838469845,0.09064465099082653,-0.05675677536056245,-0.011582223975468264,0.0007842072932389144,-0.014903367049965865,0.018875396360694685,-0.0026246319718100652,-0.12424488192556071,-0.020419888368608863,-0.002362148647664819
2023-09-22,-0.0045434797582687425,0.0037913573490202523,0.006094182774002199,0.019068554545484062,0.07186383238074301,-0.014111139962707853,-0.005730631442360523,-0.004184979937637778,0.03787542806356137,-0.01215292985798444,0.04554230285070204,-0.00526317797209086,0.016889441916145165,0.0017533911572706895,-0.009679653817170397
2023-09-25,-0.004907734648516793,-0.00716326427595082,0.002202676739916587,-0.013314047569294107,-0.0022506343723027733,-0.003831707025092168,0.0038424665994853946,0.007144364917832435,-0.0008388617409943455,-0.0012552939282655107,-0.0016610115271279424,0.0026455632496498183,-0.03391000653811216,-0.0007779409508572588,0.009844656213114478
2023-09-26,-0.001479581789368023,-0.00957632591875246,0.0038462123324125574,0.00948206183315703,0.044520972128665015,-0.006448795967290422,-0.012440234782052029,0.002295015749293583,-0.01595296774419186,-0.002765066699247476,-0.011647755391817394,0.002638482060556502,-0.01790835246931677,0.011483127398520532,0.005918720822197576
2023-09-27,0.006371641099288894,-0.0056953682804739,-0.015325810846801624,0.008670573215945998,-0.015912721841082944,0.02061043731265766,0.007752110773334264,-0.0037468132283818845,0.06505982028673363,0.005041511766821882,0.063786384097406,0.01052635594418172,0.019693702431430093,-0.00038476496877548616,0.017582655664916125
2023-09-28,-0.006184037097392681,0.00013323746198379283,0.0005558728686489989,-0.020773717491936794,-0.03788404027883774,-0.01495034362360348,-0.0019231194582627342,-0.00940236387834914,-0.0190267901863862,0.007022863981305472,-0.010726265624175557,-0.002604226167828738,0.03576535068258191,-0.006544946911796856,-0.0002720440359645915
2023-09-29,-0.02498887598195343,0.00546078879483014,-0.0005555640456691435,0.017922447117366236,0.050180058225000934,0.024238221899699264,0.01734095491303167,0.035857374828691446,0.02858305160049701,-0.0049814082144283844,0.02168488819589509,0.005221952138994457,0.010359030884123488,0.016469805098382917,0.005035391299481828
2023-10-03,-0.013371840024890114,-0.028480614475030586,0.011673237005655812,0.0010780797553373578,0.011888466860317193,-0.027756228531171767,0.0066288583638804965,-0.017715348231120087,-0.003771166410513116,-0.0010012693743720602,0.0153098067931845,0.0,-0.011619988156388872,0.006290498693354518,0.012728645530698524
2023-10-04,-0.0021048182835619045,0.014589683360345829,-0.028571402239952803,-0.00574307336901736,-0.053547198763323145,-0.010350348874062276,0.0018814328007334957,-0.02508294080066309,-0.02809326891027286,-0.0027561446697754732,-0.02964351597243542,-0.02337666300984176,-0.03042873587650552,-0.027656805162363685,-0.020123127479314107
2023-10-05,-0.012604177067888522,-0.016664499827131363,0.0016967634651960939,0.050902509219278746,-0.01289091396471409,-0.019078329808692174,-0.0037558756393101245,-0.005528391123956533,-0.01373510900049224,-0.012060345717795129,-0.013597028439949144,0.005319169442975058,0.03708985065434378,0.004480748325043971,-0.0002729285719904606
2023-10-06,0.0016672490441651533,-0.004236675773559351,-0.00790516416993603,0.05462045435132379,0.014872979757299953,0.015700198758575645,0.0018850560165624142,0.007269693652930842,0.02390353491901953,0.0022888877542441843,0.022198336098245175,-0.002645462331730686,-0.0006875400200233583,0.003685111523804574,-0.0035488671193599775
2023-10-09,-0.023198946988784108,-0.06121327267514465,-0.019920336600963373,-0.04951146095380898,-0.01727632055743411,-0.027684911221800168,-0.021636821303034237,-0.0036086479524184423,-0.024563669748480232,-0.004059784089948226,-0.017863528387589533,-0.05305039680439683,-0.04060595697770075,-0.03381637790703351,-0.008834903405235406
2023-10-10,0.0008520025374816331,0.022368402707096502,0.0232289641351644,0.08567516680309017,-0.009335557025594188,0.00866068366330941,0.00576912390521267,0.00511284519005617,0.040374799674681716,0.008662272468312748,0.037446557903572764,-0.0028011845008746317,0.019369003203560275,0.015599900623275653,0.0021421700078863015
2023-10-11,0.02415537345786789,0.0004289829710562021,0.0045401734526364645,0.07891408105598541,-0.027413990257077026,0.013879005573736336,0.004780143250435298,0.011869516872581976,0.00020004161355302585,0.0027785077059068186,0.002406206800728228,0.022471996799083183,-0.015482203786149284,0.00019695160456345562,0.031786464574362405
2023-10-12,-0.01433839432483719,-0.0072899105618150495,-0.001694846349882817,-0.0014627406623161088,-0.013464178531549353,0.02215772510811642,0.002854333037951795,0.012149151978773087,-0.006200049752184356,0.011335150912291425,-0.00617263720250838,-0.010989052448102776,0.012151681453198337,0.004725361260344174,-0.009623088706379068
2023-10-13,0.00026353238134824153,-0.015406763741424467,-0.0050934559655932965,-0.010255020180711116,0.00012750464086308533,-0.019520973269309128,-0.004743707388706775,0.0018626519606070868,0.006842272985964959,0.005230162946555872,0.01190472391311781,-0.01388888888888884,0.03177962350988972,-0.004115177095117883,-0.014912318277202297
2023-10-16,-0.010643941786523281,-0.035829146631323194,0.010807710230171796,0.025162828825220362,0.023338920816305064,0.05313108441630998,-0.005719782348090119,0.005783798783399963,0.006995792085499719,0.006194383677289528,0.0027279968163442803,0.036619696818606995,0.038329784603016614,0.0027547878365521417,0.006096331022147128
2023-10-17,0.010492156741767955,0.017746066487632994,0.04164328934243211,0.008951804373254602,0.006106604698060014,-0.017586342957910728,0.018216619658247613,0.010269058722794489,-0.001984796009026568,0.020192055609237203,0.00017007234598032106,0.008152153350003966,-0.0125245409747049,0.008241720003132391,-0.0002042859679177722
2023-10-18,-0.010119682047152523,-0.004619933914205787,-0.02215025444261942,-0.02232391668618261,-0.020562355842513313,-0.003803911449485331,-0.0197739924893775,-0.016060123401302695,-0.02207641621539891,-0.0031378175171030698,-0.017341051907269978,-0.021563322640527405,-0.008678364587667908,-0.014986317062763432,-0.005379651755863635
2023-10-19,-0.006442668517772865,0.031441809332763304,-0.0038672771105326964,0.01346603872998342,0.016441215296119527,0.005839998792300571,0.0,-0.010330655000385325,0.013016172918485225,-0.0033898499274106486,0.020761273562604154,0.02754820994538898,0.008754337923895017,-0.004149388718476588,-0.005614008300598217
2023-10-20,-0.013772749824155994,-0.017854488872645957,-0.012756524294599725,-0.033506678964477454,-0.03496335477103962,0.009379322823502845,-0.0105666855467631,0.006263122126963561,-0.006223768266004126,-0.01433421158387449,-0.02423749613489612,-0.008042875152728501,0.006007811594005208,-0.018254020313342445,0.012668633019512487
2023-10-23,-0.042764805278521,-0.06458768120092928,-0.04325842363114374,-0.09025704518089217,-0.029525494253535012,-0.058296531661425344,-0.019417432822732783,-0.01846467883227154,-0.013535326794218205,-0.015282290837390189,-0.03317706652501273,-0.09729725605732686,-0.11944258706292654,-0.03698459933303977,-0.016997464888280578
2023-10-25,-0.005279250049216921,-0.011850213132419074,0.002935941343025883,-0.02168205213694807,-0.026969570593156078,-0.03711968156397916,-0.009901048266282464,-0.01902361598954505,-0.028466060283886985,-0.001251607868564375,-0.01796586241825926,-0.023952186084122085,0.005275009685981713,-0.006505776505112526,-0.0224789795550987
2023-10-26,-0.03195799716917813,0.046850020183615504,-0.02224828760178421,0.02048361502497409,0.06744938117153843,-0.0037818314058583047,-0.007000074048623572,-0.001723697803306723,-0.028878602344281856,-0.0027568355035347825,-0.027625326936633332,0.012269986030718272,0.013493347942065359,-0.009716936569628243,0.025543064814528504
2023-10-27,0.026823084767009897,0.0818695663725848,0.016766622594458935,0.01020075589371161,0.007290890373918835,0.014082583318761221,0.020141026063947187,0.021368533786660038,0.03125674169539372,0.010052785874930414,0.02746924955833263,0.018181771943063474,0.026627284971872056,0.015998308572057196,-0.006554535335601908
2023-10-30,0.05092430169097306,0.010729838870380037,-0.0029447840397861524,-0.004886061964844424,0.005460362060476287,-0.010747301868775594,0.006910160927095621,-0.008453161343434767,0.005893472621406826,-0.0004976871172789332,0.019593611065619188,0.00892866266017478,0.0036021991429218136,0.003989043904346179,0.0039587212340403966
2023-10-31,-0.003933324868546806,0.01424786038047432,0.001181352932458024,0.014730054545645244,-0.025511533927447094,0.008056560003193214,-0.015686304510374338,0.005115094139476417,0.03201518556770577,0.0064724810175980085,0.03304591266499757,0.008849534618207366,0.020100667821520313,0.0010455843296361955,0.005672260418391417
2023-11-01,-0.034443068692115664,0.005922053457667609,-0.007669634442294182,-0.014193651355534964,-0.022939293250243686,-0.012472710173774382,-0.013944209721924561,-0.013570696530217585,-0.017842735159406486,-0.005936124630528283,-0.016516185324475297,0.017543814641410194,0.0,-0.010236062458225614,-0.011074402423383534
2023-11-02,0.01346205689967328,0.021221185691877142,0.03091554977791522,0.0013089950678917273,0.04549676083247367,-0.008583686709732974,0.020202141284443975,0.011392887904256854,0.06379035423619461,0.010699011563782834,0.06911816859235631,0.048850597707169596,0.05418720761661455,0.03334744254347988,0.014676248061457953
2023-11-03,0.011882117376061485,0.03137155224790478,-0.0017300335172834025,-0.007189594712988856,-0.000761263303973192,0.019047609473703986,-0.0069307659776005615,0.005793866139182535,0.015718927226668233,0.00640077775199277,0.004794891007441349,0.0,-0.014018937636858464,-0.000817028663716246,0.02207288922861106
2023-11-06,0.026365334519913963,0.024307847902818924,0.002310741259866189,0.0003291615869158715,-0.01968006641774578,-0.0052191153523974965,0.004985074518006449,0.006400713728409446,-0.0036300753280583686,0.018591083552229604,0.0011519965874116078,0.05753420477044102,-0.005416290512859523,0.020237159163527307,0.004225450383974705
2023-11-07,0.006098245455005369,-0.025888335488863157,0.002305607394958553,-0.06482391266573329,0.0003886483160324694,0.0054904425093604825,-0.0019842516205554883,0.013992038754859548,0.008820715605615037,-0.0009604696098178822,0.013970873463909461,0.07253894203221378,0.041524950643042624,0.0010018000641132119,0.006678704622928855
2023-11-08,0.015555435949395013,0.025013003068157458,0.04082790874519571,0.02357489044057015,-0.003884097740228576,0.008615493626097592,0.019880755060662336,-0.010244705226241213,0.0019007300447582143,-0.004807858707321699,0.005673638994605046,-0.012077294240857794,0.005228770720219655,0.020616501855762248,-0.001326895904242953
2023-11-09,-0.009031900499254841,0.019572965296824396,-0.012154603975236933,0.0017187915320107106,0.0,-0.03597210992060951,-0.0009746013439231316,0.005280903449033092,0.052172171319810445,0.01352673025060147,0.025145013234217473,0.03667481525766925,-0.031209541144738506,-0.02726025715386471,0.009898273080145126
2023-11-10,0.0006396297161386233,-0.0042383939430482576,-0.003914954501423762,-0.007549706369470166,-0.0051988039307090395,0.0008736970908258535,0.006829182029445047,0.020172294258852697,0.03750457063273749,0.006434713055777808,0.02421383088901785,-0.03301890272396368,0.017449816467181245,0.013709646381440344,0.02308915153457014
2023-11-13,0.0015447024482528882,-0.02203298156423794,0.012352609835168282,0.040110583480405415,0.025346244890835035,-0.016084818230001185,0.010658994788528053,0.012152452618637843,0.06882165955891772,0.005446201472958601,0.035071689456081856,0.09756097560975618,0.008575218661809103,0.022474086479237654,0.05497333358752421
2023-11-15,0.010636600266252572,0.0010239912806921936,0.012756524294599725,0.0019947721975210886,0.019113014854893917,0.00696992257992024,-0.008628990727994612,0.00651209057934099,0.00943097147885541,-0.010127180395694269,0.0010492718853760685,-0.008888922797309018,-0.011118404729104858,0.008364237674066022,0.007252453046946217
2023-11-16,-0.009261746673691618,-0.0037083541873377257,0.052026248784383,0.0023224784046653735,-0.007376699309280421,-0.024666487222723132,0.0019342790070513427,0.020420534174749427,-0.0003222771035372718,0.005093441274605981,-0.010483852141460082,0.015695084907808354,-0.005291123742599102,0.012538599755426816,0.0019363010248478751
2023-11-17,-0.005577096867434683,-0.0057759537477158895,0.011972850722983042,-0.018867999799690893,0.007053775464610279,-0.00180645073854091,0.01737443240327563,-0.0029720126878803876,0.019175094741880505,0.011100316247801834,0.028606028105776726,0.008830055907631529,0.013297906222052847,0.0007620239685621755,0.00730722331712208
2023-11-20,-0.010575754339390397,0.006842225478455033,0.0030865531700694504,0.0013495181347116247,0.0045027147703669,-0.024689709770806534,0.0018975754975698589,-0.0021861097524610296,0.025296432998449525,-0.0009545413433987848,0.020453267666415753,-0.03282275656363731,-0.003280743375337458,-0.006853228403999823,-0.009952021691236768
2023-11-21,0.00043183262106971654,0.0065393274804459445,0.01692298905427303,0.009434109446611938,-0.002863856396100317,0.01683237166266416,0.030303011643067812,-0.004182415237446779,-0.014495106235610677,-0.001672261200023395,-0.022061964292886427,-0.03393665099792742,0.07307435748497348,0.006900519238447034,-0.0056315475929227254
2023-11-22,-0.013112414956867657,-0.013503153612659191,0.0070600329914249915,0.06508663143087734,0.04433067316538697,-0.010557988997317413,0.0009192128179387193,0.014600018127834291,0.001251770610588343,0.012682490199580121,-0.005308311661707754,-0.021077318730636674,-0.005521387958170809,-0.0020939996120570292,-0.029596293244566918
2023-11-23,0.017770244171992022,-0.014204623822783646,-0.008012055838043097,0.010968469860834995,-0.011240015572824724,0.011856140064784304,0.01285581746676856,-0.003548225988956877,0.0025007301013895145,-0.003308247208727577,0.01171063117760407,0.021531137375738307,0.002467618418251938,-0.005150795128112118,-0.012048940052062251
2023-11-24,0.007736125617917811,0.04060788907815249,-0.010600698934900676,-0.026968483287521328,0.018140063064839396,-0.010415305843795686,-0.008159598429112402,0.004549921208322871,-0.004110913569682628,-0.002133637857262949,-0.009670260664201291,-0.021077318730636674,0.012923009140590747,-0.00997125287370737,0.036651167867067125
2023-11-28,0.12250775287679994,0.12336348339857639,-0.012755125181616367,-0.016565769155885035,-0.02731908440849684,0.001447218474058376,-0.015539353317359561,0.014375756919899008,0.017780478676454603,-0.0011879676623244295,0.003254862491033572,0.0,0.024908930394234252,0.04900249653617261,0.03437496142139751
2023-11-29,-0.010543405339509149,-0.029358977811576037,0.0232558220170187,0.02753483373709842,0.013188357075043733,-0.004335216912791373,0.018570213696023075,0.0033003333467838125,0.023553562689975216,0.004043862520819674,0.011355259444276955,0.028708152747417115,0.0005926749839291201,0.00960119749622712,0.11533676322594255
2023-11-30,-0.012383510558139244,-0.003694293288819428,-0.018181841285331624,0.0003151562878229708,-0.015668322412798807,0.008840087911710759,-0.008204300919110508,0.011222851541389911,0.020724973527705748,-0.009950291352184615,0.016914724856556207,-0.016279087510219892,0.006516603704266322,-0.020116981993607452,0.024006799457723105
2023-12-01,-0.002235661663065547,0.020625709343594423,0.03395070436449643,0.04034048945183777,0.03979427857033824,0.005100745050075295,0.03676485200329971,0.029276848162082425,0.09032576787068392,0.005982240832439256,0.0725550949965672,-0.014184361346167962,-0.0005885829566938394,0.030235112357578142,-0.011981299388224342
2023-12-04,0.09473940574768625,0.05517711749908316,0.08358210723834003,0.029082081723253328,-0.00023550254853865749,0.029668252853464416,0.01861692871117704,0.021751165056408617,0.01793774425525596,0.01284493200908643,0.04224585185126806,0.002398044899077467,0.021201465262087327,0.02010871095525557,0.015591313198356493
2023-12-05,0.19999999999999996,0.1580589027988566,0.0771350012887908,-0.008242601848206355,-0.021908127157305612,0.0030329821401060553,0.025239404002579846,0.03875547983266303,0.014931511742055426,0.04415211306078004,0.005900525333392581,0.06698562890350535,-0.012110755637929072,-0.00017755493167315173,-0.001137046081346904
2023-12-06,0.1593992963825548,0.041438253259186375,0.014492615810516307,0.05253794481391072,0.05732180912201379,0.023686440537782794,0.02207124415728212,-0.015239101043537207,0.0035783399261191118,0.009446735422353303,0.02167804857982536,0.04035881420045917,-0.014010635044455877,0.044937810776310316,-0.024684413804843208
2023-12-07,0.03882444282702502,0.003479409686724555,0.02605046618437523,0.025098702057435363,0.04396346231232595,0.0060308820991288314,0.06727575653588946,0.009605030687432459,-0.003961845289591648,0.02495537364282341,-0.014977320355007762,0.0021551394575993754,0.07637665458519338,0.1075981496598184,0.06526228925480981
2023-12-08,-0.04546992240607828,-0.05085349439892706,-0.017199004710631516,-0.025309571732963887,-0.01418285831106092,0.012600884787889566,-0.016342395763831785,0.004404531690189728,0.019888730928219855,-0.0060869595301629165,0.027496114496528223,0.030107559696320507,-0.02475244829092582,-0.006906008316213019,-0.0370572753607602
2023-12-11,-0.01309427090805415,-0.014331198470233564,-0.016666641041020003,0.0008468235790775047,0.008742826090757827,0.05146797342531961,-0.0007911567923829521,0.007893276953377715,0.012870445126030194,0.010280040044569727,0.007152535638779378,0.022964476807517453,0.011280253221462866,0.03121613318863159,-0.02172444900733883
2023-12-12,-0.043202598422181326,-0.017485545078279374,0.006355886728927285,-0.019740590368081623,-0.023697153317262853,0.0027575964465531566,-0.01821062785068983,-0.013574457499317294,0.0003849533085975576,0.001732059385590512,-0.00036727273029024676,-0.05306119334941006,0.016173961316817254,-0.008541849043101957,-0.020514991577735175
2023-12-13,-0.024728514678915237,-0.0217622595346032,0.0534737230759148,0.056961984892936135,0.023710474798786407,0.038615807914739175,0.036290342404427633,0.03757918273076499,0.08237119134925619,0.02420568544797641,0.08966183220377189,0.025862002344394508,0.015916703275574928,0.022218783197401226,-0.015330742903295835
2023-12-14,0.05645450753857095,0.04597589038896932,-0.028776947068107628,-0.012792506071198306,-0.009879238752060204,-0.01588701792504077,0.010116766369342445,0.00459123245542381,0.0030819727168793776,-0.020468434008991343,-0.006070079710171927,0.002100888487900354,0.05294422349763228,-0.008132414691771506,0.0007128577956370119
2023-12-15,0.012165998138231604,0.01871628424618388,0.009465026257226894,-0.02729535197275479,-0.036031029207351684,-0.009641250875150442,0.0023112366882209745,0.03283685604923625,-0.025525881736195744,0.02261962275772955,-0.02318471501611752,-0.010482180125843454,-0.011800789674007994,-0.006559384831250181,-0.016654009762707367
2023-12-18,-0.0013100579491148734,0.0009279586770967185,0.015083594970762837,-0.007653006873601376,0.0027602640757984354,0.02388494259373153,0.00999222284255108,-0.00622745345169784,-0.0012127807823317793,-0.02317255244227745,0.007525593373146622,0.008474527642289953,-0.032191064064698294,0.011554576446193954,0.0371587453696105
2023-12-19,0.0046896168298100616,-0.007230985341901475,-0.024096413947850337,-0.0019995050156123018,-0.010551710021208915,0.025649587723753475,-0.012937635803823122,0.021273059380787496,-0.007406498010138707,0.00733228349789683,0.00011502739006985507,-0.002100808347199057,-0.02038622933092482,-0.003411863814214655,-0.007895897671115537
2023-12-20,-0.05199766410439621,-0.049771168026217394,-0.049794304583832605,-0.08385799325748455,-0.060971434809961145,-0.04818368941102069,-0.06939082080902392,-0.038753614961113514,-0.06581026766747389,-0.02740322755923008,-0.07055032445751586,-0.09894738448293583,-0.08050393613758966,-0.04688903562344515,-0.040931295066293893
2023-12-21,0.046413953986095935,0.0056014119777743065,0.025552213678174063,0.03998741680352125,0.03036673856964267,0.02921855856498823,0.051367089734521754,0.0144466991128962,0.01833174508604718,0.02289243570798427,0.019161861064987518,0.06074771811133628,0.07147100518080318,0.026237774071939057,0.025516540904342744
2023-12-22,0.008917065132709734,0.0017590179024227215,0.006334485094385389,0.006308251458522429,-0.019288424036280394,0.003741264174980774,0.01970047580216483,0.0028147705816918833,-0.0050147813838968824,-0.0025822918691160712,-0.013585720085911523,-0.01321590900115599,-0.00277924024514542,-0.005783023872878212,0.005725011666116719
2023-12-26,0.04376751461384143,-0.001658431321793552,0.0356693035869764,0.047761233594868724,0.014292680505257227,-0.009098842566748422,-0.0015456294228142209,0.0224573076723531,0.013827768634170345,0.0069040350148941165,0.030496745405957926,0.008928605640421639,0.020624354629499297,-0.0038266666893252976,-0.0010399858070893053
2023-12-27,0.0005624449703323098,0.02100841902300199,0.021474865556539546,-0.0025640842608489756,-0.010357638630765331,-0.012390813070981554,-0.006192025452840144,-0.01146658815127577,-0.018992872384451243,0.002999751281723251,-0.02028622546326664,0.0,0.014746076420151688,-0.001690288371631099,-0.015177175001775622
2023-12-28,-0.02504526650265082,0.0018183792256745157,0.02816352364704855,0.011139685246457587,-0.006815205067418062,-0.02296406462641254,0.011682377438476221,0.02564946710553828,0.00025980346416809574,0.0215766781372837,-0.0006091077079736218,-0.011061946715938187,-0.017222775742728125,0.015237782950000334,0.022810647431519726
2023-12-29,0.023062139654068003,0.0033435085317228275,0.022376493777692463,-0.015819274841646025,0.002450693097470591,0.004930023598568756,-0.005388817715168859,-0.008760691616096494,-0.005975408350346378,-0.007946602029256011,0.0063376229230822645,0.04250554091168879,-0.0038336998154371305,0.007125592661692437,0.015937765298292383
