Date,ADANIENSOL.NS,ADANIGREEN.NS,ADANIPOWER.NS,CESC.NS,GIPCL.NS,JSWENERGY.NS,NAVA.NS,NHPC.NS,NTPC.NS,PFC.NS,POWERGRID.NS,RECLTD.NS,RPOWER.NS,SJVN.NS,TATAPOWER.NS,TORNTPOWER.NS
2020-01-01,,174.75,12.779999732971191,55.33761215209961,61.02458953857422,65.50243377685547,32.44552230834961,17.863492965698242,94.73123931884766,59.837364196777344,76.68421936035156,64.46781158447266,3.6500000953674316,18.78333854675293,53.60771179199219,241.10707092285156
2020-01-02,,183.4499969482422,12.890000343322754,55.94152069091797,61.91639709472656,65.92931365966797,34.86451721191406,17.863492965698242,94.6143569946289,60.5701904296875,76.52730560302734,65.13959503173828,3.549999952316284,18.746868133544922,53.9799919128418,243.42904663085938
2020-01-03,,192.60000610351562,12.649999618530273,54.993045806884766,67.39459228515625,66.59333801269531,34.55381774902344,17.900707244873047,93.01666259765625,60.014251708984375,75.70359802246094,64.04236602783203,3.450000047683716,18.929235458374023,53.747318267822266,243.72454833984375
2020-01-06,,200.60000610351562,12.020000457763672,53.9704704284668,64.37946319580078,63.605194091796875,33.91023254394531,17.826274871826172,92.66595458984375,57.05775451660156,75.74281311035156,62.2061882019043,3.299999952316284,18.89276123046875,52.816627502441406,237.94073486328125
2020-01-07,,210.60000610351562,12.199999809265137,53.83339309692383,65.31372833251953,66.49848175048828,36.06291198730469,17.826274871826172,93.9518814086914,59.10455322265625,75.19368743896484,63.03472137451172,3.1500000953674316,19.03864860534668,52.67702865600586,242.71133422851562
2020-01-08,,221.10000610351562,11.970000267028809,53.41472625732422,65.52606201171875,67.54197692871094,35.818790435791016,17.751842498779297,93.48426818847656,58.649723052978516,74.74259185791016,62.07182693481445,3.0,18.78333854675293,52.351287841796875,244.52670288085938
2020-01-09,,232.14999389648438,12.229999542236328,54.70035934448242,66.80006408691406,65.83445739746094,36.795265197753906,17.826274871826172,93.01666259765625,60.39329528808594,75.68399047851562,63.79603958129883,2.8499999046325684,18.965702056884766,53.793846130371094,247.35536193847656
2020-01-10,,220.5500030517578,12.239999771118164,54.69664764404297,65.35619354248047,64.88582611083984,36.684303283691406,18.049570083618164,93.75704956054688,61.4798583984375,75.37019348144531,63.70647048950195,2.75,19.00217628479004,54.8641471862793,251.45046997070312
2020-01-13,,209.5500030517578,12.460000038146973,54.76704406738281,66.41785430908203,64.69609832763672,37.10596466064453,18.012353897094727,94.88711547851562,63.17289733886719,76.40965270996094,64.22151184082031,2.6500000953674316,19.03864860534668,55.282955169677734,254.74351501464844
2020-01-14,,199.10000610351562,12.489999771118164,54.57809066772461,65.52606201171875,63.98463439941406,36.92842102050781,18.012353897094727,96.25099182128906,62.03577423095703,76.58615112304688,63.70647048950195,2.549999952316284,19.07512092590332,56.02750778198242,253.265869140625
2020-01-15,,189.14999389648438,12.65999984741211,55.593257904052734,65.56851959228516,63.98463439941406,36.35142135620117,18.19843292236328,96.5237808227539,62.996009826660156,76.19391632080078,63.77366256713867,2.5999999046325684,19.00217628479004,56.67898941040039,255.37677001953125
2020-01-16,,179.6999969482422,12.989999771118164,55.30427551269531,66.07813262939453,64.12691497802734,36.5511474609375,18.31007957458496,94.65331268310547,62.339019775390625,77.05683135986328,63.16905975341797,2.5,19.148061752319336,56.772056579589844,257.7832336425781
2020-01-17,,188.64999389648438,12.920000076293945,57.093780517578125,64.9315185546875,63.98463439941406,39.635921478271484,18.049570083618164,94.45848846435547,61.631473541259766,77.42949676513672,63.14665985107422,2.4000000953674316,19.07512092590332,57.283939361572266,264.32696533203125
2020-01-20,,198.0500030517578,12.670000076293945,56.297203063964844,64.88905334472656,62.798851013183594,38.21559143066406,20.133644104003906,92.15936279296875,56.7797966003418,80.27325439453125,61.44484329223633,2.299999952316284,19.731624603271484,56.07404327392578,264.960205078125
2020-01-21,,202.25,12.550000190734863,55.356136322021484,64.88905334472656,62.89372253417969,40.21291732788086,19.24047088623047,91.30207824707031,53.89911651611328,78.6846694946289,60.19085693359375,2.200000047683716,19.476318359375,55.42256164550781,265.3824462890625
2020-01-22,,197.64999389648438,12.5,55.45246124267578,65.95073699951172,62.94114303588867,39.857845306396484,19.463760375976562,87.4052734375,55.010955810546875,78.46893310546875,60.72827911376953,2.0999999046325684,18.856287002563477,55.05028533935547,266.775634765625
2020-01-23,,192.1999969482422,12.670000076293945,54.800392150878906,66.20552825927734,63.41545486450195,39.680301666259766,20.245290756225586,88.4573974609375,57.15883255004883,79.21421813964844,62.2061882019043,2.200000047683716,18.382144927978516,55.980979919433594,269.8997802734375
2020-01-24,,190.25,12.710000038146973,55.815547943115234,70.4946517944336,64.03206634521484,39.94660949707031,20.431367874145508,89.43159484863281,58.801326751708984,77.25297546386719,63.34819412231445,2.0999999046325684,18.819812774658203,56.95819854736328,272.1373291015625
2020-01-27,,190.75,12.9399995803833,55.32279586791992,71.64125061035156,63.55775833129883,38.32655334472656,20.654664993286133,88.18463897705078,58.54864501953125,75.70359802246094,64.53499603271484,2.0,19.00217628479004,56.49285888671875,275.0081481933594
2020-01-28,,187.64999389648438,12.760000228881836,54.340972900390625,68.07405853271484,63.51032257080078,37.46104049682617,20.319719314575195,87.32733917236328,58.62446975708008,74.703369140625,64.91566467285156,1.899999976158142,18.856287002563477,56.53938674926758,274.3326416015625
2020-01-29,,186.3000030517578,12.8100004196167,54.848548889160156,69.05078125,62.70399856567383,32.778411865234375,19.463760375976562,88.22358703613281,59.68575668334961,75.46825408935547,65.85614776611328,1.850000023841858,18.819812774658203,56.67898941040039,275.3880920410156
2020-01-30,,180.4499969482422,12.539999961853027,53.288761138916016,67.22472381591797,61.138763427734375,32.80060577392578,18.756668090820312,88.57430267333984,60.39329528808594,76.25273895263672,66.28160095214844,1.7999999523162842,18.746868133544922,56.120574951171875,269.7731018066406
2020-01-31,,189.4499969482422,12.210000038146973,52.629276275634766,67.90419006347656,59.810691833496094,31.646595001220703,18.23565101623535,87.95081329345703,58.95295333862305,73.29129028320312,64.35585021972656,1.75,18.49156379699707,54.073062896728516,261.5827941894531
2020-02-03,,196.14999389648438,11.800000190734863,51.55482864379883,63.742462158203125,58.71977996826172,30.181884765625,17.863492965698242,85.92447662353516,57.58842086791992,73.48738861083984,61.71354675292969,1.649999976158142,18.637451171875,51.094852447509766,255.37677001953125
2020-02-04,,198.0,12.09000015258789,52.821937561035156,64.50685119628906,59.9529914855957,30.647932052612305,18.19843292236328,87.28836059570312,58.649723052978516,76.23310852050781,63.70647048950195,1.649999976158142,18.78333854675293,52.49088668823242,257.3187255859375
2020-02-05,,193.25,12.399999618530273,53.62220001220703,63.827396392822266,58.71977996826172,31.0695858001709,18.272859573364258,86.66485595703125,62.111595153808594,74.27190399169922,67.60276794433594,1.600000023841858,18.819812774658203,53.23543930053711,268.6332702636719
2020-02-06,,202.89999389648438,12.15999984741211,53.4851188659668,64.33699035644531,59.668399810791016,31.624404907226562,18.0867862701416,87.28836059570312,62.51590347290039,75.66436004638672,68.38648223876953,1.649999976158142,18.856287002563477,53.70078659057617,261.2450866699219
2020-02-07,,213.0,12.170000076293945,54.159423828125,64.37946319580078,61.99252700805664,32.66744613647461,18.272859573364258,90.09406280517578,63.34977340698242,74.68377685546875,69.43895721435547,1.7000000476837158,19.00217628479004,53.9799919128418,258.1631164550781
2020-02-10,,213.35000610351562,11.979999542236328,53.407318115234375,63.99725341796875,61.66050720214844,31.66878890991211,18.049570083618164,88.4573974609375,63.55192184448242,73.19322204589844,68.90153503417969,1.75,18.49156379699707,53.00276565551758,258.33197021484375
2020-02-11,,211.25,12.029999732971191,53.948246002197266,64.29451751708984,60.66445541381836,31.113971710205078,17.826274871826172,91.06825256347656,63.34977340698242,74.33073425292969,68.44330596923828,1.7999999523162842,18.3091983795166,53.65425491333008,257.9942932128906
2020-02-12,,207.64999389648438,12.09000015258789,53.21095275878906,64.2520751953125,60.80674743652344,30.958621978759766,17.826274871826172,91.02928924560547,64.00679016113281,74.27190399169922,68.44330596923828,1.75,18.60097885131836,52.118614196777344,256.3899841308594
2020-02-13,,199.9499969482422,12.020000457763672,53.85932540893555,61.1519889831543,60.332435607910156,30.42600440979004,17.64019775390625,89.74334716796875,63.703548431396484,74.74259185791016,67.86449432373047,1.7999999523162842,18.56450653076172,51.467124938964844,274.9659118652344
2020-02-14,,206.8000030517578,11.920000076293945,52.85898208618164,59.45332336425781,59.62096405029297,30.60354232788086,17.45412254333496,87.83390045166016,64.00679016113281,72.21260833740234,67.3580551147461,1.75,18.272724151611328,50.07109451293945,271.4618225097656
2020-02-17,,198.35000610351562,11.510000228881836,51.99942398071289,59.071128845214844,59.90555953979492,31.269315719604492,17.242507934570312,85.96345520019531,63.90570831298828,72.01647186279297,66.61042022705078,1.75,18.236251831054688,48.16318130493164,277.921142578125
2020-02-18,,189.25,11.350000381469727,52.289268493652344,58.73139190673828,62.32454299926758,30.248462677001953,16.69388198852539,85.41789245605469,64.51216125488281,72.56564331054688,66.05574798583984,1.7000000476837158,18.49156379699707,47.97704315185547,270.9633483886719
2020-02-19,,197.85000610351562,11.6899995803833,52.62105178833008,58.688926696777344,61.281063079833984,30.714506149291992,16.811447143554688,87.32733917236328,65.49766540527344,73.54624938964844,66.17634582519531,1.75,18.637451171875,47.7909049987793,277.3960266113281
2020-02-20,,194.85000610351562,11.529999732971191,53.22361755371094,59.028656005859375,59.90555953979492,31.0695858001709,16.811447143554688,86.7817611694336,66.83692169189453,74.2326889038086,67.50274658203125,1.7999999523162842,18.71039390563965,48.02357482910156,274.8580017089844
2020-02-24,,185.89999389648438,11.210000038146973,51.75916290283203,58.47658920288086,59.668399810791016,30.137502670288086,16.889820098876953,85.4958267211914,65.3965835571289,72.9970932006836,65.6939926147461,1.850000023841858,18.78333854675293,48.25625228881836,271.5322570800781
2020-02-25,,180.5500030517578,11.210000038146973,52.17485809326172,58.1368522644043,58.29290008544922,29.715839385986328,17.281694412231445,85.80757904052734,65.1186294555664,73.0167236328125,64.56050109863281,1.899999976158142,18.744291305541992,48.11664581298828,270.656982421875
2020-02-26,,171.5500030517578,10.890000343322754,51.03456497192383,57.712188720703125,57.4865608215332,28.650596618652344,16.96819496154785,85.0282211303711,64.28475189208984,72.8990249633789,62.58293914794922,1.850000023841858,18.50998878479004,45.929527282714844,265.930908203125
2020-02-27,,163.0,10.5600004196167,50.657012939453125,57.28752136230469,56.96482467651367,30.42600440979004,16.772258758544922,84.98924255371094,63.22343826293945,73.13438415527344,60.91887664794922,1.7999999523162842,18.353784561157227,45.882991790771484,269.5192565917969
2020-02-28,,154.9499969482422,9.460000038146973,49.34510803222656,55.88612365722656,54.35611343383789,28.783750534057617,16.145259857177734,83.0408706665039,59.85990524291992,71.19275665283203,56.819034576416016,1.75,18.080429077148438,43.46319580078125,265.1432189941406
2020-03-02,,156.0500030517578,9.40999984741211,48.933231353759766,55.546390533447266,52.1268424987793,29.582687377929688,16.53713035583496,80.97554779052734,61.03577423095703,71.97725677490234,56.7949104309082,1.7000000476837158,17.76802635192871,40.76420211791992,270.7007141113281
2020-03-03,,159.5,9.779999732971191,48.159053802490234,56.22585678100586,54.403541564941406,29.804611206054688,17.90869903564453,84.87235260009766,61.93817901611328,75.19368743896484,57.75958251953125,1.649999976158142,18.236635208129883,41.32261657714844,278.840087890625
2020-03-04,,152.0,9.529999732971191,46.54969024658203,55.206661224365234,51.08335876464844,28.428674697875977,17.242507934570312,84.13195037841797,62.102264404296875,77.29219818115234,56.60198211669922,1.600000023841858,18.158533096313477,41.648353576660156,275.5581970214844
2020-03-05,,152.5,9.350000381469727,47.23233413696289,55.46146011352539,52.031978607177734,29.294179916381836,17.242507934570312,84.05400085449219,61.82880401611328,76.8607177734375,57.084312438964844,1.649999976158142,18.00232696533203,41.183006286621094,276.7834167480469
2020-03-06,,144.89999389648438,8.819999694824219,45.203460693359375,53.97512435913086,50.134735107421875,28.76156234741211,17.00738525390625,81.94973754882812,60.43416213989258,74.76220703125,55.61319351196289,1.600000023841858,17.924226760864258,40.06618118286133,275.4706115722656
2020-03-09,,137.6999969482422,8.149999618530273,45.30643081665039,50.747657775878906,44.86988067626953,27.534761428833008,15.753381729125977,80.1961669921875,57.04328918457031,70.9770278930664,51.89921569824219,1.5499999523162842,16.830808639526367,36.99490737915039,270.61328125
2020-03-11,,130.85000610351562,8.239999771118164,43.18221664428711,50.87506103515625,46.00822830200195,27.239423751831055,16.53713035583496,80.31309509277344,56.222904205322266,71.15353393554688,50.57279968261719,1.5,16.791757583618164,35.273136138916016,268.994140625
2020-03-12,,124.3499984741211,6.059999942779541,38.659202575683594,48.0722541809082,43.778961181640625,22.65029525756836,15.518255233764648,73.53265380859375,49.441158294677734,65.15215301513672,44.905364990234375,1.4500000476837158,15.776444435119629,37.553321838378906,253.7217559814453
2020-03-13,,123.4000015258789,6.190000057220459,40.05118942260742,47.35032653808594,45.486480712890625,22.30951690673828,16.106069564819336,76.4162826538086,56.031490325927734,65.85820770263672,48.64345932006836,1.399999976158142,16.245052337646484,39.22856521606445,253.4154815673828
2020-03-16,,117.69999694824219,5.690000057220459,36.82863235473633,46.45853042602539,43.304649353027344,22.400392532348633,15.008818626403809,70.76593017578125,50.48030471801758,64.23552703857422,45.65298080444336,1.350000023841858,15.073531150817871,37.646392822265625,242.65040588378906
2020-03-17,,123.4000015258789,5.369999885559082,36.73329544067383,45.82152557373047,40.31648635864258,20.492040634155273,14.26425552368164,68.6616439819336,49.359134674072266,65.88261413574219,44.85713577270508,1.2999999523162842,15.034481048583984,36.25035858154297,246.23878479003906
2020-03-18,,129.39999389648438,5.630000114440918,37.168052673339844,43.18859100341797,39.8421745300293,17.970293045043945,15.165570259094238,62.777488708496094,51.1912956237793,58.623313903808594,46.25590133666992,1.25,16.791757583618164,32.667198181152344,243.52565002441406
2020-03-19,,135.64999389648438,5.400000095367432,35.49766159057617,44.29273223876953,41.73942184448242,17.152427673339844,14.46019458770752,61.06288146972656,48.73017501831055,59.843379974365234,43.024261474609375,1.2000000476837158,15.4249906539917,31.82958221435547,240.24362182617188
2020-03-20,,142.35000610351562,5.809999942779541,36.016326904296875,45.481788635253906,44.34813690185547,17.697673797607422,16.654693603515625,63.323020935058594,50.179500579833984,63.95085906982422,44.20598220825195,1.2000000476837158,15.971694946289062,34.15630340576172,250.96490478515625
2020-03-23,,135.25,5.130000114440918,31.638225555419922,38.941925048828125,41.50226593017578,15.948352813720703,14.26425552368164,59.54313659667969,44.5189208984375,62.22245407104492,39.141456604003906,1.149999976158142,14.409673690795898,30.619686126708984,218.36354064941406
2020-03-24,,141.3000030517578,5.590000152587891,30.829729080200195,41.19266891479492,44.016117095947266,15.175926208496094,14.930445671081543,60.43939208984375,43.47977828979492,59.90436935424805,39.286155700683594,1.100000023841858,14.761130332946777,32.01572036743164,236.8740692138672
2020-03-25,,148.10000610351562,5.710000038146973,28.84280776977539,40.428260803222656,44.82244873046875,15.357671737670898,14.852068901062012,62.115020751953125,47.17146301269531,61.10409927368164,40.46788024902344,1.0499999523162842,15.034481048583984,32.57413101196289,242.25660705566406
2020-03-26,,152.10000610351562,6.019999980926514,30.0059757232666,41.15019226074219,43.63666534423828,16.03922462463379,14.26425552368164,62.46794509887695,50.534996032714844,64.39822387695312,42.32487869262695,1.100000023841858,14.565873146057129,32.76026916503906,251.0085906982422
2020-03-27,,148.75,5.519999980926514,29.700881958007812,42.721458435058594,42.11886978149414,15.857481002807617,15.204754829406738,65.09527587890625,48.265296936035156,65.06924438476562,40.99845504760742,1.149999976158142,15.932647705078125,31.596908569335938,237.9243621826172
2020-03-30,,146.9499969482422,5.360000133514404,28.995349884033203,41.44745635986328,41.644561767578125,15.403111457824707,15.400694847106934,64.11492919921875,48.53874588012695,63.3001823425293,41.02256393432617,1.2000000476837158,15.893594741821289,30.061269760131836,239.84979248046875
2020-03-31,,153.25,5.550000190734863,31.161518096923828,42.38172912597656,40.5062141418457,15.539421081542969,15.635819435119629,66.03641510009766,50.288875579833984,64.70323944091797,42.80720901489258,1.25,16.20600128173828,30.57314682006836,244.22581481933594
2020-04-01,,152.89999389648438,5.360000133514404,29.986906051635742,41.7022590637207,40.9330940246582,16.584470748901367,15.24394702911377,63.5267219543457,48.620784759521484,62.87316131591797,41.93901443481445,1.2999999523162842,16.245052337646484,29.363252639770508,245.88868713378906
2020-04-03,,151.89999389648438,5.349999904632568,32.45817184448242,43.14612579345703,40.22162628173828,16.26641082763672,15.518255233764648,62.389522552490234,47.17146301269531,63.523834228515625,41.02256393432617,1.350000023841858,16.20600128173828,28.060287475585938,244.13832092285156
2020-04-07,,158.9499969482422,5.760000228881836,34.23915100097656,45.481788635253906,40.363914489746094,16.766218185424805,16.61550521850586,63.95808410644531,48.89423751831055,64.25587463378906,41.96311950683594,1.399999976158142,16.401254653930664,31.317705154418945,255.42845153808594
2020-04-08,,166.4499969482422,5.789999961853027,34.42983627319336,45.481788635253906,40.031898498535156,16.90252685546875,17.12494659423828,66.82069396972656,49.823997497558594,64.39822387695312,42.25252914428711,1.4500000476837158,16.71365737915039,33.17908477783203,255.42845153808594
2020-04-09,,174.75,6.079999923706055,35.72267150878906,47.605125427246094,39.8421745300293,17.356897354125977,17.00738525390625,68.31082153320312,49.60523986816406,66.87897491455078,42.927799224853516,1.5,16.869863510131836,33.97016525268555,257.5289611816406
2020-04-13,,183.35000610351562,5.929999828338623,38.3426628112793,47.56266403198242,39.083274841308594,16.788936614990234,16.96819496154785,69.52647399902344,48.29263687133789,65.04891204833984,42.3972282409668,1.5499999523162842,16.908912658691406,33.4117546081543,254.68453979492188
2020-04-15,,187.8000030517578,5.860000133514404,38.43800735473633,46.96812438964844,38.51409912109375,17.266023635864258,17.39925765991211,70.5068359375,48.37468338012695,64.88623046875,43.57894515991211,1.600000023841858,17.45562171936035,32.620662689208984,260.46087646484375
2020-04-16,,193.85000610351562,5.96999979019165,39.768978118896484,47.137996673583984,39.367862701416016,18.038450241088867,17.477630615234375,74.5850830078125,49.167701721191406,66.45195770263672,43.892459869384766,1.649999976158142,17.26036834716797,32.29492950439453,261.24853515625
2020-04-17,,198.9499969482422,6.179999828338623,44.89836883544922,48.157196044921875,40.601070404052734,18.242916107177734,17.712759017944336,74.89878845214844,51.21863555908203,68.22103881835938,46.06297302246094,1.7000000476837158,17.221315383911133,32.01572036743164,263.5678405761719
2020-04-20,,200.75,6.949999809265137,45.6000862121582,47.774993896484375,41.1228141784668,18.083887100219727,17.242507934570312,77.56536102294922,48.83956527709961,67.3060073852539,45.580623626708984,1.75,17.104162216186523,31.224632263183594,259.49810791015625
2020-04-21,,191.3000030517578,6.380000114440918,46.332305908203125,45.90645980834961,39.083274841308594,17.447769165039062,16.654693603515625,76.31049346923828,47.8277587890625,66.14694213867188,44.10951232910156,1.7999999523162842,16.440305709838867,30.200876235961914,255.1658477783203
2020-04-22,,197.1999969482422,6.480000019073486,46.14543914794922,49.388729095458984,37.99236297607422,17.60679817199707,16.576322555541992,76.54579162597656,47.636348724365234,65.96394348144531,43.57894515991211,1.850000023841858,16.98701286315918,30.154342651367188,259.93572998046875
2020-04-23,,200.0,6.489999771118164,46.660282135009766,49.81339645385742,37.56547927856445,17.538644790649414,16.302005767822266,74.66350555419922,50.206844329833984,64.25587463378906,44.30244827270508,1.899999976158142,16.557456970214844,30.433549880981445,265.7120361328125
2020-04-24,,195.9499969482422,6.130000114440918,45.516178131103516,48.157196044921875,37.850067138671875,16.9934024810791,16.2236328125,73.25180053710938,49.79665756225586,64.72357177734375,43.09660339355469,1.9500000476837158,16.245052337646484,28.897907257080078,265.88714599609375
2020-04-27,,200.64999389648438,6.170000076293945,44.61996841430664,48.19966125488281,37.42318344116211,16.92524528503418,16.2236328125,72.42830657958984,50.26154708862305,64.90657806396484,42.83131790161133,2.0,16.284099578857422,28.897907257080078,267.8126220703125
2020-04-28,,203.64999389648438,6.03000020980835,46.29035568237305,48.92158889770508,37.37575149536133,16.970684051513672,15.870942115783691,70.85974884033203,49.63257598876953,63.93053436279297,42.97603225708008,2.0999999046325684,16.401254653930664,28.572168350219727,272.80126953125
2020-04-29,,207.9499969482422,6.25,47.476409912109375,49.431190490722656,38.8935546875,17.0161190032959,16.53713035583496,70.74209594726562,51.874935150146484,64.27620697021484,44.97771072387695,2.200000047683716,16.51840591430664,28.944446563720703,282.29718017578125
2020-04-30,,210.4499969482422,6.329999923706055,50.0353889465332,50.11066436767578,42.30859375,17.175148010253906,16.302005767822266,74.54588317871094,52.17573928833008,65.90293884277344,46.08708190917969,2.299999952316284,16.51840591430664,29.502859115600586,289.0800476074219
2020-05-04,,209.5500030517578,5.96999979019165,48.037017822265625,47.690059661865234,39.27300262451172,16.402721405029297,15.870942115783691,71.72245788574219,49.933387756347656,64.6828842163086,43.43424606323242,2.200000047683716,16.362201690673828,28.01375389099121,289.473876953125
2020-05-05,,210.8000030517578,6.090000152587891,49.89046859741211,47.43526077270508,38.22951889038086,16.03922462463379,15.910131454467773,72.62438201904297,49.60523986816406,66.55362701416016,43.482479095458984,2.0999999046325684,16.284099578857422,28.386028289794922,289.60516357421875
2020-05-06,,211.85000610351562,6.130000114440918,49.45951843261719,47.64759063720703,37.850067138671875,15.97107219696045,15.949318885803223,74.2713623046875,49.167701721191406,67.26533508300781,44.133628845214844,2.0,16.401254653930664,26.9899959564209,287.89849853515625
2020-05-07,,210.5500030517578,6.110000133514404,48.498470306396484,47.2653923034668,38.37180709838867,16.357284545898438,15.949318885803223,70.93817138671875,47.77306365966797,65.78094482421875,44.181861877441406,1.899999976158142,16.362201690673828,26.9899959564209,282.5160217285156
2020-05-08,,212.25,5.980000019073486,47.20563507080078,46.75579071044922,38.65639877319336,16.22097396850586,15.635819435119629,68.23241424560547,45.9682502746582,64.66256713867188,42.228397369384766,1.850000023841858,16.010746002197266,26.5246524810791,264.09295654296875
2020-05-11,,222.60000610351562,5.920000076293945,46.28273391723633,47.35032653808594,37.75519943237305,15.880197525024414,15.675008773803711,67.95790100097656,45.9682502746582,64.58122253417969,43.00014877319336,1.7999999523162842,15.854545593261719,25.407821655273438,263.261474609375
2020-05-12,,226.0500030517578,5.96999979019165,45.661102294921875,45.736595153808594,37.802635192871094,15.902915954589844,15.24394702911377,71.87931060791016,45.22991943359375,66.41128540039062,43.14484786987305,1.75,16.284099578857422,26.43157958984375,262.43011474609375
2020-05-13,,231.0,6.369999885559082,45.33694076538086,47.09552764892578,38.41923904418945,16.175537109375,15.792569160461426,72.97731018066406,49.03097915649414,67.773681640625,48.52288055419922,1.7000000476837158,16.791757583618164,28.19989013671875,267.0248718261719
2020-05-14,,228.5500030517578,6.610000133514404,45.13862991333008,48.49692153930664,38.087223052978516,15.789324760437012,15.675008773803711,70.0754623413086,46.92534637451172,65.39457702636719,48.16112518310547,1.75,16.51840591430664,28.7583065032959,265.930908203125
2020-05-15,,230.25,6.46999979019165,44.24623107910156,47.52019119262695,37.56547927856445,15.69844913482666,15.675008773803711,71.25189208984375,46.022945404052734,64.9879150390625,47.220584869384766,1.7999999523162842,16.479354858398438,29.223649978637695,266.5873107910156
2020-05-18,,229.25,6.179999828338623,43.250858306884766,46.543460845947266,37.51804733276367,15.766605377197266,15.4790678024292,69.72254180908203,44.436885833740234,62.83248519897461,43.675411224365234,1.850000023841858,16.127899169921875,29.13058090209961,259.6294250488281
2020-05-19,,233.64999389648438,7.059999942779541,44.34156799316406,46.628395080566406,37.13860321044922,15.357671737670898,15.400694847106934,71.40875244140625,43.91732406616211,64.27620697021484,42.13193893432617,1.850000023841858,16.16695213317871,30.200876235961914,266.0184020996094
2020-05-20,,234.6999969482422,6.920000076293945,44.074607849121094,47.09552764892578,38.60896682739258,15.789324760437012,15.439882278442383,72.85967254638672,44.300167083740234,64.43888092041016,42.25252914428711,1.7999999523162842,16.20600128173828,30.9454288482666,266.7185363769531
2020-05-21,,235.10000610351562,6.849999904632568,43.33095169067383,46.628395080566406,38.087223052978516,15.74388599395752,15.635819435119629,70.78131103515625,43.261016845703125,64.62188720703125,42.80720901489258,1.850000023841858,16.245052337646484,30.57314682006836,264.5743408203125
2020-05-22,,239.64999389648438,6.599999904632568,41.95039749145508,45.56673049926758,37.23345947265625,15.948352813720703,15.4790678024292,71.3302993774414,40.9366340637207,63.38149642944336,41.432559967041016,1.7999999523162842,16.20600128173828,31.4107723236084,263.3490295410156
2020-05-26,,239.89999389648438,7.340000152587891,42.11819839477539,45.56673049926758,37.18602752685547,15.902915954589844,15.518255233764648,72.93807983398438,41.073360443115234,63.991546630859375,40.61259078979492,1.75,16.245052337646484,33.272151947021484,272.6261901855469
2020-05-27,,242.60000610351562,7.400000095367432,42.835166931152344,45.60919952392578,38.79869079589844,16.084665298461914,15.59663200378418,74.2713623046875,42.057804107666016,63.91019058227539,41.60136795043945,1.7999999523162842,16.323150634765625,33.272151947021484,267.6812744140625
2020-05-28,,246.0,7.199999809265137,43.71612548828125,46.71332931518555,38.60896682739258,17.311458587646484,15.675008773803711,75.05565643310547,42.27656555175781,63.95085906982422,42.3972282409668,1.850000023841858,16.401254653930664,34.342445373535156,267.24371337890625
2020-05-29,,248.60000610351562,7.28000020980835,42.129642486572266,47.222923278808594,37.99236297607422,17.084274291992188,15.3615083694458,76.7418441772461,41.128055572509766,64.07286834716797,42.71074676513672,1.899999976158142,16.440305709838867,34.01669692993164,278.7088317871094
2020-06-01,,260.75,7.909999847412109,46.72511672973633,48.92158889770508,38.98841094970703,17.94757652282715,15.55744457244873,76.78105163574219,44.68299865722656,64.60155487060547,45.26710891723633,1.9500000476837158,16.98701286315918,36.71570587158203,281.1157531738281
2020-06-02,,273.75,8.039999961853027,46.92342758178711,49.431190490722656,42.688045501708984,19.719615936279297,15.635819435119629,75.87914276123047,45.12052536010742,67.12299346923828,45.48417663574219,2.0,16.98701286315918,39.60083770751953,287.285888671875
2020-06-03,,273.8500061035156,7.539999961853027,46.94248962402344,49.303794860839844,40.98052215576172,19.51515007019043,15.675008773803711,74.2713623046875,44.81972885131836,66.91963958740234,45.0500602722168,2.0999999046325684,16.59650421142578,38.80975341796875,285.4042053222656
2020-06-04,,274.0,7.75,46.40476608276367,48.794193267822266,39.88960647583008,18.538257598876953,15.675008773803711,74.62429809570312,44.163429260253906,68.83104705810547,45.098297119140625,2.200000047683716,16.401254653930664,39.55430603027344,285.27288818359375
2020-06-05,,284.25,7.78000020980835,47.17893981933594,51.89426040649414,42.024009704589844,19.015342712402344,15.792569160461426,76.82027435302734,47.06208419799805,69.72576141357422,48.137001037597656,2.299999952316284,16.51840591430664,40.857269287109375,301.55169677734375
2020-06-08,,297.75,7.710000038146973,49.5167236328125,52.65865707397461,43.44694519042969,18.311073303222656,15.831758499145508,77.29085540771484,46.81596755981445,70.09178161621094,48.8846321105957,2.4000000953674316,16.401254653930664,39.69390869140625,289.1238098144531
2020-06-09,,312.6000061035156,7.670000076293945,47.56793975830078,53.25319290161133,44.44300079345703,17.78854751586914,15.635819435119629,76.8594970703125,45.311946868896484,69.35975646972656,46.689998626708984,2.5,16.479354858398438,39.7869758605957,283.9601135253906
2020-06-10,,328.20001220703125,7.760000228881836,47.800567626953125,54.48472595214844,44.82244873046875,17.538644790649414,15.675008773803711,76.97713470458984,46.706581115722656,69.15640258789062,48.6675910949707,2.5999999046325684,16.830808639526367,39.83351135253906,289.7364196777344
2020-06-11,,332.04998779296875,7.570000171661377,47.19419479370117,55.121726989746094,44.680152893066406,17.288742065429688,15.635819435119629,76.89871215820312,45.311946868896484,69.54275512695312,49.101680755615234,2.700000047683716,16.674606323242188,38.34440612792969,285.0978698730469
2020-06-12,,336.3999938964844,7.599999904632568,48.60525131225586,55.24912643432617,45.62877655029297,17.129711151123047,15.55744457244873,75.99678039550781,45.722137451171875,67.63135528564453,51.15159606933594,2.5999999046325684,16.479354858398438,38.80975341796875,287.8110046386719
2020-06-15,,346.1499938964844,7.5,46.90054702758789,59.071128845214844,43.87382507324219,17.334177017211914,15.4790678024292,73.0949478149414,45.17522048950195,66.39095306396484,50.50044631958008,2.700000047683716,16.440305709838867,39.46123504638672,285.4042053222656
2020-06-16,,363.45001220703125,7.320000171661377,46.30179977416992,55.33406066894531,45.676212310791016,16.970684051513672,15.753381729125977,72.78125,45.28461456298828,66.16728210449219,51.82688522338867,2.799999952316284,16.401254653930664,38.204803466796875,284.2226867675781
2020-06-17,,381.6000061035156,7.360000133514404,46.03483963012695,54.86692810058594,45.201904296875,17.379613876342773,15.59663200378418,71.76167297363281,45.80418014526367,64.86590576171875,51.15159606933594,2.9000000953674316,16.362201690673828,38.39093780517578,281.99090576171875
2020-06-18,,400.6499938964844,7.519999980926514,46.03102493286133,55.41899108886719,45.296756744384766,20.855539321899414,15.55744457244873,72.70279693603516,46.81596755981445,67.28565979003906,51.70627975463867,3.0,16.51840591430664,39.97311782836914,280.2405090332031
2020-06-19,,420.6499938964844,7.599999904632568,45.83653259277344,56.35325622558594,45.439056396484375,21.92330551147461,15.59663200378418,72.93807983398438,46.59720230102539,69.70541381835938,51.4168815612793,3.1500000953674316,16.674606323242188,40.20579147338867,280.89691162109375
2020-06-22,,441.6499938964844,7.639999866485596,45.58483123779297,56.82039260864258,47.81060791015625,21.423500061035156,15.714194297790527,74.741943359375,49.55054473876953,72.63355255126953,55.17909240722656,3.299999952316284,16.752710342407227,40.62459945678711,278.22747802734375
2020-06-23,,463.6000061035156,7.579999923706055,46.49248123168945,63.954795837402344,48.71179962158203,22.6048583984375,16.066883087158203,79.0162582397461,48.784854888916016,76.23268127441406,54.26266098022461,3.450000047683716,18.00232696533203,41.36914825439453,280.3280334472656
2020-06-24,,440.45001220703125,7.550000190734863,46.2636604309082,59.7081298828125,46.67226028442383,21.673404693603516,16.106069564819336,76.11444091796875,48.10121154785156,72.59288024902344,54.45560073852539,3.5999999046325684,17.728975296020508,40.252315521240234,283.2599182128906
2020-06-25,,418.45001220703125,7.349999904632568,46.770877838134766,60.30266189575195,46.95684814453125,22.241363525390625,15.910131454467773,75.36936950683594,49.2224006652832,72.93854522705078,55.251441955566406,3.75,16.908912658691406,40.95034408569336,285.44793701171875
2020-06-26,,397.54998779296875,7.349999904632568,46.30561065673828,63.784912109375,46.24538040161133,26.262529373168945,16.34119415283203,76.0752182006836,49.277099609375,72.8775405883789,54.33501434326172,3.9000000953674316,17.416566848754883,43.137454986572266,284.79156494140625
2020-06-29,,377.70001220703125,7.25,46.6450309753418,64.71918487548828,45.39162063598633,24.17243194580078,15.831758499145508,74.42823028564453,47.6636848449707,72.49120330810547,52.91211700439453,4.050000190734863,17.377517700195312,41.741424560546875,280.63433837890625
2020-06-30,,358.8500061035156,7.199999809265137,47.442081451416016,61.91639709472656,44.72758483886719,23.2182559967041,15.675008773803711,75.13408660888672,45.94089889526367,71.10848999023438,52.140384674072266,4.25,17.02606201171875,41.741424560546875,278.9714050292969
2020-07-01,,340.95001220703125,7.179999828338623,48.940860748291016,61.40678787231445,46.34024429321289,24.081558227539062,15.714194297790527,73.40866088867188,46.29640579223633,70.53914642333984,52.38153839111328,4.449999809265137,17.065113067626953,42.90478515625,281.6407470703125
2020-07-02,,357.95001220703125,7.159999847412109,48.517539978027344,60.85472869873047,47.763179779052734,24.513206481933594,15.910131454467773,73.25180053710938,46.487823486328125,71.21015167236328,52.35744094848633,4.650000095367432,16.98701286315918,46.34833908081055,283.7850646972656
2020-07-03,,375.79998779296875,7.179999828338623,47.99125671386719,60.21772766113281,46.43510818481445,24.24058723449707,16.2236328125,74.114501953125,46.05028533935547,72.22686767578125,52.23685073852539,4.449999809265137,17.143217086791992,46.441410064697266,287.32965087890625
2020-07-06,,394.54998779296875,7.179999828338623,48.29635238647461,60.21772766113281,46.38768005371094,24.331459045410156,16.184446334838867,74.66350555419922,47.96448516845703,72.38953399658203,53.82856369018555,4.25,17.221315383911133,46.8602180480957,290.5679016113281
2020-07-07,,413.75,7.190000057220459,48.53279495239258,60.55745315551758,45.81850051879883,23.899812698364258,15.949318885803223,72.58516693115234,46.84331130981445,70.39678955078125,52.30919647216797,4.050000190734863,17.143217086791992,47.3255615234375,293.63116455078125
2020-07-08,,393.1000061035156,7.139999866485596,50.9544792175293,61.02458953857422,44.632720947265625,23.786218643188477,15.870942115783691,71.36952209472656,46.214359283447266,69.03439331054688,51.97157669067383,3.8499999046325684,17.533721923828125,48.58199691772461,291.3118591308594
2020-07-09,,373.6000061035156,7.110000133514404,49.814186096191406,60.13279342651367,44.82244873046875,23.695344924926758,16.066883087158203,71.5263671875,46.29640579223633,69.76643371582031,51.465110778808594,4.0,17.416566848754883,48.86119842529297,289.21136474609375
2020-07-10,,371.04998779296875,6.960000038146973,48.34211349487305,59.79305648803711,43.73152542114258,23.172819137573242,15.870942115783691,70.89895629882812,45.722137451171875,70.19343566894531,50.52457046508789,3.9000000953674316,17.533721923828125,46.81368637084961,285.9293518066406
2020-07-13,,364.75,6.940000057220459,49.970550537109375,58.05192565917969,43.39950942993164,22.809328079223633,15.910131454467773,70.5068359375,45.61275100708008,68.77006530761719,50.40398406982422,3.75,17.377517700195312,46.20873260498047,288.3798828125
2020-07-14,,348.1000061035156,7.139999866485596,48.13235855102539,59.028656005859375,42.21373748779297,21.96874237060547,15.714194297790527,68.7421875,44.05405044555664,66.431640625,49.82517623901367,3.5999999046325684,17.45562171936035,46.256771087646484,284.2226867675781
2020-07-15,,354.54998779296875,6.940000057220459,47.728111267089844,58.60398864746094,41.69198989868164,21.26447105407715,15.675008773803711,69.05591583251953,43.50713348388672,66.51297760009766,48.981101989746094,3.450000047683716,17.416566848754883,45.29608917236328,278.4025573730469
2020-07-16,,348.29998779296875,6.940000057220459,46.52680587768555,58.773860931396484,41.35997009277344,21.150876998901367,15.753381729125977,68.03633880615234,44.436885833740234,65.96394348144531,49.72871780395508,3.299999952316284,17.49466896057129,44.8637809753418,277.702392578125
2020-07-17,,347.29998779296875,7.099999904632568,46.54969024658203,60.64239501953125,43.25721740722656,21.514373779296875,15.753381729125977,69.25198364257812,44.84706497192383,66.41128540039062,50.452213287353516,3.450000047683716,17.533721923828125,47.361549377441406,279.1026916503906
2020-07-20,,349.95001220703125,7.070000171661377,45.973819732666016,63.36025619506836,44.72758483886719,21.877870559692383,15.753381729125977,68.35004425048828,45.257266998291016,66.49264526367188,51.05514144897461,3.5999999046325684,17.650876998901367,47.121376037597656,282.5597839355469
2020-07-21,,347.3500061035156,7.050000190734863,45.005149841308594,64.03972625732422,44.205841064453125,21.900590896606445,15.831758499145508,69.29117584228516,46.59720230102539,70.6204605102539,52.23685073852539,3.75,17.533721923828125,46.92924118041992,280.6781005859375
2020-07-22,,336.0,7.010000228881836,43.77714538574219,61.44926834106445,43.54180908203125,21.877870559692383,15.792569160461426,70.85974884033203,46.460472106933594,73.06055450439453,51.9233283996582,3.6500000953674316,17.49466896057129,48.08205795288086,279.6278381347656
2020-07-23,,320.29998779296875,7.03000020980835,44.51318359375,62.128726959228516,44.25327682495117,22.059614181518555,15.753381729125977,71.01660919189453,46.40577697753906,73.91458892822266,51.9233283996582,3.700000047683716,17.49466896057129,48.03402328491211,279.9341735839844
2020-07-24,,336.29998779296875,7.0,43.948760986328125,61.32185363769531,43.162353515625,22.03689956665039,15.870942115783691,70.11468505859375,45.22991943359375,74.0162582397461,51.344539642333984,3.700000047683716,17.299415588378906,46.97727966308594,278.4025573730469
2020-07-27,,342.20001220703125,7.050000190734863,43.09449768066406,59.96292495727539,42.7354736328125,21.219036102294922,15.870942115783691,68.7421875,44.5189208984375,73.56891632080078,48.64345932006836,3.549999952316284,17.221315383911133,47.553688049316406,277.87744140625
2020-07-28,,338.04998779296875,7.099999904632568,43.983089447021484,59.92045974731445,42.78290557861328,21.24175262451172,15.870942115783691,69.44805145263672,44.4642333984375,73.9755859375,48.378177642822266,3.4000000953674316,17.221315383911133,47.21744918823242,277.48358154296875
2020-07-29,,338.3999938964844,7.130000114440918,42.96102523803711,59.75060272216797,44.53786087036133,21.559810638427734,15.988508224487305,69.13432312011719,45.776832580566406,73.91458892822266,49.463436126708984,3.549999952316284,17.26036834716797,47.793853759765625,278.5338134765625
2020-07-30,,341.45001220703125,7.099999904632568,42.49575424194336,59.156063079833984,43.68410110473633,21.105443954467773,16.066883087158203,67.91869354248047,44.87442398071289,71.92186737060547,48.6675910949707,3.4000000953674316,17.416566848754883,46.11266326904297,280.1529541015625
2020-07-31,,340.6499938964844,7.079999923706055,41.916072845458984,58.858795166015625,43.54180908203125,20.99184799194336,15.910131454467773,68.23241424560547,44.21812057495117,72.51152801513672,48.30583190917969,3.299999952316284,17.221315383911133,46.7851448059082,284.8353576660156
2020-08-03,,339.79998779296875,7.03000020980835,41.893192291259766,58.688926696777344,43.25721740722656,21.696123123168945,15.792569160461426,67.13441467285156,44.327491760253906,72.61321258544922,48.45053482055664,3.450000047683716,17.26036834716797,46.83317565917969,287.0233459472656
2020-08-04,,343.20001220703125,7.190000057220459,42.44236373901367,59.580718994140625,44.6635627746582,21.650684356689453,15.831758499145508,67.13441467285156,44.436885833740234,72.49120330810547,48.32994079589844,3.3499999046325684,17.221315383911133,47.745826721191406,291.44317626953125
2020-08-05,,342.95001220703125,7.050000190734863,43.36145782470703,59.19852066040039,44.51808166503906,21.741558074951172,15.714194297790527,67.36970520019531,45.257266998291016,71.55583953857422,48.93286895751953,3.450000047683716,17.221315383911133,47.02531433105469,288.33612060546875
2020-08-06,,341.6000061035156,7.039999961853027,43.433921813964844,59.79305648803711,44.227108001708984,22.377674102783203,15.753381729125977,67.56576538085938,47.17146301269531,71.53548431396484,51.465110778808594,3.450000047683716,17.299415588378906,47.457618713378906,286.89202880859375
2020-08-07,,370.45001220703125,7.329999923706055,44.303428649902344,59.75060272216797,46.65184020996094,23.53631591796875,16.027694702148438,67.29126739501953,46.73393249511719,71.55583953857422,51.00690460205078,3.450000047683716,17.299415588378906,47.745826721191406,295.03143310546875
2020-08-10,,373.5,7.53000020980835,43.418663024902344,62.46846008300781,49.31904602050781,23.6499080657959,15.988508224487305,69.17353820800781,48.948936462402344,72.08451843261719,52.09214401245117,3.75,17.377517700195312,49.4270133972168,296.6943359375
2020-08-11,,360.6499938964844,7.53000020980835,43.983089447021484,66.54525756835938,48.93109130859375,23.377286911010742,15.910131454467773,69.2127685546875,49.24974822998047,71.92186737060547,51.00690460205078,4.050000190734863,17.26036834716797,49.85932159423828,296.65057373046875
2020-08-12,,362.5,7.460000038146973,44.12800216674805,65.44112396240234,49.3675422668457,23.53631591796875,15.910131454467773,69.5656967163086,50.124813079833984,72.40986633300781,52.30919647216797,3.8499999046325684,17.299415588378906,50.8680305480957,300.10760498046875
2020-08-13,,362.1499938964844,7.53000020980835,45.523807525634766,65.56851959228516,52.2772216796875,23.377286911010742,16.106069564819336,70.53580474853516,52.14838790893555,72.69453430175781,53.27388000488281,3.799999952316284,17.338470458984375,53.8941764831543,299.4949951171875
2020-08-14,,357.6000061035156,7.429999828338623,45.409400939941406,64.16712188720703,54.36248779296875,24.24058723449707,16.184446334838867,71.46549987792969,49.90604019165039,71.3321533203125,52.09214401245117,3.75,17.45562171936035,52.78939437866211,300.0638732910156
2020-08-17,,367.25,7.409999847412109,45.409400939941406,65.9931869506836,55.671844482421875,24.39961814880371,16.2236328125,77.04370880126953,51.027225494384766,72.65388488769531,53.29800033569336,3.799999952316284,17.924226760864258,53.84614562988281,307.6781005859375
2020-08-18,,373.54998779296875,7.360000133514404,44.90217590332031,66.20552825927734,54.16850662231445,24.49049186706543,16.302005767822266,76.84159851074219,51.1912956237793,72.28785705566406,53.39446258544922,3.75,18.080429077148438,53.461875915527344,301.5954895019531
2020-08-19,,371.0,7.5,46.2178955078125,64.80413055419922,55.33238220214844,25.62641143798828,16.380380630493164,76.51821899414062,52.9961051940918,72.12517547607422,54.79323959350586,3.9000000953674316,18.353784561157227,54.47058868408203,304.1773376464844
2020-08-20,,375.3999938964844,7.690000057220459,48.33829879760742,68.15899658203125,55.38087463378906,25.376510620117188,18.457319259643555,81.73260498046875,55.51191711425781,73.69091796875,55.27557373046875,3.8499999046325684,19.486249923706055,58.98578643798828,315.02984619140625
2020-08-21,,376.54998779296875,7.829999923706055,48.55186462402344,66.96991729736328,56.05979919433594,25.785442352294922,18.222198486328125,85.65351104736328,55.265811920166016,76.90371704101562,54.35912322998047,3.799999952316284,19.408151626586914,59.51416015625,310.8288879394531
2020-08-24,,414.20001220703125,7.679999828338623,47.40776062011719,66.12059020996094,55.18690490722656,29.511268615722656,17.830318450927734,85.20886993408203,53.57038497924805,75.33797454833984,53.63562774658203,3.700000047683716,19.09574317932129,58.50544357299805,311.04766845703125
2020-08-25,,424.70001220703125,8.1899995803833,49.49765396118164,65.95073699951172,55.91431427001953,29.46582794189453,17.438447952270508,83.91536712646484,54.14463424682617,75.13465118408203,54.40735626220703,3.6500000953674316,18.822391510009766,57.64083480834961,307.94073486328125
2020-08-26,,427.6499938964844,8.029999732971191,48.79212951660156,67.69185638427734,55.13840103149414,32.07844924926758,17.39925765991211,83.10694885253906,54.14463424682617,75.37865447998047,54.19031524658203,3.5999999046325684,19.134794235229492,60.1866340637207,306.5403747558594
2020-08-27,,432.75,7.889999866485596,48.521358489990234,66.33293151855469,54.0715217590332,31.48777198791504,17.595199584960938,82.94525909423828,53.324256896972656,75.31764221191406,53.41856384277344,3.700000047683716,20.150110244750977,59.17791748046875,301.1578674316406
2020-08-28,,462.29998779296875,7.849999904632568,47.75099182128906,65.56851959228516,54.16850662231445,30.669910430908203,17.7911319732666,82.09640502929688,53.70710372924805,74.13827514648438,53.80443572998047,3.6500000953674316,19.36910057067871,58.79365158081055,301.5954895019531
2020-08-31,,452.75,7.449999809265137,45.79839324951172,62.086246490478516,53.10163116455078,27.920976638793945,16.96819496154785,77.93296813964844,51.437408447265625,72.77588653564453,51.19984817504883,3.4000000953674316,18.236635208129883,56.43998336791992,291.3555603027344
2020-09-01,,494.6499938964844,7.760000228881836,46.797576904296875,62.213653564453125,53.63507080078125,28.37534523010254,17.085756301879883,80.6816635131836,53.24221420288086,73.36557006835938,53.732093811035156,3.25,18.19758415222168,57.160491943359375,298.3135070800781
2020-09-02,,544.0999755859375,7.829999923706055,46.96537780761719,62.55339431762695,56.981204986572266,28.011850357055664,16.811447143554688,79.99446868896484,52.91408157348633,75.3790054321289,54.310882568359375,3.3499999046325684,18.236635208129883,58.5534782409668,298.3572082519531
2020-09-03,,571.2999877929688,7.730000019073486,46.55350112915039,62.723262786865234,58.484535217285156,27.898258209228516,16.889820098876953,78.98391723632812,52.44920349121094,74.25581359863281,54.09383010864258,3.299999952316284,18.50998878479004,58.31331253051758,295.6878662109375
2020-09-04,,542.75,7.519999980926514,46.45815658569336,61.95885467529297,57.17517852783203,27.375734329223633,16.772258758544922,76.55863189697266,50.58967971801758,72.82061767578125,53.032718658447266,3.299999952316284,18.275684356689453,56.584083557128906,291.6181640625
2020-09-07,,553.0999755859375,7.440000057220459,46.40095138549805,61.95885467529297,59.50292205810547,27.125831604003906,16.73307228088379,74.69924926757812,50.48030471801758,73.2782211303711,53.00859451293945,3.200000047683716,18.39283561706543,55.14306640625,290.30535888671875
2020-09-08,,564.4000244140625,7.429999828338623,46.97300338745117,61.32185363769531,57.223670959472656,26.330684661865234,16.497943878173828,73.28446960449219,49.14035415649414,72.75820922851562,52.04392623901367,3.25,18.275684356689453,53.029563903808594,283.478759765625
2020-09-09,,590.0499877929688,7.420000076293945,46.786136627197266,61.1944580078125,56.59324264526367,25.785442352294922,16.2236328125,73.08236694335938,48.866905212402344,72.90381622314453,51.344539642333984,3.200000047683716,18.119482040405273,53.461875915527344,284.8353576660156
2020-09-10,,579.75,7.53000020980835,48.052276611328125,62.043800354003906,58.823997497558594,27.716508865356445,16.106069564819336,73.20364379882812,49.933387756347656,73.88141632080078,51.730403900146484,3.1500000953674316,18.39283561706543,53.26973342895508,285.0978698730469
2020-09-11,,608.6500244140625,7.480000019073486,47.78150177001953,61.44926834106445,56.981204986572266,27.807384490966797,16.106069564819336,72.83984375,50.39826202392578,72.86221313476562,51.778629302978516,3.0999999046325684,18.119482040405273,54.47058868408203,284.26641845703125
2020-09-14,,638.9000244140625,7.449999809265137,49.78368377685547,63.10546112060547,55.18690490722656,28.693405151367188,16.2236328125,73.44617462158203,50.37092208862305,71.34381866455078,51.730403900146484,3.049999952316284,18.119482040405273,54.854854583740234,285.79803466796875
2020-09-15,,670.7999877929688,7.429999828338623,51.007869720458984,62.723262786865234,57.660125732421875,28.193599700927734,16.262821197509766,73.64826965332031,50.83580017089844,72.09261322021484,52.4780158996582,3.049999952316284,18.119482040405273,55.47930145263672,290.7867126464844
2020-09-16,,675.5499877929688,7.429999828338623,51.40448760986328,62.213653564453125,56.7872200012207,27.784666061401367,16.380380630493164,72.4760513305664,51.820247650146484,71.53102111816406,52.502132415771484,3.0,18.275684356689453,54.566650390625,286.6731872558594
2020-09-17,,666.75,7.400000095367432,50.04301071166992,62.55339431762695,57.223670959472656,27.239423751831055,16.436098098754883,71.66761016845703,51.79290771484375,70.01261901855469,52.40568542480469,2.9000000953674316,18.627140045166016,54.518619537353516,291.0492248535156
2020-09-18,,665.5999755859375,7.480000019073486,51.534156799316406,61.95885467529297,59.06647491455078,27.26214027404785,16.873863220214844,73.20364379882812,51.0818977355957,71.51021575927734,52.09214401245117,3.0,18.31473159790039,53.9902458190918,285.1416320800781
2020-09-21,,651.75,7.400000095367432,49.37180709838867,59.83552932739258,55.768836975097656,26.126218795776367,16.27691078186035,71.38468170166016,48.402034759521484,70.92781829833984,49.463436126708984,2.75,18.195030212402344,50.91606903076172,289.60516357421875
2020-09-22,,619.2000122070312,7.340000152587891,49.26502227783203,58.858795166015625,55.33238220214844,25.5128231048584,15.998331069946289,70.89960479736328,47.77306365966797,70.22061157226562,49.24636459350586,2.700000047683716,17.636409759521484,49.4270133972168,285.44793701171875
2020-09-23,,588.25,7.329999923706055,49.26121139526367,59.24099349975586,55.52635955810547,25.331071853637695,15.998331069946289,68.79766845703125,47.14411163330078,68.18223571777344,48.23346710205078,2.700000047683716,17.71621322631836,51.34837341308594,281.2906799316406
2020-09-24,,616.9500122070312,7.260000228881836,48.075157165527344,57.79713439941406,54.31399917602539,24.626800537109375,15.918739318847656,66.81702423095703,45.14787292480469,66.28942108154297,45.96651077270508,2.6500000953674316,17.39699935913086,48.46633529663086,268.68780517578125
2020-09-25,,647.75,7.320000171661377,48.28109359741211,59.665653228759766,56.20528793334961,26.01262664794922,16.11772346496582,68.5551528930664,46.67924499511719,66.87181854248047,47.77525329589844,2.9000000953674316,17.476802825927734,51.01213455200195,272.40740966796875
2020-09-28,,680.0999755859375,7.429999828338623,47.613704681396484,59.495792388916016,56.05979919433594,25.989910125732422,16.27691078186035,70.73789978027344,48.10121154785156,69.9502182006836,49.24636459350586,2.8499999046325684,17.516706466674805,52.020851135253906,277.52734375
2020-09-29,,714.0999755859375,7.449999809265137,47.1179313659668,59.156063079833984,57.369163513183594,25.94447135925293,16.23711395263672,68.83809661865234,48.265296936035156,67.9326171875,48.30583190917969,2.8499999046325684,17.43690299987793,51.82871627807617,277.2210388183594
2020-09-30,,737.5999755859375,7.380000114440918,46.83190155029297,58.094390869140625,54.70195007324219,25.80816078186035,16.07792854309082,68.79766845703125,47.14411163330078,67.57902526855469,47.79937744140625,2.75,17.516706466674805,51.20427322387695,274.2453918457031
2020-10-01,,747.0999755859375,7.409999847412109,47.224708557128906,58.90126037597656,54.2655029296875,26.466995239257812,16.11772346496582,68.635986328125,48.48405838012695,68.47343444824219,49.415191650390625,2.700000047683716,17.43690299987793,52.309059143066406,270.87579345703125
2020-10-05,,749.4500122070312,7.380000114440918,47.4001350402832,58.943721771240234,53.58657455444336,26.126218795776367,16.27691078186035,68.27220153808594,47.74573516845703,67.74542999267578,47.70289611816406,2.75,17.43690299987793,51.732643127441406,270.9633483886719
2020-10-06,,735.9000244140625,7.369999885559082,47.3086051940918,60.13279342651367,54.31399917602539,25.87631607055664,16.11772346496582,68.02967834472656,47.7183837890625,67.8910140991211,48.378177642822266,2.799999952316284,17.357101440429688,52.45315170288086,271.35711669921875
2020-10-07,,699.2999877929688,7.300000190734863,46.45815658569336,58.179325103759766,54.36248779296875,24.513206481933594,16.07792854309082,66.93827056884766,47.253509521484375,66.3934326171875,47.82349395751953,2.6500000953674316,17.39699935913086,53.94221496582031,269.037841796875
2020-10-08,,696.1500244140625,7.260000228881836,45.790767669677734,57.712188720703125,55.13840103149414,24.694955825805664,15.958534240722656,66.7765884399414,47.49961471557617,65.85263061523438,47.77525329589844,2.700000047683716,17.277297973632812,52.837432861328125,266.2809753417969
2020-10-09,,683.9500122070312,7.320000171661377,46.54206085205078,57.542327880859375,54.847434997558594,25.058454513549805,16.316709518432617,67.01913452148438,47.581642150878906,65.72782897949219,47.29292678833008,2.75,17.317197799682617,52.309059143066406,265.4494934082031
2020-10-12,,671.5499877929688,7.239999771118164,45.26066589355469,57.075191497802734,55.865821838378906,24.71767807006836,16.038129806518555,66.89785766601562,47.03473663330078,66.47663116455078,46.20766830444336,2.700000047683716,16.99798583984375,50.771968841552734,260.6796875
2020-10-13,,705.0999755859375,7.239999771118164,44.87929916381836,57.16012954711914,56.884212493896484,24.35417938232422,15.998331069946289,66.81702423095703,46.214359283447266,66.74701690673828,44.6641960144043,2.6500000953674316,16.838382720947266,51.924781799316406,258.7542419433594
2020-10-14,,725.4500122070312,7.21999979019165,44.43690872192383,56.60805892944336,58.38754653930664,24.445053100585938,15.799347877502441,63.947078704833984,47.14411163330078,65.33262634277344,46.038856506347656,2.6500000953674316,16.638874053955078,50.8680305480957,260.46087646484375
2020-10-15,,704.25,7.21999979019165,43.73519515991211,56.18339920043945,59.93937301635742,24.058841705322266,15.719754219055176,63.86623764038086,46.32374954223633,64.79181671142578,45.074188232421875,2.5,16.91818618774414,50.820003509521484,258.1416320800781
2020-10-16,,705.3499755859375,7.199999809265137,44.02885055541992,55.37652587890625,61.87915802001953,24.19515037536621,15.799347877502441,64.91720581054688,46.515167236328125,66.1230239868164,45.3394660949707,2.549999952316284,17.077789306640625,52.020851135253906,264.8806457519531
2020-10-19,,702.7999877929688,7.130000114440918,43.38814926147461,56.09846496582031,60.812278747558594,23.763498306274414,15.918739318847656,66.00859069824219,47.7183837890625,66.45581817626953,46.30414962768555,2.549999952316284,17.237398147583008,53.029563903808594,266.23724365234375
2020-10-20,,688.7000122070312,7.090000152587891,43.868675231933594,56.56559371948242,60.95775604248047,23.899812698364258,16.11772346496582,65.20013427734375,47.88246154785156,65.39503479003906,47.0035285949707,2.450000047683716,17.237398147583008,52.59725570678711,264.61810302734375
2020-10-21,,692.3499755859375,7.019999980926514,43.52163314819336,57.41492462158203,61.733673095703125,24.081558227539062,16.038129806518555,66.5340576171875,48.34733581542969,68.11981964111328,47.91995620727539,2.450000047683716,17.237398147583008,51.82871627807617,268.07513427734375
2020-10-22,,726.9500122070312,7.0,44.10512161254883,60.0478515625,63.91592788696289,23.99068260192871,16.038129806518555,68.43387603759766,49.1950569152832,68.68142700195312,48.8846321105957,2.75,18.1152286529541,52.933494567871094,281.99090576171875
2020-10-23,,720.2999877929688,7.070000171661377,44.951759338378906,60.13279342651367,61.830665588378906,24.990297317504883,15.958534240722656,69.72736358642578,49.2224006652832,70.78221130371094,48.402286529541016,3.299999952316284,17.756113052368164,53.077598571777344,281.6846008300781
2020-10-26,,704.7000122070312,7.03000020980835,43.956390380859375,60.175254821777344,59.745391845703125,25.30835723876953,15.958534240722656,69.4848403930664,48.04654312133789,71.57261657714844,47.654666900634766,3.3499999046325684,17.516706466674805,51.78068161010742,276.47711181640625
2020-10-27,,739.9000244140625,7.079999923706055,44.4178466796875,59.495792388916016,59.26044845581055,24.808547973632812,16.07792854309082,72.3143539428711,48.402034759521484,72.17581176757812,49.29461669921875,3.049999952316284,17.43690299987793,51.63657760620117,275.514404296875
2020-10-28,,776.8499755859375,7.059999942779541,43.42247772216797,58.306732177734375,58.38754653930664,24.513206481933594,15.958534240722656,71.22297668457031,46.92534637451172,71.9054183959961,48.61934280395508,3.0,17.476802825927734,51.01213455200195,269.1253967285156
2020-10-29,,815.6500244140625,7.130000114440918,43.43010330200195,57.627254486083984,58.484535217285156,23.831655502319336,15.958534240722656,69.92948150634766,46.59720230102539,71.38540649414062,48.402286529541016,3.5,17.556608200073242,50.05145263671875,265.88714599609375
2020-10-30,,856.4000244140625,7.150000095367432,42.94195556640625,57.96698760986328,58.193565368652344,23.99068260192871,15.799347877502441,70.81876373291016,47.636348724365234,71.13581848144531,49.60813522338867,3.5,17.476802825927734,50.099491119384766,273.2388916015625
2020-11-02,,859.2000122070312,7.190000057220459,43.64748001098633,56.99025344848633,57.029693603515625,23.354568481445312,15.759551048278809,72.11225128173828,49.96073913574219,71.9886245727539,50.3075065612793,3.25,17.7960147857666,50.579833984375,268.16265869140625
2020-11-03,,830.4000244140625,7.210000038146973,43.34238815307617,55.75872802734375,56.884212493896484,23.2182559967041,15.878941535949707,69.4848403930664,50.042762756347656,74.85902404785156,50.548675537109375,3.1500000953674316,17.71621322631836,51.49247360229492,273.6764831542969
2020-11-04,,840.9000244140625,7.230000019073486,43.7885856628418,56.013519287109375,56.59324264526367,23.331850051879883,16.07792854309082,68.79766845703125,49.851348876953125,73.67341613769531,50.452213287353516,3.200000047683716,17.636409759521484,51.20427322387695,273.2826232910156
2020-11-05,,854.5999755859375,7.28000020980835,43.93350601196289,57.372459411621094,57.27216720581055,23.377286911010742,16.396303176879883,70.1720199584961,51.1912956237793,74.484619140625,52.38153839111328,3.049999952316284,17.71621322631836,53.173667907714844,276.9146728515625
2020-11-06,,860.0,7.539999961853027,45.920433044433594,57.712188720703125,58.38754653930664,23.354568481445312,17.271835327148438,70.57624053955078,52.33980178833008,74.2350082397461,52.16449737548828,3.0999999046325684,17.915721893310547,52.54922866821289,282.0346984863281
2020-11-09,,899.3499755859375,7.409999847412109,45.46278762817383,57.712188720703125,57.223670959472656,23.081947326660156,16.83406639099121,72.3143539428711,53.87118148803711,76.5645980834961,52.69507598876953,3.0999999046325684,17.87582015991211,52.78939437866211,276.08331298828125
2020-11-10,,854.8499755859375,7.269999980926514,44.57801818847656,57.58479309082031,57.854103088378906,22.65029525756836,16.794269561767578,73.9716567993164,53.57038497924805,77.33421325683594,53.973270416259766,3.049999952316284,17.756113052368164,54.47058868408203,272.88873291015625
2020-11-11,,897.5499877929688,7.289999961853027,44.555137634277344,57.79713439941406,58.09657669067383,22.55942153930664,16.714675903320312,75.10345458984375,54.226688385009766,78.89420318603516,56.19200134277344,3.0,17.636409759521484,54.998958587646484,271.8822937011719
2020-11-12,,942.3499755859375,7.210000038146973,44.06317138671875,57.16012954711914,59.30894470214844,22.65029525756836,16.59528350830078,73.4057388305664,55.29317092895508,78.83179473876953,57.20488739013672,3.049999952316284,17.676313400268555,53.41383743286133,269.4754333496094
2020-11-13,,989.3499755859375,7.230000019073486,44.34156799316406,57.16012954711914,61.6851806640625,22.218647003173828,16.396303176879883,73.93122863769531,56.33230209350586,78.56138610839844,58.627403259277344,3.049999952316284,17.87582015991211,53.077598571777344,265.2745361328125
2020-11-14,,1008.5999755859375,7.28000020980835,44.7191276550293,58.221797943115234,62.02464294433594,23.0137939453125,16.59528350830078,73.4865951538086,56.05884552001953,78.20780944824219,58.06855773925781,3.0999999046325684,18.07532501220703,53.75007629394531,266.7185363769531
2020-11-17,,1058.449951171875,7.5,44.429283142089844,58.05192565917969,59.84238815307617,22.173208236694336,16.356502532958984,71.70803833007812,56.87919616699219,77.70860290527344,58.67820358276367,3.0999999046325684,18.03542709350586,55.38323974609375,268.68780517578125
2020-11-18,,1080.949951171875,7.880000114440918,44.39496612548828,58.34918975830078,59.163455963134766,22.241363525390625,16.316709518432617,71.38468170166016,57.18001174926758,77.1261978149414,59.08464431762695,3.049999952316284,17.835918426513672,58.21723937988281,266.8061218261719
2020-11-19,,1083.5,7.659999847412109,44.29962158203125,64.37946319580078,58.29055404663086,21.650684356689453,16.356502532958984,72.59732818603516,57.262062072753906,78.95658874511719,58.11936950683594,3.0,17.95561981201172,56.824256896972656,266.6748046875
2020-11-20,,1134.550048828125,7.599999904632568,43.60552978515625,62.93558120727539,61.29722595214844,21.582530975341797,16.316709518432617,74.21417236328125,56.60576248168945,79.80937957763672,57.687538146972656,3.0,17.95561981201172,55.8155403137207,268.95037841796875
2020-11-23,,1180.300048828125,7.679999828338623,43.81147003173828,62.723262786865234,60.32733154296875,21.332626342773438,16.356502532958984,75.70977783203125,56.90653991699219,81.01579284667969,58.703609466552734,3.1500000953674316,17.95561981201172,56.536048889160156,272.0573425292969
2020-11-24,,1205.1500244140625,7.739999771118164,45.11956024169922,62.595855712890625,59.59991455078125,23.53631591796875,16.436098098754883,76.11399841308594,57.28941345214844,80.91180419921875,59.41485595703125,3.299999952316284,18.27483367919922,57.592796325683594,273.58892822265625
2020-11-25,,1144.9000244140625,7.650000095367432,44.56657409667969,62.383522033691406,58.823997497558594,24.104276657104492,16.55548858642578,75.95230102539062,57.672245025634766,81.2446060180664,59.36405944824219,3.3499999046325684,18.354633331298828,59.08185577392578,270.0881042480469
2020-11-26,,1104.449951171875,7.650000095367432,45.527618408203125,63.19039535522461,58.92098617553711,24.990297317504883,16.83406639099121,76.07357788085938,59.66848373413086,82.2221908569336,61.92963790893555,3.200000047683716,19.272367477416992,59.89842987060547,268.46893310546875
2020-11-27,,1136.4000244140625,7.699999809265137,44.34538650512695,63.699989318847656,60.0363655090332,24.49049186706543,17.072847366333008,76.55863189697266,59.17626953125,80.03819274902344,61.70102310180664,3.0999999046325684,19.312271118164062,62.348175048828125,276.56463623046875
2020-12-01,,1134.699951171875,8.210000038146973,45.1615104675293,66.63019561767578,61.200233459472656,24.60408592224121,17.311628341674805,75.79063415527344,59.53175735473633,80.01738739013672,61.37080383300781,3.0999999046325684,19.272367477416992,66.14285278320312,277.6148681640625
2020-12-02,,1146.0,9.029999732971191,46.004329681396484,69.13572692871094,60.7637825012207,25.194761276245117,17.112642288208008,76.63947296142578,59.996639251708984,80.76618194580078,61.77722930908203,3.049999952316284,19.152660369873047,65.27824401855469,275.68939208984375
2020-12-03,,1145.0,10.829999923706055,47.95693588256836,69.70818328857422,68.61991119384766,25.94447135925293,17.19223976135254,79.67111206054688,62.594486236572266,80.47499084472656,64.24121856689453,3.200000047683716,19.112762451171875,66.5271224975586,283.9601135253906
2020-12-04,,1129.75,11.920000076293945,47.98744201660156,68.87151336669922,66.87409973144531,26.285249710083008,17.351425170898438,79.67111206054688,63.16875457763672,80.84937286376953,64.64762878417969,3.3499999046325684,19.232465744018555,68.832763671875,282.69110107421875
2020-12-07,,1106.25,11.359999656677246,47.903541564941406,67.99079895019531,65.75873565673828,26.126218795776367,17.868785858154297,80.6412124633789,64.56336975097656,80.49581146240234,66.24793243408203,3.5,19.591575622558594,68.832763671875,283.7413024902344
2020-12-08,,1098.6500244140625,10.479999542236328,47.38106918334961,68.38712310791016,63.721954345703125,25.331071853637695,17.709598541259766,79.38814544677734,63.414859771728516,79.70539093017578,65.00325775146484,3.6500000953674316,19.990589141845703,69.16899871826172,284.5727844238281
2020-12-09,,1070.0999755859375,9.850000381469727,48.08659744262695,70.54486083984375,63.09153366088867,25.558258056640625,17.7891902923584,79.46900177001953,64.75479888916016,80.16300201416016,69.0167465209961,3.799999952316284,20.11029815673828,70.27378845214844,288.6424255371094
2020-12-10,,1036.699951171875,9.350000381469727,47.259029388427734,68.6072998046875,63.43098831176758,25.126605987548828,17.43101692199707,78.53929138183594,62.649173736572266,80.18380737304688,67.03540802001953,3.799999952316284,19.870885848999023,69.79344177246094,283.5662536621094
2020-12-11,,1041.5,8.890000343322754,47.49547576904297,71.82189178466797,65.90421295166016,24.626800537109375,17.630001068115234,82.7835693359375,64.18053436279297,80.32938385009766,69.1691665649414,3.950000047683716,20.389604568481445,69.93755340576172,283.2161560058594
2020-12-14,,1010.7999877929688,9.329999923706055,47.86159133911133,74.59612274169922,65.855712890625,26.71689796447754,17.749393463134766,84.56211853027344,66.36819458007812,80.82858276367188,70.87108612060547,4.099999904632568,20.708816528320312,70.5619888305664,293.80615234375
2020-12-15,,1013.6500244140625,9.609999656677246,46.70604705810547,77.50247192382812,64.40087890625,27.148550033569336,17.868785858154297,85.57266235351562,66.12207794189453,80.20458221435547,72.01417541503906,3.9000000953674316,20.509309768676758,72.19514465332031,293.5435791015625
2020-12-16,,1019.4000244140625,9.380000114440918,46.92342758178711,77.37035369873047,67.01959228515625,26.69417953491211,18.465736389160156,84.80464935302734,65.76658630371094,81.61898040771484,71.81095123291016,3.75,21.02802848815918,73.15582275390625,289.473876953125
2020-12-17,,1041.550048828125,9.4399995803833,46.908172607421875,79.70423889160156,66.34066009521484,26.7623348236084,18.346343994140625,84.44085693359375,64.78214263916016,82.51542663574219,69.98201751708984,3.5999999046325684,20.708816528320312,72.24317169189453,285.62298583984375
2020-12-18,,1016.1500244140625,9.470000267028809,46.370445251464844,77.8547592163086,66.72862243652344,26.37611961364746,17.988178253173828,83.87496185302734,64.26258087158203,82.77156066894531,69.98201751708984,3.5999999046325684,20.948223114013672,73.05976104736328,288.7299499511719
2020-12-21,,1020.2999877929688,9.0,44.276737213134766,71.42556762695312,64.35237884521484,24.081558227539062,17.19223976135254,78.82225799560547,60.27009582519531,79.185791015625,66.01932525634766,3.450000047683716,19.870885848999023,66.33499908447266,269.2567138671875
2020-12-22,,1029.9000244140625,8.960000038146973,43.89918518066406,74.24384307861328,66.14668273925781,24.19515037536621,17.669801712036133,79.95407104492188,60.762325286865234,81.23479461669922,66.62897491455078,3.299999952316284,20.150197982788086,68.832763671875,275.95196533203125
2020-12-23,,1044.949951171875,9.399999618530273,45.352195739746094,75.91718292236328,66.87409973144531,25.14932632446289,18.027971267700195,79.67111206054688,62.102264404296875,81.08538818359375,67.03540802001953,3.450000047683716,20.070396423339844,71.23446655273438,284.9665832519531
2020-12-24,,1036.199951171875,9.579999923706055,46.17594909667969,75.0364761352539,66.2436752319336,24.89942169189453,18.425939559936523,80.80290222167969,62.43041229248047,81.10672760009766,68.02610778808594,3.5999999046325684,20.19009780883789,71.5707015991211,278.9714050292969
2020-12-28,,1038.0,10.050000190734863,46.103485107421875,75.52086639404297,66.97109985351562,27.103113174438477,18.38614273071289,81.2071304321289,63.90708541870117,81.76840209960938,68.83893585205078,3.5,20.349702835083008,74.16453552246094,280.2405090332031
2020-12-29,,1038.699951171875,10.09000015258789,46.16069412231445,74.4640121459961,66.34066009521484,29.35224151611328,18.306549072265625,79.7115249633789,63.57893371582031,80.97867584228516,68.66111755371094,3.450000047683716,20.19009780883789,73.54009246826172,277.52734375
2020-12-30,,1052.949951171875,10.010000228881836,46.488670349121094,73.40716552734375,66.63162994384766,28.579814910888672,18.425939559936523,80.1157455444336,62.649173736572266,81.19210815429688,67.36563873291016,3.4000000953674316,20.19009780883789,72.81958770751953,279.71533203125
2020-12-31,,1052.5999755859375,9.960000038146973,46.85478210449219,73.8475112915039,65.75873565673828,28.78427505493164,18.027971267700195,80.3178482055664,62.5124397277832,81.0427017211914,68.02610778808594,3.4000000953674316,19.83098602294922,72.67548370361328,277.7899169921875
2021-01-01,,1065.949951171875,10.029999732971191,47.339115142822266,74.02366638183594,64.78884887695312,28.37534523010254,18.38614273071289,80.07532501220703,62.922630310058594,80.89329528808594,68.43250274658203,3.5,20.030492782592773,74.30863952636719,280.8094177246094
2021-01-04,,1082.25,10.039999961853027,47.678531646728516,74.6401596069336,65.855712890625,28.625247955322266,19.580049514770508,80.07532501220703,64.83684539794922,80.44507598876953,69.80420684814453,3.6500000953674316,20.429508209228516,76.1339340209961,280.0654296875
2021-01-05,,1096.449951171875,9.960000038146973,48.052276611328125,73.67137908935547,65.41926574707031,28.443500518798828,19.580049514770508,78.90310668945312,64.86417388916016,80.25297546386719,70.66786193847656,3.799999952316284,20.509309768676758,77.95922088623047,280.5467834472656
2021-01-06,,1107.25,10.140000343322754,47.484039306640625,75.21263122558594,65.27378845214844,28.193599700927734,19.420862197875977,79.10519409179688,64.94623565673828,83.7320327758789,71.65853881835938,3.700000047683716,20.469406127929688,79.20811462402344,288.905029296875
2021-01-07,,1063.0999755859375,10.199999809265137,47.480224609375,74.37593078613281,65.5162582397461,28.443500518798828,19.73923683166504,78.41803741455078,65.24702453613281,84.11621856689453,72.67461395263672,3.6500000953674316,20.629013061523438,78.63169860839844,290.61163330078125
2021-01-08,,1014.9000244140625,10.6899995803833,47.5297966003418,73.89156341552734,65.03131866455078,28.329906463623047,19.97801971435547,80.96461486816406,66.14945983886719,86.89093780517578,73.53828430175781,3.5999999046325684,21.347238540649414,79.7845230102539,294.02496337890625
2021-01-11,,968.2999877929688,11.220000267028809,47.64802169799805,73.23101806640625,64.88583374023438,28.011850357055664,19.97801971435547,80.03489685058594,65.4931411743164,86.89093780517578,72.16657257080078,3.549999952316284,21.387142181396484,80.02469635009766,292.7996520996094
2021-01-12,,924.1500244140625,11.140000343322754,50.47014236450195,73.23101806640625,72.59647369384766,28.30718994140625,19.858627319335938,80.96461486816406,66.42288970947266,86.95494842529297,73.36045837402344,3.450000047683716,21.586647033691406,82.66656494140625,295.3377990722656
2021-01-13,,922.1500244140625,10.729999542236328,52.163414001464844,73.27505493164062,70.99614715576172,28.30718994140625,19.73923683166504,82.90483856201172,66.23148345947266,87.50989532470703,72.82701873779297,3.4000000953674316,21.227535247802734,82.47442626953125,289.78021240234375
2021-01-14,,968.25,10.789999961853027,53.03293228149414,72.13013458251953,69.73529052734375,28.534374237060547,19.818828582763672,82.62187957763672,66.12207794189453,87.55257415771484,72.92861938476562,3.4000000953674316,21.227535247802734,82.57048797607422,291.44317626953125
2021-01-15,,947.75,10.819999694824219,52.76215744018555,71.38153839111328,72.79045867919922,27.875537872314453,19.779033660888672,81.2071304321289,66.39553833007812,86.6561508178711,73.86849975585938,3.5,20.74871826171875,82.18621826171875,290.61163330078125
2021-01-18,,949.75,10.710000038146973,52.43418502807617,68.7394027709961,70.12325286865234,27.398452758789062,19.420862197875977,78.86267852783203,64.20787811279297,83.561279296875,71.58233642578125,3.450000047683716,19.990589141845703,78.87187194824219,286.6294860839844
2021-01-19,,992.8499755859375,11.0600004196167,53.50200653076172,69.39994812011719,72.40249633789062,27.784666061401367,19.580049514770508,80.56037902832031,66.88776397705078,85.22611236572266,74.93537902832031,3.450000047683716,19.9506893157959,82.0421142578125,296.7818603515625
2021-01-20,,1020.1500244140625,11.109999656677246,54.93594741821289,69.97239685058594,75.02119445800781,28.466218948364258,19.580049514770508,79.46900177001953,66.42288970947266,83.7320327758789,74.17330932617188,3.5,19.91078758239746,81.46571350097656,291.9244079589844
2021-01-21,,1048.800048828125,10.75,54.054996490478516,68.51922607421875,72.11151885986328,27.852819442749023,19.580049514770508,77.69043731689453,64.91887664794922,83.3051528930664,72.39520263671875,3.5,20.19009780883789,79.73648834228516,286.1918640136719
2021-01-22,,1047.8499755859375,10.569999694824219,53.94097137451172,67.81465911865234,71.820556640625,27.216703414916992,19.26167106628418,76.03316497802734,63.25077819824219,82.89962005615234,71.17591857910156,3.4000000953674316,20.11029815673828,76.27803039550781,279.3653259277344
2021-01-25,,1031.0999755859375,10.239999771118164,51.12704849243164,67.594482421875,70.51119995117188,26.398841857910156,18.863706588745117,75.34597778320312,62.48509216308594,81.19210815429688,70.00743865966797,3.3499999046325684,19.91078758239746,76.1339340209961,275.1205139160156
2021-01-27,,1028.550048828125,9.920000076293945,50.141563415527344,67.02201080322266,71.96603393554688,26.37611961364746,18.664722442626953,73.8099594116211,61.0084228515625,82.10989379882812,69.37238311767578,3.200000047683716,19.870885848999023,72.96367645263672,267.0248718261719
2021-01-28,,1032.9000244140625,9.800000190734863,50.88270950317383,67.02201080322266,71.820556640625,26.148935317993164,18.306549072265625,74.052490234375,60.215389251708984,79.95417022705078,70.21063995361328,3.200000047683716,19.870885848999023,74.06846618652344,267.72503662109375
2021-01-29,,1004.9000244140625,10.260000228881836,49.72212219238281,66.66973114013672,70.07476043701172,26.217090606689453,19.10248565673828,71.91014862060547,60.05131912231445,78.7375717163086,67.31481170654297,3.299999952316284,19.870885848999023,72.435302734375,270.2631530761719
2021-02-01,,1024.25,10.470000267028809,50.78091049194336,64.86428833007812,68.86238861083984,26.444276809692383,18.863706588745117,74.37586212158203,63.66096115112305,80.63716888427734,70.08361053466797,3.25,20.030492782592773,76.75837707519531,269.0816650390625
2021-02-02,,1031.949951171875,10.5,51.30215835571289,65.74500274658203,69.78377532958984,26.60330581665039,18.545330047607422,76.11399841308594,65.05560302734375,82.89962005615234,73.00484466552734,3.25,20.11029815673828,80.3128890991211,275.5581970214844
2021-02-03,,1026.699951171875,10.5,51.69716262817383,66.53763580322266,69.54131317138672,27.375734329223633,18.70451545715332,78.3775863647461,68.33708953857422,88.15022277832031,75.39261627197266,3.299999952316284,20.19009780883789,80.8893051147461,282.3847961425781
2021-02-04,,1078.0,10.649999618530273,50.16600036621094,66.49359130859375,70.07476043701172,27.852819442749023,19.221874237060547,80.07532501220703,69.37625122070312,87.6593017578125,77.3231430053711,3.3499999046325684,21.02802848815918,86.07697296142578,281.0719299316406
2021-02-05,,1077.1500244140625,10.460000038146973,49.599952697753906,70.01643371582031,68.66841125488281,27.5802001953125,19.500455856323242,80.43911743164062,68.99337768554688,88.4063491821289,74.98619079589844,3.3499999046325684,20.948223114013672,84.01151275634766,278.75262451171875
2021-02-08,,1063.449951171875,10.609999656677246,49.33525848388672,68.25502014160156,69.4928207397461,28.39806365966797,19.341266632080078,81.08585357666016,70.05986022949219,90.73282623291016,75.74822235107422,3.5999999046325684,21.067928314208984,86.46124267578125,282.34100341796875
2021-02-09,,1086.050048828125,10.539999961853027,49.49000549316406,68.03482818603516,68.42593383789062,28.125442504882812,19.341266632080078,80.80290222167969,68.88401794433594,89.96444702148438,74.45274353027344,3.5,21.02802848815918,83.72331237792969,285.316650390625
2021-02-10,,1080.449951171875,10.420000076293945,50.30038070678711,67.9027328491211,70.46270751953125,27.830102920532227,19.73923683166504,80.72207641601562,69.54031372070312,89.83636474609375,74.57975006103516,3.299999952316284,21.187633514404297,84.63595581054688,289.255126953125
2021-02-11,,1074.5999755859375,10.760000228881836,50.70353698730469,67.77062225341797,75.263671875,27.60291862487793,19.61984634399414,81.09712982177734,69.73171997070312,91.24507904052734,74.19869995117188,3.25,21.107831954956055,84.34774780273438,292.2307434082031
2021-02-12,,1068.949951171875,11.449999809265137,50.59765625,67.77062225341797,72.40249633789062,27.284860610961914,19.938215255737305,79.97193908691406,69.15745544433594,90.7755126953125,74.83377075195312,3.200000047683716,21.78615379333496,83.86741638183594,288.2486267089844
2021-02-15,,1062.8499755859375,11.380000114440918,50.90714645385742,66.8899154663086,73.56637573242188,26.85321044921875,20.097410202026367,79.3468246459961,71.70063781738281,90.69012451171875,77.60255432128906,3.25,21.427040100097656,83.29100036621094,291.7494812011719
2021-02-16,,1078.300048828125,11.039999961853027,50.34110641479492,66.53763580322266,72.74195861816406,26.53514862060547,20.097410202026367,81.6805648803711,73.12261962890625,96.28223419189453,78.08518981933594,3.200000047683716,21.466941833496094,86.701416015625,307.0554504394531
2021-02-17,,1104.25,10.850000381469727,49.42485427856445,67.28623962402344,72.40249633789062,26.353404998779297,20.097410202026367,82.80575561523438,71.0990219116211,98.20318603515625,77.06910705566406,3.200000047683716,21.706350326538086,87.51799774169922,307.41143798828125
2021-02-18,,1109.5,11.140000343322754,50.60172653198242,69.70818328857422,73.12991333007812,26.85321044921875,20.45557975769043,86.18133544921875,71.64593505859375,100.95654296875,78.3138198852539,3.25,22.264968872070312,89.4393539428711,331.7498474121094
2021-02-19,,1117.699951171875,11.170000076293945,49.79542541503906,69.35590362548828,71.72357177734375,27.284860610961914,20.574970245361328,86.84809875488281,67.98162078857422,99.12097930908203,74.02090454101562,3.0999999046325684,22.384674072265625,87.51799774169922,325.1646423339844
2021-02-22,,1141.449951171875,11.100000381469727,49.31489944458008,67.55044555664062,69.63829803466797,26.330684661865234,20.114959716796875,85.05613708496094,66.53227996826172,96.02608489990234,70.87108612060547,3.4000000953674316,22.304872512817383,86.55731964111328,338.3795166015625
2021-02-23,,1196.199951171875,11.0600004196167,49.14794158935547,67.4183349609375,71.19013214111328,26.69417953491211,19.864044189453125,86.18133544921875,66.61431121826172,96.51702117919922,70.9472885131836,3.700000047683716,21.66515350341797,88.43064880371094,329.2581481933594
2021-02-24,,1169.3499755859375,11.050000190734863,48.846588134765625,68.03482818603516,70.65668487548828,29.829328536987305,19.864044189453125,86.01463317871094,68.03629302978516,95.08697509765625,70.23603057861328,3.549999952316284,21.66515350341797,90.35201263427734,328.1902770996094
2021-02-25,,1128.550048828125,11.300000190734863,49.958316802978516,70.06047821044922,70.99614715576172,32.07844924926758,20.324054718017578,90.01530456542969,70.9622802734375,97.13599395751953,72.92861938476562,3.9000000953674316,21.66515350341797,92.22532653808594,349.9480285644531
2021-02-26,,1159.8499755859375,11.039999961853027,49.3311882019043,68.6072998046875,69.73529052734375,32.987186431884766,20.198596954345703,89.43189239501953,67.81752014160156,91.4798583984375,68.83893585205078,4.25,21.75044822692871,91.40876007080078,339.7588195800781
2021-03-01,,1141.0,11.149999618530273,50.24744415283203,70.06047821044922,72.06303405761719,32.760005950927734,20.491329193115234,90.39037322998047,69.37625122070312,97.00792694091797,70.5916519165039,4.449999809265137,22.773998260498047,94.05062866210938,342.73992919921875
2021-03-02,,1164.8499755859375,12.260000228881836,50.487709045410156,72.1741714477539,83.60475158691406,32.51010513305664,20.825883865356445,93.80763244628906,70.88026428222656,96.06879425048828,71.12507629394531,4.5,23.1578311920166,96.40428924560547,346.12152099609375
2021-03-03,,1176.300048828125,12.979999542236328,50.86235427856445,74.6401596069336,81.61647033691406,32.66912841796875,20.742246627807617,93.93263244628906,73.04057312011719,97.11463165283203,74.30032348632812,4.300000190734863,22.816646575927734,101.11162567138672,360.18170166015625
2021-03-04,,1184.6500244140625,14.270000457763672,51.774532318115234,74.68419647216797,81.85894775390625,32.28291702270508,21.704082489013672,92.34904479980469,73.12261962890625,96.11148834228516,74.04631042480469,4.5,22.944589614868164,105.00238800048828,371.5278015136719
2021-03-05,,1172.75,14.869999885559082,51.39988708496094,77.23825073242188,78.75528717041016,31.32874298095703,21.536806106567383,90.59874725341797,70.30598449707031,94.01978302001953,72.67461395263672,4.699999809265137,23.1578311920166,103.1290512084961,359.11383056640625
2021-03-08,,1171.5999755859375,15.609999656677246,51.30215835571289,76.0492935180664,84.52616119384766,31.215152740478516,21.620447158813477,92.14067077636719,73.14996337890625,95.71538543701172,74.40193176269531,4.900000095367432,22.90194320678711,104.76221466064453,371.2608642578125
2021-03-09,,1166.199951171875,16.3700008392334,51.35102081298828,74.11173248291016,81.1800308227539,31.66952133178711,21.327714920043945,91.26553344726562,72.43896484375,93.91107940673828,74.98619079589844,5.099999904632568,22.51811408996582,102.7928237915039,371.8836975097656
2021-03-10,,1185.6500244140625,15.5600004196167,51.22478485107422,74.06770324707031,84.23518371582031,31.987581253051758,21.076797485351562,91.39054870605469,73.50544738769531,93.54154205322266,76.81510925292969,5.349999904632568,22.390167236328125,103.1290512084961,371.5278015136719
2021-03-12,,1160.5999755859375,15.109999656677246,50.976375579833984,72.39435577392578,83.02281188964844,31.760395050048828,20.53314971923828,90.93214416503906,75.31027221679688,95.67192077636719,76.73890686035156,5.199999809265137,22.43281364440918,108.79706573486328,366.8559265136719
2021-03-15,,1193.0999755859375,15.859999656677246,50.54471969604492,71.68978118896484,83.31378173828125,31.66952133178711,20.324054718017578,92.0989990234375,74.84540557861328,97.45448303222656,77.57716369628906,5.199999809265137,22.304872512817383,107.16392517089844,368.5466613769531
2021-03-16,,1219.800048828125,16.6200008392334,50.3248176574707,72.13013458251953,83.26529693603516,32.91903305053711,20.282236099243164,91.30719757080078,75.9665756225586,97.58492279052734,78.49161529541016,4.949999809265137,22.262224197387695,105.38664245605469,377.1340637207031
2021-03-17,,1164.300048828125,17.440000534057617,49.856502532958984,70.58889770507812,81.13153076171875,31.46505355834961,20.114959716796875,88.80677795410156,74.21643829345703,95.84584045410156,76.78971099853516,4.75,21.92104148864746,99.23829650878906,371.08282470703125
2021-03-18,,1135.8499755859375,17.850000381469727,49.08685302734375,67.24220275878906,81.61647033691406,31.873985290527344,19.989500045776367,86.51470947265625,72.1928482055664,96.106689453125,74.21515655517578,4.550000190734863,21.62250518798828,96.59642791748047,371.8836975097656
2021-03-19,,1192.5999755859375,18.440000534057617,49.53480529785156,67.50640869140625,82.24691009521484,31.82855224609375,20.40769386291504,90.43204498291016,71.90174865722656,100.08488464355469,75.21346282958984,4.349999904632568,22.176925659179688,100.05488586425781,378.9138488769531
2021-03-22,,1252.199951171875,19.360000610351562,48.6837043762207,68.82746887207031,83.65325164794922,31.82855224609375,20.114959716796875,91.55724334716797,70.7082290649414,97.19363403320312,73.13806915283203,4.550000190734863,22.048982620239258,100.63128662109375,380.3821716308594
2021-03-23,,1313.6500244140625,20.31999969482422,49.29046630859375,68.4751968383789,83.70175170898438,31.805831909179688,20.198596954345703,90.55708312988281,70.21337127685547,95.21541595458984,73.32195281982422,4.75,21.92104148864746,100.43915557861328,374.7314147949219
2021-03-24,,1291.3499755859375,20.8700008392334,49.1723747253418,67.28623962402344,80.79206848144531,31.760395050048828,20.073139190673828,88.34837341308594,68.0301284790039,96.106689453125,71.03639221191406,4.900000095367432,21.83574676513672,97.2688980102539,372.1951904296875
2021-03-25,,1226.800048828125,19.829999923706055,48.569679260253906,65.5248031616211,81.13153076171875,31.578649520874023,19.571311950683594,85.84794616699219,66.1379623413086,94.08499145507812,68.69830322265625,4.699999809265137,21.494564056396484,94.77113342285156,365.5210876464844
2021-03-26,,1212.3499755859375,18.84000015258789,49.19273376464844,66.36148834228516,84.86561584472656,31.55592918395996,19.44585418701172,86.84809875488281,66.69105529785156,93.30240631103516,68.9872817993164,4.699999809265137,21.494564056396484,99.38240051269531,369.3920593261719
2021-03-30,,1157.6500244140625,17.899999618530273,48.52488708496094,67.4183349609375,84.67164611816406,31.805831909179688,20.951339721679688,89.76526641845703,64.68245697021484,96.23712158203125,67.5423583984375,4.550000190734863,22.603408813476562,99.52650451660156,375.2208251953125
2021-03-31,,1104.8499755859375,17.010000228881836,48.34162902832031,66.7137680053711,85.20507049560547,31.578649520874023,20.449514389038086,88.80677795410156,66.22528839111328,93.75892639160156,68.908447265625,4.349999904632568,22.219575881958008,99.19026947021484,377.1340637207031
2021-04-01,,1160.050048828125,17.860000610351562,49.318973541259766,67.1100845336914,87.96927642822266,33.237098693847656,20.616790771484375,89.93196868896484,66.60371398925781,95.0849838256836,69.7491226196289,4.550000190734863,22.262224197387695,100.91948699951172,380.4711608886719
2021-04-05,,1164.199951171875,18.75,48.88731384277344,65.65692138671875,83.94422149658203,32.60097885131836,20.574970245361328,88.5984115600586,64.8862533569336,93.10674285888672,68.40930938720703,4.75,22.00633430480957,99.28633117675781,370.2819519042969
2021-04-06,,1194.449951171875,19.68000030517578,48.83844757080078,66.00920867919922,83.07131958007812,32.94175720214844,20.449514389038086,88.39004516601562,66.57461547851562,90.9546127319336,69.30252838134766,4.949999809265137,21.878393173217773,100.583251953125,372.0617370605469
2021-04-07,,1196.199951171875,19.989999771118164,50.79312515258789,66.2734146118164,86.70841979980469,33.07807159423828,20.40769386291504,87.88994598388672,67.8554458618164,91.54158020019531,70.35336303710938,4.849999904632568,21.32396697998047,100.34308624267578,375.2652893066406
2021-04-08,,1165.5,19.479999542236328,51.21664047241211,66.7578125,85.98098754882812,33.73690414428711,20.40769386291504,87.514892578125,67.04037475585938,90.86767578125,69.48640441894531,4.900000095367432,21.068082809448242,100.82341766357422,375.9772033691406
2021-04-09,,1142.75,19.530000686645508,50.0316162109375,69.17975616455078,97.42572784423828,34.60020446777344,20.282236099243164,85.68124389648438,66.31262969970703,90.5633316040039,69.40760803222656,4.800000190734863,21.36661720275879,100.00684356689453,375.88818359375
2021-04-12,,1085.6500244140625,18.559999465942383,48.064720153808594,65.48078155517578,90.10304260253906,33.3961181640625,19.61313247680664,82.55571746826172,60.985504150390625,87.45470428466797,65.70340728759766,4.349999904632568,21.025432586669922,88.57474517822266,355.9547424316406
2021-04-13,,1116.050048828125,18.1200008392334,48.11765670776367,65.30463409423828,93.64314270019531,33.646026611328125,19.864044189453125,83.84760284423828,64.01292419433594,90.75898742675781,68.82962799072266,4.5,21.537208557128906,92.08123779296875,353.28509521484375
2021-04-15,,1122.699951171875,18.149999618530273,50.239295959472656,65.2605972290039,92.9642105102539,33.237098693847656,20.031320571899414,84.47270965576172,63.72181701660156,90.34593963623047,67.30593872070312,4.400000095367432,21.537208557128906,90.44807434082031,351.95025634765625
2021-04-16,,1108.5999755859375,18.350000381469727,49.69361877441406,65.74500274658203,96.84379577636719,33.282535552978516,20.114959716796875,85.38951873779297,63.5180778503418,91.23723602294922,66.78050994873047,4.699999809265137,21.579856872558594,93.33010864257812,363.69677734375
2021-04-19,,1056.3499755859375,17.489999771118164,48.02399826049805,64.55603790283203,97.23174285888672,32.760005950927734,19.69676971435547,82.55571746826172,61.189273834228516,87.47643280029297,65.96610260009766,4.449999809265137,21.196025848388672,90.1118392944336,342.02801513671875
2021-04-20,,1043.949951171875,17.43000030517578,47.51904296875,64.15970611572266,97.76519012451172,33.00991439819336,19.822227478027344,82.55571746826172,61.451255798339844,88.56336975097656,65.99237060546875,4.550000190734863,21.196025848388672,89.91969299316406,336.1547546386719
2021-04-22,,1030.449951171875,17.440000534057617,47.3032112121582,64.60006713867188,96.64982604980469,32.73728561401367,19.78040885925293,82.47235870361328,61.94612121582031,88.45468139648438,65.86101531982422,4.5,21.494564056396484,90.54414367675781,341.9390563964844
2021-04-23,,1052.4000244140625,17.559999465942383,48.61854553222656,64.64410400390625,99.41400146484375,32.89631652832031,20.40769386291504,85.4728775024414,62.17900848388672,91.80244445800781,66.3864517211914,4.5,21.75044822692871,91.88909149169922,350.61541748046875
2021-04-26,,1049.25,17.549999237060547,50.218936920166016,65.08445739746094,102.7116470336914,32.714569091796875,20.156780242919922,85.34785461425781,62.26634216308594,93.82413482666016,67.4110107421875,4.449999809265137,21.409265518188477,92.51354217529297,348.34625244140625
2021-04-27,,1054.5999755859375,18.0,49.91759490966797,66.14131164550781,102.95411682128906,32.89631652832031,20.324054718017578,85.05613708496094,63.16876220703125,94.19368743896484,67.30593872070312,4.449999809265137,21.707801818847656,94.14669799804688,349.5920715332031
2021-04-28,,1054.699951171875,18.899999618530273,49.78321075439453,66.66973114013672,103.8755111694336,33.25981140136719,20.449514389038086,86.34801483154297,62.84852981567383,96.04147338867188,67.5423583984375,4.550000190734863,21.92104148864746,94.0986557006836,349.23614501953125
2021-04-29,,1055.75,19.399999618530273,50.75239944458008,66.49359130859375,105.71830749511719,33.00991439819336,20.36587142944336,85.88961029052734,62.38276672363281,95.71538543701172,67.17457580566406,4.650000095367432,21.83574676513672,93.81045532226562,351.19384765625
2021-04-30,,1018.9500122070312,18.950000762939453,49.51443862915039,66.405517578125,106.30024719238281,35.57709503173828,20.282236099243164,85.38951873779297,63.11051940917969,95.67192077636719,67.30593872070312,4.849999904632568,21.494564056396484,94.96326446533203,352.66217041015625
2021-05-03,,1036.5,19.110000610351562,51.42839431762695,67.28623962402344,107.22164916992188,38.530494689941406,20.156780242919922,86.88978576660156,62.26634216308594,95.99800872802734,66.91187286376953,5.300000190734863,21.45191192626953,95.92394256591797,351.6833190917969
2021-05-04,,1045.0999755859375,19.139999389648438,50.78091049194336,66.80184173583984,106.8821792602539,37.16738510131836,20.491329193115234,86.47305297851562,62.76119613647461,94.80237579345703,67.88390350341797,5.050000190734863,21.579856872558594,97.07677459716797,359.55877685546875
2021-05-05,,1064.550048828125,19.40999984741211,51.56277847290039,66.49359130859375,115.8051986694336,37.803497314453125,20.36587142944336,86.59807586669922,63.54716873168945,94.86759948730469,68.33048248291016,5.099999904632568,21.62250518798828,97.98941802978516,365.2540588378906
2021-05-06,,1099.5999755859375,19.3700008392334,50.81755828857422,66.80184173583984,112.99250030517578,37.82621765136719,20.324054718017578,85.88961029052734,63.37251281738281,93.65022277832031,68.61947631835938,5.5,21.707801818847656,98.8540267944336,367.07830810546875
2021-05-07,,1102.9000244140625,19.40999984741211,53.305694580078125,68.4751968383789,113.28347778320312,39.37107467651367,20.40769386291504,87.55657958984375,64.56600952148438,93.28067016601562,68.9347152709961,6.050000190734863,22.00633430480957,98.6618881225586,370.2374572753906
2021-05-10,,1102.8499755859375,19.700000762939453,52.62563705444336,71.95398712158203,115.5627212524414,42.34718704223633,20.70042610168457,89.76526641845703,66.57461547851562,95.5849838256836,71.19401550292969,6.650000095367432,22.304872512817383,105.62682342529297,401.5169677734375
2021-05-11,,1077.949951171875,19.799999237060547,53.000282287597656,75.96122741699219,117.11455535888672,45.27787399291992,22.164093017578125,93.93263244628906,68.11744689941406,97.12841033935547,74.29398345947266,7.300000190734863,23.11518096923828,105.0504150390625,390.66033935546875
2021-05-12,,1049.800048828125,19.489999771118164,54.572166442871094,74.77226257324219,114.05938720703125,43.57398986816406,22.247732162475586,94.43273162841797,67.09859466552734,98.23709869384766,73.34822845458984,6.949999809265137,23.243127822875977,102.4085464477539,387.9461975097656
2021-05-14,,1088.050048828125,19.15999984741211,54.92238235473633,73.14295196533203,110.71326446533203,44.7780647277832,21.620447158813477,92.84911346435547,66.05065155029297,99.4979248046875,73.0329818725586,6.800000190734863,22.859296798706055,97.50907897949219,381.1385498046875
2021-05-17,,1142.449951171875,19.40999984741211,55.87936019897461,72.52645874023438,110.0343246459961,44.02836227416992,21.369529724121094,92.97415161132812,67.3023681640625,99.30229949951172,74.37277221679688,6.599999904632568,22.816646575927734,99.38240051269531,381.0050354003906
2021-05-18,,1198.75,20.3799991607666,56.20921325683594,74.37593078613281,112.26509094238281,43.89204788208008,21.411348342895508,93.43257141113281,67.76813507080078,101.345703125,74.74058532714844,6.900000095367432,22.859296798706055,101.20769500732422,388.7470703125
2021-05-19,,1243.6500244140625,20.479999542236328,56.66122817993164,74.50804901123047,114.25337219238281,42.61981201171875,21.369529724121094,93.30754089355469,67.79723358154297,101.62831115722656,74.50413513183594,7.0,22.859296798706055,100.15094757080078,387.45672607421875
2021-05-20,,1268.8499755859375,20.020000457763672,55.67575454711914,73.6273422241211,113.86540985107422,41.14311981201172,21.369529724121094,93.1408462524414,68.11744689941406,99.5414047241211,74.0049819946289,6.900000095367432,22.603408813476562,98.90205383300781,383.3188171386719
2021-05-21,,1299.199951171875,20.219999313354492,56.14405822753906,73.71540832519531,113.5744400024414,39.84815979003906,21.411348342895508,94.05767059326172,69.19452667236328,99.10663604736328,75.76514434814453,7.150000095367432,22.73134994506836,100.775390625,400.9830017089844
2021-05-24,,1360.949951171875,20.209999084472656,55.77755355834961,73.23101806640625,113.38046264648438,42.59709167480469,21.369529724121094,94.09933471679688,69.4856185913086,100.43269348144531,75.97531127929688,7.5,22.944589614868164,103.08102416992188,391.3277893066406
2021-05-25,,1314.25,20.079999923706055,55.55765151977539,72.52645874023438,114.5443344116211,42.14272689819336,21.453168869018555,94.43273162841797,69.25274658203125,101.2587661743164,75.18718719482422,7.849999904632568,22.90194320678711,103.22512817382812,386.8338623046875
2021-05-26,,1264.5999755859375,19.850000381469727,55.10970687866211,73.319091796875,111.63465118408203,41.12040328979492,21.49498748779297,92.5990982055664,68.69963073730469,98.08490753173828,74.29398345947266,8.199999809265137,23.029888153076172,101.92820739746094,378.0684509277344
2021-05-27,,1266.5999755859375,19.030000686645508,54.56809997558594,73.71540832519531,112.21658325195312,40.07534408569336,21.829540252685547,91.93231201171875,68.17566680908203,99.25879669189453,75.05583953857422,8.600000381469727,23.1578311920166,102.16838073730469,382.5624084472656
2021-05-28,,1238.949951171875,18.389999389648438,54.323760986328125,71.42556762695312,112.65304565429688,39.916316986083984,21.704082489013672,90.8071060180664,70.1551513671875,98.01969909667969,76.78971862792969,8.25,23.029888153076172,101.20769500732422,381.9839782714844
2021-05-31,,1268.199951171875,18.5,55.76533126831055,71.42556762695312,114.20487213134766,39.23476791381836,21.74590301513672,92.0989990234375,70.0387191772461,98.10665130615234,76.65835571289062,8.649999618530273,23.84019660949707,102.26444244384766,385.18756103515625
2021-06-01,,1271.050048828125,19.06999969482422,55.398834228515625,70.85309600830078,122.20648956298828,39.05301284790039,21.536806106567383,91.84896087646484,69.3691635131836,97.56317138671875,76.42190551757812,8.649999618530273,23.28577423095703,100.53521728515625,384.8760986328125
2021-06-02,,1299.800048828125,19.280000686645508,56.00559997558594,73.01085662841797,126.91048431396484,40.98408126831055,21.578624725341797,92.6407699584961,70.79557037353516,98.88923645019531,77.91934967041016,9.050000190734863,23.669605255126953,103.84956359863281,387.6347351074219
2021-06-03,,1286.9000244140625,20.149999618530273,56.30287551879883,72.1741714477539,132.05088806152344,40.71146011352539,21.704082489013672,93.18251037597656,70.30067443847656,98.38924407958984,77.84054565429688,9.5,23.499013900756836,104.37794494628906,390.9717712402344
2021-06-04,,1277.25,21.149999618530273,56.938148498535156,72.13013458251953,131.0325164794922,41.50661087036133,21.829540252685547,93.1408462524414,71.1448974609375,98.32405090332031,79.15409088134766,9.949999809265137,23.84019660949707,103.8976058959961,383.897216796875
2021-06-07,,1264.8499755859375,25.3799991607666,60.48507308959961,73.67137908935547,135.9304656982422,43.165061950683594,22.038637161254883,97.01651763916016,73.2116928100586,102.71526336669922,80.70408630371094,10.399999618530273,24.224027633666992,108.89313507080078,410.4158630371094
2021-06-08,,1267.550048828125,30.350000381469727,61.75153350830078,75.16858673095703,139.27659606933594,42.64253234863281,22.498641967773438,96.84980773925781,72.62950134277344,101.75875854492188,81.25575256347656,10.899999618530273,24.821102142333984,112.4476547241211,416.91204833984375
2021-06-09,,1239.1500244140625,30.469999313354492,62.142478942871094,75.43280029296875,140.9739227294922,41.80195236206055,22.20591163635254,98.43340301513672,75.33673095703125,105.2586898803711,86.14212799072266,11.399999618530273,24.821102142333984,119.74883270263672,422.4293518066406
2021-06-10,,1233.5,30.81999969482422,63.13203430175781,76.0492935180664,146.0173797607422,45.91399383544922,22.62409782409668,98.76679992675781,76.1227035522461,105.06304168701172,85.80062103271484,11.949999809265137,25.247581481933594,122.58283996582031,419.00323486328125
2021-06-11,,1217.699951171875,29.65999984741211,62.42753601074219,77.8547592163086,148.92703247070312,48.458457946777344,22.456825256347656,99.016845703125,75.97714233398438,107.08473205566406,84.80232238769531,12.5,25.03434181213379,120.75755310058594,413.4859924316406
2021-06-14,,1212.9000244140625,28.18000030517578,62.48046875,76.57772064208984,151.01229858398438,53.36564254760742,22.456825256347656,98.51676177978516,75.424072265625,108.128173828125,83.22606658935547,13.100000381469727,24.94904136657715,118.54798889160156,408.2801208496094
2021-06-15,,1212.199951171875,26.780000686645508,63.74693298339844,76.31351470947266,148.92703247070312,53.3202018737793,22.665924072265625,98.1833724975586,74.434326171875,107.64994812011719,82.17523956298828,13.75,25.290225982666016,117.34713745117188,411.6171569824219
2021-06-16,,1182.75,25.450000762939453,62.830684661865234,75.52086639404297,159.9838104248047,54.97865295410156,22.582284927368164,99.85033416748047,75.24940490722656,105.2804183959961,81.9913330078125,14.399999618530273,24.94904136657715,120.99771881103516,416.2890319824219
2021-06-17,,1123.6500244140625,24.18000030517578,63.55961990356445,74.72823333740234,156.2012481689453,52.161563873291016,22.289548873901367,97.8499755859375,73.93943786621094,104.28044128417969,78.9701919555664,15.100000381469727,24.522565841674805,120.56001281738281,407.0342712402344
2021-06-18,,1067.550048828125,22.979999542236328,62.26463317871094,73.09892272949219,153.19456481933594,47.799625396728516,22.247732162475586,94.64111328125,72.39661407470703,101.30223846435547,77.2625961303711,15.850000381469727,24.309324264526367,118.1283950805664,405.2099609375
2021-06-21,,1120.9000244140625,24.1200008392334,62.36238098144531,73.71540832519531,153.92198181152344,47.36796951293945,22.289548873901367,98.3500747680664,72.42573547363281,102.1065673828125,77.60411071777344,16.600000381469727,24.565210342407227,119.92780303955078,412.3291015625
2021-06-22,,1167.4000244140625,25.31999969482422,63.18497085571289,73.40716552734375,157.21961975097656,49.23088455200195,22.54046630859375,98.60009765625,72.0181884765625,101.75875854492188,76.18549346923828,17.399999618530273,24.6505069732666,118.1283950805664,408.23565673828125
2021-06-23,,1166.1500244140625,25.190000534057617,62.30535888671875,72.26224517822266,156.54067993164062,48.86738967895508,22.331371307373047,97.72496795654297,71.69798278808594,100.97616577148438,76.15921020507812,16.600000381469727,24.309324264526367,117.44754028320312,407.12322998046875
2021-06-24,,1139.699951171875,23.940000534057617,62.50490951538086,72.1741714477539,153.38853454589844,46.6409797668457,22.122276306152344,98.3500747680664,71.31954193115234,100.49790954589844,74.26770782470703,15.800000190734863,24.224027633666992,115.59950256347656,403.02496337890625
2021-06-25,,1167.25,23.350000381469727,62.95284652709961,73.23101806640625,149.21800231933594,47.98136520385742,22.247732162475586,96.72478485107422,71.90174865722656,100.36746215820312,75.31854248046875,15.050000190734863,24.479917526245117,117.7879638671875,407.12322998046875
2021-06-28,,1119.8499755859375,23.639999389648438,62.765525817871094,73.01085662841797,148.9755096435547,49.34447479248047,22.331371307373047,96.80813598632812,72.28018188476562,100.80223846435547,74.898193359375,14.300000190734863,24.565210342407227,119.19831085205078,407.4835510253906
2021-06-29,,1126.300048828125,23.260000228881836,63.31121063232422,72.52645874023438,157.75303649902344,48.43574142456055,21.536806106567383,98.01667785644531,72.22196197509766,102.60655975341797,75.13465118408203,15.0,23.37107276916504,119.44147491455078,409.6903076171875
2021-06-30,,1124.9000244140625,22.690000534057617,62.704437255859375,73.71540832519531,162.69949340820312,48.7310791015625,21.913179397583008,97.01651763916016,74.9874038696289,101.04136657714844,78.05071258544922,15.0,23.797548294067383,118.76060485839844,414.4190368652344
2021-07-01,,1068.699951171875,21.559999465942383,62.749237060546875,72.83470153808594,169.10081481933594,48.84467315673828,21.954999923706055,97.80830383300781,72.11920166015625,100.3457260131836,76.47444915771484,14.25,23.71225357055664,118.0311279296875,412.7977600097656
2021-07-02,,1015.2999877929688,21.8799991607666,62.016231536865234,73.319091796875,163.23294067382812,48.41301727294922,21.954999923706055,97.9333267211914,71.5869369506836,99.10663604736328,75.8965072631836,14.899999618530273,23.71225357055664,117.6420669555664,418.5173034667969
2021-07-05,,964.5499877929688,21.360000610351562,61.144779205322266,75.56490325927734,164.05734252929688,52.820396423339844,21.996814727783203,98.85015106201172,72.82886505126953,100.12834930419922,76.632080078125,14.199999809265137,24.01078987121582,122.4566879272461,422.3453369140625
2021-07-06,,1012.75,22.3799991607666,61.69044876098633,74.4640121459961,160.12930297851562,51.75263214111328,21.871360778808594,98.05834197998047,71.85307312011719,99.47618865966797,75.94903564453125,13.5,23.925493240356445,119.63600158691406,420.8591003417969
2021-07-07,,1017.0499877929688,21.959999084472656,61.328025817871094,74.90438079833984,162.069091796875,53.38835906982422,22.247732162475586,97.89164733886719,72.00092315673828,100.41095733642578,75.6600570678711,12.850000381469727,24.01078987121582,120.46276092529297,423.741455078125
2021-07-08,,1028.6500244140625,21.75,62.30535888671875,75.34473419189453,162.069091796875,55.43301773071289,21.871360778808594,97.89164733886719,71.7939453125,100.49790954589844,75.37109375,13.449999809265137,24.01078987121582,120.02505493164062,424.4620056152344
2021-07-09,,1019.4000244140625,21.90999984741211,64.67948150634766,75.47682189941406,162.7480010986328,55.1831169128418,21.829540252685547,98.1833724975586,71.94178009033203,100.10660552978516,76.36936950683594,14.100000381469727,24.096084594726562,121.04634094238281,428.01983642578125
2021-07-12,,1004.2000122070312,21.639999389648438,65.8074951171875,76.35753631591797,165.80316162109375,54.22894287109375,21.74590301513672,98.22503662109375,73.03585052490234,99.56314086914062,77.31513214111328,14.050000190734863,24.6505069732666,120.41413116455078,429.1907653808594
2021-07-13,,989.2000122070312,21.350000381469727,69.24854278564453,77.37035369873047,163.03897094726562,53.79729080200195,21.829540252685547,99.93367767333984,73.47938537597656,99.41096496582031,78.10324096679688,13.399999618530273,24.607858657836914,120.65729522705078,427.52447509765625
2021-07-14,,979.7000122070312,21.010000228881836,69.4725112915039,77.10615539550781,168.03392028808594,53.04758071899414,21.74590301513672,100.64212799072266,73.27239990234375,99.9761734008789,77.73545837402344,13.350000381469727,24.607858657836914,121.14361572265625,426.21844482421875
2021-07-15,,995.7999877929688,20.81999969482422,67.61964416503906,76.31351470947266,183.21273803710938,52.366031646728516,21.829540252685547,100.26705932617188,74.33688354492188,100.17184448242188,79.20663452148438,13.100000381469727,24.309324264526367,121.04634094238281,432.433349609375
2021-07-16,,1008.6500244140625,21.1299991607666,68.25898742675781,80.18863677978516,188.2076873779297,52.45690155029297,21.66226577758789,99.26689147949219,75.43095397949219,101.67179107666016,79.67948150634766,13.0,23.84019660949707,120.75454711914062,432.79364013671875
2021-07-19,,979.1500244140625,20.43000030517578,68.53997802734375,83.71146392822266,190.58392333984375,54.25166320800781,21.74590301513672,101.18389129638672,75.16483306884766,101.36746215820312,79.54814147949219,13.350000381469727,23.6269588470459,122.35942077636719,433.33404541015625
2021-07-20,,945.0999755859375,19.40999984741211,66.59750366210938,81.28951263427734,195.48187255859375,51.45729446411133,21.453168869018555,98.7251205444336,75.43095397949219,100.56311798095703,79.54814147949219,12.899999618530273,23.37107276916504,118.46882629394531,428.47021484375
2021-07-22,,988.25,20.360000610351562,67.17169952392578,85.60499572753906,210.70919799804688,51.23011016845703,21.74590301513672,99.35022735595703,76.19974517822266,101.41092681884766,80.20492553710938,12.399999618530273,23.32842445373535,120.31684875488281,426.03826904296875
2021-07-23,,980.25,20.09000015258789,66.65045166015625,86.70587921142578,233.50169372558594,51.525447845458984,21.787723541259766,98.76679992675781,75.96319580078125,101.30223846435547,80.33627319335938,11.800000190734863,23.1578311920166,119.53873443603516,426.443603515625
2021-07-26,,942.2000122070312,19.59000015258789,68.23048400878906,89.74433135986328,233.79266357421875,51.91166305541992,21.536806106567383,99.47525787353516,75.57878875732422,101.17180633544922,79.20663452148438,12.350000381469727,23.32842445373535,119.24693298339844,420.9942932128906
2021-07-27,,914.4500122070312,18.950000762939453,67.85990142822266,87.54256439208984,247.04464721679688,53.570106506347656,21.66226577758789,99.05851745605469,73.2428207397461,100.80223846435547,76.2642822265625,11.899999618530273,23.584306716918945,117.83660125732422,412.7977600097656
2021-07-28,,945.6500244140625,19.40999984741211,67.41603088378906,86.74991607666016,247.87596130371094,53.20661163330078,21.578624725341797,97.34989929199219,74.24817657470703,99.17182922363281,76.31683349609375,11.399999618530273,23.32842445373535,117.0584716796875,409.46514892578125
2021-07-29,,924.2999877929688,19.079999923706055,68.25084686279297,86.48570251464844,244.5507354736328,54.47884750366211,21.74590301513672,97.30821990966797,75.46051788330078,97.04143524169922,79.54814147949219,11.5,23.37107276916504,119.39283752441406,407.30340576171875
2021-07-30,,882.2999877929688,19.170000076293945,68.31599426269531,85.25272369384766,246.99574279785156,56.45534896850586,21.954999923706055,98.51676177978516,76.85025024414062,99.2153091430664,79.3905029296875,12.050000190734863,23.243127822875977,121.581298828125,410.0055847167969
2021-08-02,,876.1500244140625,18.56999969482422,67.03324127197266,87.67467498779297,238.144775390625,57.750308990478516,22.164093017578125,98.14169311523438,79.00881958007812,99.12834167480469,82.30658721923828,12.649999618530273,23.413719177246094,129.80020141601562,419.19281005859375
2021-08-03,,890.9000244140625,18.3700008392334,65.18444061279297,86.57377624511719,239.7584991455078,59.045257568359375,22.080453872680664,98.05834197998047,78.06259155273438,101.12828826904297,81.70235443115234,13.25,23.37107276916504,128.97344970703125,418.337158203125
2021-08-04,,898.1500244140625,18.049999237060547,64.20709991455078,84.1077880859375,241.61671447753906,57.182342529296875,21.871360778808594,98.22503662109375,77.35295104980469,101.59205627441406,81.12438201904297,12.649999618530273,23.32842445373535,128.04940795898438,424.91241455078125
2021-08-05,,889.6500244140625,17.6299991607666,62.765525817871094,82.56654357910156,240.7364959716797,49.59437942504883,21.913179397583008,97.09984588623047,77.91474914550781,101.56307983398438,81.4921875,12.199999809265137,23.200477600097656,130.87013244628906,426.21844482421875
2021-08-06,,910.5499877929688,18.510000228881836,62.75737762451172,83.88761138916016,243.37713623046875,51.20738983154297,21.74590301513672,98.05834197998047,78.97924041748047,101.44713592529297,82.2015151977539,12.800000190734863,23.1578311920166,131.45370483398438,427.8847351074219
2021-08-09,,906.5499877929688,18.06999969482422,62.59449768066406,80.5409164428711,241.66561889648438,50.84389114379883,21.913179397583008,97.26654815673828,77.70777893066406,102.28768157958984,80.57271575927734,12.699999809265137,23.200477600097656,128.43849182128906,411.0863952636719
2021-08-10,,908.4000244140625,17.170000076293945,60.228519439697266,76.31351470947266,229.68502807617188,48.004085540771484,21.49498748779297,95.30787658691406,75.8744888305664,100.05587005615234,77.97189331054688,12.100000381469727,22.773998260498047,126.4931869506836,411.1314392089844
2021-08-11,,901.5,16.68000030517578,61.564208984375,77.15018463134766,223.32798767089844,47.208946228027344,21.74590301513672,97.47490692138672,76.22931671142578,102.22972869873047,78.10324096679688,11.550000190734863,22.73134994506836,126.05549621582031,411.8069763183594
2021-08-12,,913.7000122070312,17.0,61.60086441040039,78.64739227294922,234.18385314941406,50.503116607666016,21.74590301513672,99.30855560302734,76.6728515625,108.40351867675781,79.3379898071289,11.949999809265137,22.944589614868164,129.99472045898438,421.8499450683594
2021-08-13,,919.0999755859375,16.989999771118164,63.636993408203125,77.23825073242188,234.47726440429688,51.002925872802734,22.247732162475586,98.55842590332031,75.904052734375,107.09917449951172,78.19316101074219,11.550000190734863,23.1578311920166,128.92481994628906,418.1570129394531
2021-08-16,,925.25,16.610000610351562,62.27278137207031,78.03089141845703,241.86122131347656,49.02641296386719,21.913179397583008,99.05851745605469,78.18087768554688,104.75141906738281,80.85552215576172,11.0,22.987239837646484,128.48712158203125,414.2839660644531
2021-08-17,,936.8499755859375,15.989999771118164,62.2890739440918,76.0492935180664,244.6485137939453,49.84428405761719,21.871360778808594,97.8499755859375,76.02233123779297,106.22962951660156,78.59253692626953,10.449999809265137,22.73134994506836,127.51446533203125,410.8612060546875
2021-08-18,,942.5,15.460000038146973,63.694000244140625,75.52086639404297,239.8562774658203,49.751285552978516,21.913179397583008,97.14151763916016,75.81536102294922,104.69343566894531,78.83213806152344,10.600000381469727,22.475465774536133,126.88224029541016,414.4190368652344
2021-08-20,,935.8499755859375,15.489999771118164,60.90450668334961,74.68419647216797,231.68992614746094,48.47262954711914,21.954999923706055,95.14118957519531,73.5680923461914,103.53404235839844,76.64900207519531,10.100000381469727,22.134281158447266,122.74848175048828,408.114013671875
2021-08-23,,933.6500244140625,14.720000267028809,59.59732437133789,72.52645874023438,220.14944458007812,46.79875564575195,21.913179397583008,94.51607513427734,72.82886505126953,101.82394409179688,74.83860778808594,9.600000381469727,21.707801818847656,121.53266143798828,408.5193176269531
2021-08-24,,949.7000122070312,15.449999809265137,62.62299728393555,73.01085662841797,211.1517791748047,48.19365310668945,21.996814727783203,94.97447967529297,74.07076263427734,102.37464904785156,76.88862609863281,10.050000190734863,21.963687896728516,122.4566879272461,414.73431396484375
2021-08-25,,997.1500244140625,16.219999313354492,61.865562438964844,73.01085662841797,221.6653594970703,48.26340103149414,22.080453872680664,95.01615905761719,74.42559814453125,101.73699951171875,77.3412094116211,10.550000190734863,22.134281158447266,122.60258483886719,425.7230224609375
2021-08-26,,1046.449951171875,17.030000686645508,61.67824172973633,71.95398712158203,232.7168426513672,47.844932556152344,22.080453872680664,93.97432708740234,73.71593475341797,100.34569549560547,76.72887420654297,11.050000190734863,22.219575881958008,122.2135238647461,426.1733703613281
2021-08-27,,1049.0999755859375,17.8799991607666,61.78004837036133,72.04206085205078,243.71942138671875,48.37964630126953,22.164093017578125,94.51607513427734,74.69171142578125,101.0703353881836,77.90030670166016,11.199999809265137,22.176925659179688,123.76976776123047,439.68408203125
2021-08-30,,1060.3499755859375,18.770000457763672,64.35369873046875,72.1741714477539,246.6534423828125,50.63471984863281,22.331371307373047,95.80796813964844,76.76155853271484,101.73699951171875,79.79058074951172,11.75,22.347522735595703,125.61779022216797,442.11602783203125
2021-08-31,,1068.3499755859375,19.700000762939453,65.4695053100586,72.08609771728516,258.82965087890625,50.61147689819336,22.54046630859375,96.64144134521484,77.66427612304688,101.65003204345703,80.77564239501953,11.399999618530273,22.43281364440918,125.52053833007812,433.6943359375
2021-09-01,,1079.800048828125,20.68000030517578,66.18214416503906,71.99803161621094,249.68527221679688,49.890777587890625,22.749557495117188,96.18304443359375,77.81472778320312,101.82394409179688,81.25486755371094,11.100000381469727,22.603408813476562,129.75155639648438,439.4139099121094
2021-09-02,,1085.3499755859375,21.709999084472656,66.84184265136719,72.1741714477539,248.56056213378906,50.7509651184082,23.46048355102539,97.09984588623047,77.21292877197266,101.88189697265625,81.44122314453125,11.649999618530273,22.944589614868164,129.9461212158203,436.89190673828125
2021-09-03,,1081.3499755859375,20.6299991607666,67.5504150390625,72.26224517822266,249.39186096191406,50.727718353271484,23.167753219604492,97.5165786743164,77.36338806152344,101.7659912109375,82.1334457397461,12.199999809265137,22.987239837646484,130.1892547607422,437.97271728515625
2021-09-06,,1112.75,19.600000381469727,68.22234344482422,72.6585693359375,251.0544891357422,50.49523162841797,22.875017166137695,97.05817413330078,77.2430191040039,100.92539978027344,81.33473205566406,12.25,22.944589614868164,128.58438110351562,431.30743408203125
2021-09-07,,1110.050048828125,18.6200008392334,67.912841796875,72.13013458251953,249.00067138671875,49.84428405761719,22.833194732666016,96.55809783935547,76.76156616210938,100.28773498535156,80.32304382324219,12.050000190734863,22.773998260498047,126.4931869506836,424.8673400878906
2021-09-08,,1158.300048828125,19.549999237060547,67.59520721435547,72.1741714477539,260.10107421875,50.86720657348633,23.00047492980957,97.71473693847656,79.55999755859375,101.96903991699219,83.8906021118164,12.649999618530273,22.688703536987305,129.60565185546875,434.6401062011719
2021-09-09,,1215.949951171875,20.510000228881836,67.49748229980469,72.30628204345703,273.0596618652344,51.494911193847656,22.916833877563477,98.14313507080078,81.36544799804688,102.35249328613281,83.75748443603516,13.25,22.859296798706055,129.11932373046875,430.04644775390625
2021-09-13,,1185.199951171875,20.110000610351562,68.27120971679688,73.36312866210938,286.70281982421875,53.42451477050781,23.0841121673584,98.52867889404297,83.47181701660156,102.58845520019531,84.1568374633789,13.899999618530273,22.987239837646484,127.46582794189453,433.0188293457031
2021-09-14,,1149.4000244140625,19.84000015258789,71.74075317382812,73.8475112915039,301.0306091308594,53.72674560546875,23.0841121673584,99.29975891113281,83.20098114013672,102.70643615722656,83.83737182617188,13.850000381469727,23.243127822875977,129.36251831054688,434.369873046875
2021-09-15,,1126.949951171875,19.899999618530273,71.70004272460938,75.8950424194336,303.13336181640625,54.91240692138672,23.376846313476562,106.41094970703125,82.71952819824219,104.94817352294922,85.8873519897461,14.5,23.413719177246094,136.21969604492188,440.3596496582031
2021-09-16,,1169.6500244140625,19.709999084472656,71.83849334716797,75.8950424194336,304.5025939941406,54.35444641113281,23.80034065246582,106.23961639404297,82.05752563476562,105.86256408691406,84.11676025390625,14.050000190734863,23.499013900756836,136.4142303466797,445.85400390625
2021-09-17,,1153.25,20.09000015258789,75.09221649169922,74.8485336303711,316.3365173339844,55.772586822509766,23.461544036865234,106.0254135131836,83.23108673095703,105.47909545898438,84.5203857421875,13.75,23.200477600097656,134.1284942626953,434.0546875
2021-09-20,,1131.1500244140625,19.09000015258789,75.70304870605469,74.0295181274414,323.5248107910156,53.261775970458984,23.673290252685547,105.12579345703125,80.31227111816406,104.417236328125,81.42588806152344,13.399999618530273,23.243127822875977,130.62693786621094,436.396484375
2021-09-21,,1120.699951171875,18.90999984741211,72.36381530761719,72.71000671386719,330.56646728515625,53.238529205322266,23.249797821044922,106.32528686523438,80.28218841552734,103.7683334350586,81.74879455566406,13.100000381469727,23.329692840576172,132.1345672607422,442.25115966796875
2021-09-22,,1141.550048828125,19.18000030517578,70.00190734863281,73.21050262451172,332.2290954589844,54.28470230102539,23.12274742126465,106.58230590820312,81.24508666992188,104.26976013183594,82.12551879882812,13.399999618530273,23.243127822875977,134.07986450195312,444.0075378417969
2021-09-23,,1149.199951171875,19.40999984741211,70.16480255126953,73.48351287841797,343.1827697753906,54.72641372680664,23.503890991210938,108.12450408935547,83.20098114013672,105.15465545654297,83.63240814208984,13.550000190734863,23.372976303100586,139.72120666503906,445.9891052246094
2021-09-24,,1151.800048828125,19.170000076293945,68.49517822265625,73.57451629638672,342.3514404296875,53.56400680541992,23.673290252685547,106.45379638671875,81.33535766601562,103.91580963134766,82.12551879882812,13.100000381469727,23.286409378051758,135.29568481445312,449.0515441894531
2021-09-27,,1153.449951171875,19.399999618530273,67.15132904052734,73.89301300048828,342.3514404296875,53.42451477050781,23.503890991210938,108.681396484375,81.69644927978516,103.82730102539062,81.58734130859375,13.0,23.719242095947266,134.9552459716797,445.763916015625
2021-09-28,,1144.5,19.200000762939453,67.02916717529297,74.2115249633789,358.7330627441406,54.191707611083984,23.969736099243164,113.05093383789062,86.11980438232422,108.51720428466797,85.73129272460938,12.899999618530273,23.546110153198242,136.21969604492188,453.2849426269531
2021-09-29,,1138.6500244140625,19.65999984741211,70.57202911376953,77.76057434082031,376.5816955566406,55.935333251953125,24.816722869873047,120.50485229492188,86.81189727783203,115.06546020507812,87.37271881103516,13.5,24.5416259765625,147.4538116455078,465.12933349609375
2021-09-30,,1146.5999755859375,19.420000076293945,74.56282806396484,78.35208129882812,381.3250427246094,56.77226638793945,25.28256607055664,121.53297424316406,85.51798248291016,112.02731323242188,84.95093536376953,13.649999618530273,24.368492126464844,154.40826416015625,454.90618896484375
2021-10-01,,1151.050048828125,19.389999389648438,74.4406509399414,77.85157775878906,376.7283935546875,55.86558532714844,24.64732551574707,119.86224365234375,84.1939697265625,113.17765808105469,84.00912475585938,13.600000381469727,24.584909439086914,159.27149963378906,451.6185607910156
2021-10-04,,1176.0999755859375,20.350000381469727,75.0514907836914,77.85157775878906,370.81146240234375,57.65569305419922,25.155515670776367,124.7030029296875,85.36753845214844,113.05967712402344,85.48908996582031,13.699999809265137,24.628192901611328,163.98886108398438,452.699462890625
2021-10-05,,1222.199951171875,21.299999237060547,75.7437744140625,81.12761688232422,380.20037841796875,57.981170654296875,25.49431037902832,124.57450866699219,85.72862243652344,112.0567855834961,86.99601745605469,13.5,24.325206756591797,174.49346923828125,464.0034484863281
2021-10-06,,1214.5999755859375,20.309999465942383,74.4406509399414,83.44815063476562,372.2784729003906,57.02799987792969,25.621360778808594,122.77528381347656,84.10372161865234,110.67048645019531,84.65493774414062,14.149999618530273,24.2386417388916,171.13783264160156,455.4916687011719
2021-10-07,,1205.6500244140625,20.389999389648438,72.6895980834961,86.67869567871094,370.81146240234375,57.53945541381836,25.875457763671875,122.34689331054688,84.88607788085938,111.08345794677734,85.11238098144531,14.850000381469727,24.325206756591797,172.8885955810547,459.40972900390625
2021-10-08,,1176.550048828125,20.31999969482422,72.24164581298828,84.5401611328125,373.3543395996094,57.190731048583984,25.917804718017578,120.89041137695312,84.13380432128906,110.72945404052734,84.89713287353516,15.550000190734863,24.195358276367188,172.01321411132812,453.9604187011719
2021-10-11,,1162.0999755859375,20.3700008392334,73.34115600585938,86.81520080566406,380.49371337890625,57.213985443115234,25.875457763671875,124.06044006347656,85.4878921508789,114.12155151367188,85.67745971679688,16.299999237060547,24.411775588989258,186.26254272460938,485.75567626953125
2021-10-12,,1208.3499755859375,20.329999923706055,73.50403594970703,86.26919555664062,371.49609375,58.353145599365234,25.49431037902832,123.84624481201172,85.4277114868164,114.06253814697266,85.91963958740234,17.100000381469727,24.455060958862305,190.4449462890625,469.1825256347656
2021-10-13,,1193.5,21.34000015258789,74.4406509399414,88.31672668457031,390.029296875,57.167484283447266,24.816722869873047,125.38841247558594,85.87908172607422,117.6316146850586,86.1080093383789,16.950000762939453,24.411775588989258,218.06822204589844,467.6963195800781
2021-10-14,,1206.550048828125,22.399999618530273,76.35462188720703,87.58871459960938,385.3348693847656,57.65569305419922,26.171899795532227,128.00160217285156,89.64042663574219,120.72875213623047,88.6643295288086,16.149999618530273,24.5416259765625,216.51199340820312,464.2286376953125
2021-10-18,,1203.6500244140625,24.639999389648438,80.10107421875,90.81925964355469,383.232177734375,59.09709167480469,30.068044662475586,128.13011169433594,90.75377655029297,120.22731018066406,88.85270690917969,16.950000762939453,28.17742347717285,250.262939453125,469.5427551269531
2021-10-19,,1181.3499755859375,24.969999313354492,78.22785186767578,85.95068359375,370.8603820800781,56.98149871826172,28.83991241455078,128.2157745361328,86.75169372558594,117.18917083740234,84.70875549316406,16.149999618530273,26.878921508789062,223.4664306640625,460.35552978515625
2021-10-20,,1179.1500244140625,24.18000030517578,76.0288314819336,83.90315246582031,367.9263916015625,56.144561767578125,27.357685089111328,125.30274963378906,84.52498626708984,114.65248107910156,82.66370391845703,15.350000381469727,25.969974517822266,224.05001831054688,448.8263244628906
2021-10-21,,1198.949951171875,24.639999389648438,77.04688262939453,82.03762817382812,362.7918395996094,55.16813659667969,26.341299057006836,126.7164535522461,85.45779418945312,114.47551727294922,83.20185852050781,15.850000381469727,25.277437210083008,219.96487426757812,446.84478759765625
2021-10-22,,1202.1500244140625,23.40999984741211,75.7437744140625,79.76260375976562,372.4740905761719,54.37769317626953,27.4423828125,124.14611053466797,82.50890350341797,114.71148681640625,81.23753356933594,15.300000190734863,25.190874099731445,215.9283905029297,447.7455139160156
2021-10-25,,1202.4000244140625,22.239999771118164,74.03343200683594,80.03560638427734,365.6280212402344,53.30827713012695,27.4423828125,123.28934478759766,82.11772155761719,113.64960479736328,79.94590759277344,14.899999618530273,24.887893676757812,207.7581329345703,445.0433349609375
2021-10-26,,1179.949951171875,22.440000534057617,74.88860321044922,80.44512176513672,361.6181945800781,52.936302185058594,26.68009376525879,122.68961334228516,82.56908416748047,112.32228088378906,81.64115142822266,15.600000381469727,24.931175231933594,219.13815307617188,449.5920104980469
2021-10-27,,1206.0999755859375,21.75,73.42259216308594,79.76260375976562,358.48858642578125,53.28502655029297,26.764795303344727,121.0617446899414,84.22406005859375,112.23377227783203,84.0360336303711,15.550000190734863,25.10430908203125,218.1168670654297,450.0873718261719
2021-10-28,,1147.1500244140625,20.690000534057617,72.6895980834961,79.53509521484375,340.5910339355469,52.40159225463867,26.341299057006836,117.67750549316406,80.76363372802734,109.66761779785156,80.75316619873047,14.800000190734863,24.67147445678711,212.03778076171875,440.2695617675781
2021-10-29,,1152.8499755859375,20.100000381469727,71.01996612548828,78.71607971191406,340.98223876953125,53.401268005371094,26.002506256103516,113.65068054199219,80.10163116455078,109.1661605834961,79.99971771240234,14.100000381469727,24.5416259765625,208.43898010253906,450.31256103515625
2021-11-01,,1172.3499755859375,20.56999969482422,71.83441925048828,79.4896011352539,334.7229919433594,55.23788070678711,27.061237335205078,115.0643539428711,81.33535766601562,110.75897216796875,80.83391571044922,14.0,24.758041381835938,216.85240173339844,453.7802734375
2021-11-02,,1174.25,20.81999969482422,72.60814666748047,80.26310729980469,329.2950744628906,53.21527862548828,26.764795303344727,117.0777587890625,81.66634368896484,109.4316177368164,81.37206268310547,14.699999809265137,24.758041381835938,222.25062561035156,470.2183532714844
2021-11-03,,1204.5,20.649999618530273,72.24164581298828,80.03560638427734,323.8182067871094,52.936302185058594,25.748411178588867,117.16344451904297,81.72653198242188,108.51720428466797,82.233154296875,14.199999809265137,24.80132484436035,222.5424041748047,461.48138427734375
2021-11-04,,1200.4000244140625,21.079999923706055,74.60354614257812,80.80912780761719,325.1874084472656,53.471012115478516,26.214256286621094,117.50614929199219,82.47882080078125,109.1661605834961,82.50222778320312,14.300000190734863,25.450572967529297,225.02267456054688,464.3636779785156
2021-11-08,,1226.0,20.899999618530273,74.84788513183594,80.4906005859375,310.32171630859375,56.35379409790039,27.061237335205078,120.20498657226562,84.46479797363281,111.5848617553711,83.25568389892578,14.100000381469727,25.883407592773438,228.13516235351562,477.0638732910156
2021-11-09,,1230.800048828125,21.940000534057617,74.35922241210938,81.26412200927734,311.15301513671875,55.28437805175781,27.611780166625977,118.66278839111328,83.68243408203125,110.05106353759766,82.20623016357422,14.149999618530273,26.48937225341797,235.2841339111328,477.1988830566406
2021-11-10,,1228.8499755859375,22.030000686645508,74.39994049072266,80.4906005859375,312.5711364746094,56.33054733276367,27.31533432006836,117.7203369140625,84.40461730957031,108.78270721435547,82.85205841064453,14.0,26.18638801574707,230.5181427001953,485.21527099609375
2021-11-11,,1230.800048828125,21.6200008392334,74.48137664794922,79.3075942993164,326.21429443359375,56.028316497802734,27.145936965942383,117.0777587890625,83.95325469970703,107.45537567138672,81.94940185546875,13.800000190734863,25.883407592773438,233.19293212890625,482.15283203125
2021-11-12,,1292.300048828125,21.690000534057617,73.78910064697266,80.08110809326172,315.50518798828125,56.37704086303711,27.357685089111328,116.9063949584961,83.11073303222656,107.36687469482422,79.67912292480469,13.949999809265137,25.71027183532715,233.2902069091797,485.75567626953125
2021-11-15,,1305.050048828125,21.43000030517578,73.78910064697266,79.21659851074219,315.21173095703125,55.84233093261719,26.934188842773438,117.50614929199219,81.27518463134766,111.08345794677734,77.73705291748047,13.75,24.887893676757812,235.04095458984375,491.2950439453125
2021-11-16,,1314.3499755859375,21.350000381469727,73.25970458984375,78.67058563232422,315.3095397949219,55.81908416748047,28.712862014770508,115.0643539428711,80.07154846191406,110.67048645019531,76.58821868896484,13.899999618530273,25.32072639465332,237.81301879882812,488.9081726074219
2021-11-17,,1313.5,20.860000610351562,72.56742095947266,77.66957092285156,303.9646911621094,54.98215103149414,28.07762336730957,116.9063949584961,79.349365234375,112.70574951171875,75.71293640136719,13.899999618530273,24.80132484436035,243.06532287597656,486.92657470703125
2021-11-18,,1345.75,20.579999923706055,71.7122573852539,76.57755279541016,288.8055114746094,54.540435791015625,27.611780166625977,115.9211196899414,77.9050064086914,113.56112670898438,74.53675842285156,13.5,24.67147445678711,230.61541748046875,474.2715759277344
2021-11-22,,1340.949951171875,20.190000534057617,68.00651550292969,75.12153625488281,287.8275451660156,52.07611846923828,26.55304527282715,111.50872802734375,75.85884857177734,114.56399536132812,72.9776382446289,12.850000381469727,24.195358276367188,221.42385864257812,461.211181640625
2021-11-23,,1407.050048828125,21.190000534057617,73.34115600585938,76.12255096435547,301.07952880859375,52.866554260253906,26.764795303344727,114.37893676757812,76.1296615600586,119.07694244384766,73.88029479980469,13.449999809265137,24.498340606689453,230.46949768066406,482.2879333496094
2021-11-24,,1391.3499755859375,21.18000030517578,74.19631958007812,76.53205871582031,301.0306091308594,52.72706985473633,26.468347549438477,115.9639663696289,76.19105529785156,119.93236541748047,73.66146087646484,13.600000381469727,24.67147445678711,232.0257568359375,495.84375
2021-11-25,,1405.050048828125,21.010000228881836,74.39994049072266,76.53205871582031,310.0282897949219,53.21527862548828,26.341299057006836,115.83541870117188,75.97616577148438,120.49275970458984,73.14175415039062,14.25,24.931175231933594,236.15953063964844,497.690185546875
2021-11-26,,1372.550048828125,20.25,72.24164581298828,74.48452758789062,295.2603759765625,50.402244567871094,25.960155487060547,110.39495086669922,73.09060668945312,119.16542053222656,71.14498138427734,13.550000190734863,24.325206756591797,221.132080078125,484.6748352050781
2021-11-29,,1352.75,19.68000030517578,70.04264068603516,73.84752655029297,283.8666076660156,49.49555206298828,25.663707733154297,108.38153076171875,71.49434661865234,118.1330795288086,70.51588439941406,12.899999618530273,23.849088668823242,212.67001342773438,480.62158203125
2021-11-30,,1295.4000244140625,19.8700008392334,71.2643051147461,73.21050262451172,280.98150634765625,50.61147689819336,26.341299057006836,109.02411651611328,71.4022445678711,121.96759796142578,73.60675811767578,12.899999618530273,24.10879135131836,210.87060546875,496.47418212890625
2021-12-01,,1328.5999755859375,20.25,70.73490905761719,73.75652313232422,295.015869140625,50.16975784301758,26.72244644165039,109.40965270996094,73.36689758300781,122.23306274414062,73.55206298828125,12.649999618530273,24.2386417388916,219.04086303710938,495.7536926269531
2021-12-02,,1341.5999755859375,20.350000381469727,71.75297546386719,74.3935317993164,309.6860046386719,50.96019744873047,27.31533432006836,110.26641845703125,74.62548828125,126.53952026367188,73.57941436767578,13.050000190734863,24.152074813842773,220.20806884765625,506.24688720703125
2021-12-03,,1389.6500244140625,20.15999984741211,72.60814666748047,74.3935317993164,315.99420166015625,51.308921813964844,27.569429397583008,108.80992126464844,74.41059112548828,121.5841293334961,72.51264953613281,12.600000381469727,24.411775588989258,219.429931640625,509.1743469238281
2021-12-06,,1378.699951171875,19.899999618530273,72.48597717285156,72.98300170898438,303.8668518066406,51.75064468383789,28.28937530517578,106.53948211669922,74.01154327392578,119.16542053222656,72.6494140625,12.350000381469727,24.455060958862305,214.80982971191406,499.6266174316406
2021-12-07,,1389.699951171875,20.06999969482422,70.8570785522461,72.75550842285156,300.2482604980469,51.09968948364258,28.41641616821289,107.396240234375,75.30084228515625,121.40715789794922,73.60675811767578,12.699999809265137,24.498340606689453,220.25668334960938,527.7290649414062
2021-12-08,,1390.5,20.790000915527344,71.67152404785156,73.25601196289062,301.1773681640625,52.192359924316406,28.54346466064453,109.02411651611328,75.69988250732422,120.81722259521484,74.48206329345703,12.75,24.67147445678711,223.12599182128906,524.8916625976562
2021-12-09,,1390.0999755859375,20.709999084472656,72.0787582397461,74.80303955078125,289.00115966796875,52.26210403442383,27.86587905883789,107.9959945678711,76.43663024902344,119.87335205078125,74.81027221679688,13.350000381469727,24.67147445678711,221.4724884033203,520.478271484375
2021-12-10,,1388.9000244140625,20.809999465942383,71.4679183959961,76.21354675292969,292.7665100097656,52.192359924316406,27.188283920288086,108.08167266845703,75.60779571533203,119.54889678955078,74.53675842285156,14.0,24.758041381835938,221.76429748535156,522.14453125
2021-12-13,,1385.949951171875,20.75,72.3230972290039,75.48553466796875,293.646728515625,54.6799201965332,26.97654151916504,107.78179931640625,75.66919708251953,120.58128356933594,74.89234161376953,13.800000190734863,25.14759063720703,223.95274353027344,519.3073120117188
2021-12-14,,1436.3499755859375,20.670000076293945,73.66692352294922,75.2125473022461,289.00115966796875,55.16813659667969,26.80714225769043,108.25302124023438,76.03756713867188,125.21221160888672,74.86498260498047,13.949999809265137,25.10430908203125,222.7855987548828,524.2612915039062
2021-12-15,,1439.25,20.440000534057617,72.3230972290039,75.03053283691406,284.69793701171875,54.168460845947266,26.214256286621094,108.55289459228516,75.11664581298828,123.79634857177734,73.88029479980469,13.800000190734863,24.844608306884766,221.61839294433594,539.1681518554688
2021-12-16,,1402.25,20.260000228881836,72.3230972290039,73.80201721191406,288.16986083984375,54.075469970703125,26.171899795532227,109.15262603759766,74.25711059570312,122.82298278808594,73.19647216796875,13.5,24.931175231933594,215.83111572265625,502.05859375
2021-12-17,,1413.25,20.020000457763672,68.78023529052734,72.71000671386719,280.49249267578125,51.28567886352539,26.59539794921875,107.5676040649414,73.1520004272461,123.85535430908203,71.82881164550781,13.149999618530273,24.584909439086914,209.89796447753906,490.3943786621094
2021-12-20,,1369.5,19.420000076293945,66.1332778930664,70.25296783447266,277.3139953613281,49.867530822753906,24.90142059326172,104.31185913085938,70.60411071777344,123.79634857177734,69.17559051513672,12.5,23.805810928344727,203.38121032714844,483.9992370605469
2021-12-21,,1383.1500244140625,19.770000457763672,68.82095336914062,71.34497833251953,286.2138366699219,49.402565002441406,26.214256286621094,104.69740295410156,71.24874877929688,121.87910461425781,69.58587646484375,12.600000381469727,24.10879135131836,206.1046142578125,483.4588317871094
2021-12-22,,1403.0999755859375,19.93000030517578,69.55397033691406,72.25499725341797,290.1258544921875,50.2859992980957,26.256601333618164,104.99728393554688,71.86270904541016,123.06981658935547,70.68000793457031,13.199999809265137,24.498340606689453,212.03778076171875,481.9726867675781
2021-12-23,,1422.050048828125,19.860000610351562,70.73490905761719,72.57350158691406,290.6148681640625,51.44841003417969,26.171899795532227,106.71083068847656,73.91944122314453,127.22200012207031,72.51264953613281,13.0,24.584909439086914,212.08642578125,488.36785888671875
2021-12-24,,1385.4000244140625,19.729999542236328,69.43179321289062,71.48148345947266,295.70050048828125,51.75064468383789,25.706058502197266,103.88347625732422,72.4766616821289,125.42070007324219,71.8835220336914,12.75,24.67147445678711,210.87060546875,480.4414978027344
2021-12-27,,1375.5,19.889999389648438,70.00190734863281,71.66349029541016,304.5025939941406,51.634403228759766,25.451963424682617,104.39755249023438,73.18270111083984,125.84809112548828,71.992919921875,12.899999618530273,24.887893676757812,211.40557861328125,484.584716796875
2021-12-28,,1398.800048828125,20.200000762939453,70.93852233886719,72.89200592041016,302.937744140625,51.86688232421875,26.171899795532227,106.32528686523438,73.76594543457031,125.54277801513672,72.32115173339844,13.5,25.277437210083008,215.5393524169922,490.8446350097656
2021-12-29,,1392.6500244140625,19.969999313354492,71.54936218261719,73.62001037597656,299.3191223144531,52.169105529785156,25.960155487060547,105.5113525390625,73.2748031616211,124.93215942382812,72.18441772460938,13.449999809265137,25.666990280151367,213.4481201171875,487.1968994140625
2021-12-30,,1311.050048828125,19.889999389648438,70.08335876464844,73.80201721191406,292.7665100097656,51.28567886352539,26.468347549438477,108.7242431640625,72.44596862792969,125.39014434814453,71.6920394897461,13.100000381469727,26.01325798034668,212.37823486328125,494.5376892089844
2021-12-31,,1330.25,19.940000534057617,71.2643051147461,75.12153625488281,293.8912048339844,51.2159309387207,26.214256286621094,106.58230590820312,73.52039337158203,124.81007385253906,73.19647216796875,13.600000381469727,26.532655715942383,214.9071044921875,498.5909118652344
2022-01-03,,1346.9000244140625,20.260000228881836,71.99730682373047,75.48553466796875,292.4242248535156,52.58757781982422,26.42599868774414,107.9531478881836,75.39291381835938,125.17642974853516,74.01705169677734,14.25,26.792360305786133,217.2900848388672,499.9869384765625
2022-01-04,,1366.699951171875,20.110000610351562,72.89320373535156,75.34904479980469,296.5318298339844,51.611148834228516,26.55304527282715,113.86485290527344,75.73059844970703,128.5958709716797,74.5093994140625,13.899999618530273,26.316238403320312,220.1107940673828,513.9480590820312
2022-01-05,,1399.6500244140625,19.969999313354492,72.97464752197266,75.2125473022461,289.392333984375,54.168460845947266,26.68009376525879,113.09378051757812,76.00685119628906,127.40516662597656,74.64617156982422,13.850000381469727,25.926692962646484,217.38735961914062,509.9849548339844
2022-01-06,,1409.800048828125,19.969999313354492,73.78910064697266,76.3045425415039,293.1576843261719,53.56400680541992,27.145936965942383,112.15133666992188,76.22174072265625,125.7564926147461,74.86498260498047,14.300000190734863,26.359525680541992,222.2019805908203,511.966552734375
2022-01-07,,1423.0999755859375,20.040000915527344,73.74838256835938,76.66856384277344,300.6883544921875,54.35444641113281,26.42599868774414,112.53688049316406,76.00685119628906,125.29856872558594,74.61881256103516,14.149999618530273,26.143104553222656,223.5150604248047,517.7310180664062
2022-01-10,,1438.9000244140625,21.739999771118164,73.25970458984375,78.3975830078125,310.4195251464844,54.91240692138672,26.72244644165039,112.96525573730469,77.26544952392578,124.56581115722656,76.64292907714844,14.850000381469727,27.52817153930664,225.41171264648438,517.8212280273438
2022-01-11,,1567.949951171875,21.709999084472656,74.80715942382812,77.71508026123047,307.1431884765625,54.168460845947266,26.2989501953125,113.35082244873047,77.17337036132812,124.47421264648438,75.49411010742188,14.300000190734863,27.355039596557617,226.7248077392578,523.2705688476562
2022-01-12,,1647.550048828125,23.8799991607666,75.70304870605469,78.26107788085938,304.11138916015625,54.307952880859375,26.68009376525879,114.67879486083984,77.2347640991211,125.1458969116211,76.12323760986328,14.350000381469727,27.52817153930664,231.24765014648438,516.0196533203125
2022-01-13,,1661.800048828125,23.290000915527344,75.13294219970703,77.44207000732422,301.76416015625,53.401268005371094,26.8494930267334,115.6212387084961,78.18638610839844,127.00827026367188,76.61557006835938,14.25,27.138622283935547,238.5911407470703,520.9736328125
2022-01-14,,1697.949951171875,23.43000030517578,75.37727355957031,83.31166076660156,300.8350524902344,54.35444641113281,26.42599868774414,115.9639663696289,78.12499237060547,126.85562896728516,76.15057373046875,14.949999809265137,27.095338821411133,237.71575927734375,521.37890625
2022-01-17,,1835.300048828125,23.209999084472656,75.86595153808594,84.76766967773438,305.6761779785156,56.91175079345703,26.637744903564453,117.03492736816406,77.94080352783203,126.0007553100586,76.47880554199219,15.649999618530273,27.181903839111328,241.07139587402344,522.234619140625
2022-01-18,,1900.0999755859375,21.950000762939453,74.52210235595703,84.08515930175781,297.02081298828125,56.42354202270508,26.510698318481445,115.6640853881836,76.16036224365234,125.26801300048828,74.61881256103516,16.100000381469727,26.835641860961914,232.5607147216797,509.3543395996094
2022-01-19,,1938.449951171875,22.780000686645508,74.64427185058594,85.04066467285156,306.8987121582031,57.190731048583984,26.341299057006836,115.49272155761719,76.43663024902344,124.96272277832031,75.41205596923828,15.850000381469727,26.792360305786133,241.70362854003906,507.73309326171875
2022-01-20,,1966.699951171875,22.75,74.07415771484375,84.26715850830078,310.3706359863281,56.67927169799805,25.960155487060547,115.57840728759766,76.74359130859375,131.06890869140625,75.52147674560547,16.549999237060547,26.749073028564453,241.8495330810547,516.3800048828125
2022-01-21,,1934.550048828125,21.989999771118164,73.9926986694336,80.90011596679688,302.05755615234375,54.70317077636719,25.79075813293457,114.89300537109375,74.19571685791016,131.34368896484375,72.70410919189453,16.049999237060547,26.316238403320312,235.332763671875,495.8887634277344
2022-01-24,,1837.8499755859375,20.559999465942383,72.83590698242188,77.35106658935547,294.5758056640625,52.564334869384766,25.240215301513672,113.60784149169922,72.1082763671875,130.6719970703125,70.70735168457031,15.25,25.407289505004883,223.27191162109375,483.593994140625
2022-01-25,,1929.0,21.43000030517578,75.27804565429688,77.30557250976562,297.7543029785156,53.029296875,25.324913024902344,115.9211196899414,72.59944915771484,133.6334686279297,71.96558380126953,14.75,25.969974517822266,232.26890563964844,487.24188232421875
2022-01-27,,1910.25,21.1299991607666,71.93616485595703,77.39657592773438,292.2774963378906,55.447113037109375,25.367265701293945,115.6640853881836,73.02922821044922,131.1909942626953,73.52468872070312,14.800000190734863,25.883407592773438,234.4573974609375,482.9635009765625
2022-01-28,,1938.4000244140625,21.149999618530273,72.4931411743164,79.85359954833984,289.050048828125,59.469058990478516,25.19786834716797,120.07646942138672,73.1520004272461,128.3516387939453,73.96234893798828,15.199999809265137,26.01325798034668,237.37533569335938,488.1876220703125
2022-01-31,,1877.8499755859375,21.25,72.5788345336914,79.6260986328125,299.7103271484375,61.398677825927734,25.409610748291016,121.70433044433594,74.71757507324219,131.52684020996094,75.84970092773438,14.800000190734863,26.532655715942383,239.32064819335938,491.52032470703125
2022-02-01,,1904.0,21.600000381469727,72.27891540527344,80.53611755371094,300.98175048828125,61.00345230102539,25.324913024902344,120.93321228027344,74.9017562866211,130.0308074951172,76.342041015625,15.5,26.575939178466797,243.01670837402344,490.03399658203125
2022-02-02,,1916.300048828125,21.670000076293945,72.92158508300781,82.03762817382812,296.67852783203125,62.514583587646484,25.367265701293945,120.93321228027344,75.54639434814453,130.6719970703125,77.70970153808594,16.049999237060547,26.792360305786133,243.74618530273438,492.0606994628906
2022-02-03,,1912.550048828125,21.520000457763672,72.32177734375,81.62812805175781,294.9670104980469,61.32891845703125,25.367265701293945,120.49235534667969,74.84037780761719,129.02334594726562,76.9164810180664,16.850000381469727,27.225191116333008,245.93466186523438,486.25103759765625
2022-02-04,,1950.3499755859375,21.709999084472656,71.12212371826172,79.53509521484375,291.20172119140625,61.096431732177734,25.324913024902344,118.33203125,73.61248016357422,128.0463104248047,76.9164810180664,17.649999618530273,27.05205535888672,247.3936309814453,522.72998046875
2022-02-07,,2024.6500244140625,22.34000015258789,71.25065612792969,79.08009338378906,297.4120178222656,63.37477111816406,25.367265701293945,119.16970825195312,73.67384338378906,130.4582977294922,75.05648040771484,18.5,27.095338821411133,244.9133758544922,472.06475830078125
2022-02-08,,1928.0,21.6299991607666,71.33634948730469,74.12052154541016,301.47076416015625,62.16585922241211,25.028470993041992,119.03744506835938,72.5073471069336,128.2600555419922,74.01705169677734,17.600000381469727,26.70578956604004,228.4269561767578,459.454833984375
2022-02-09,,1919.800048828125,21.520000457763672,72.1932373046875,74.2115249633789,302.79107666015625,65.67634582519531,25.19786834716797,119.0815200805664,73.85803985595703,127.83258819580078,75.68558502197266,17.0,27.05205535888672,231.4907989501953,461.48138427734375
2022-02-10,,1907.949951171875,24.549999237060547,71.72193908691406,74.66653442382812,317.9012756347656,64.6534194946289,25.070819854736328,120.31600189208984,75.60779571533203,129.48129272460938,77.05323028564453,16.149999618530273,27.484886169433594,234.70054626464844,464.0943908691406
2022-02-11,,1907.5999755859375,25.0,71.6791000366211,72.89200592041016,333.79388427734375,63.35152816772461,24.816722869873047,120.9332275390625,74.47200775146484,126.88615417480469,76.01383209228516,15.949999809265137,26.619220733642578,225.9467010498047,454.1927185058594
2022-02-14,,1862.1500244140625,22.670000076293945,69.36548614501953,69.84346771240234,317.2167053222656,58.51588439941406,24.94377326965332,116.83306121826172,71.95481872558594,123.25298309326172,73.16911315917969,15.199999809265137,25.71027183532715,214.46942138671875,439.9361267089844
2022-02-15,,1889.5,23.59000015258789,69.49402618408203,71.8909912109375,321.56878662109375,59.67829513549805,25.28256607055664,119.34607696533203,73.52039337158203,124.22998809814453,74.11415100097656,14.550000190734863,26.01325798034668,224.09864807128906,442.1365051269531
2022-02-16,,1931.75,25.350000381469727,68.76566314697266,72.30049896240234,323.916015625,61.60791015625,25.409610748291016,117.45028686523438,74.042236328125,123.1944580078125,74.45780181884766,14.800000190734863,26.316238403320312,225.02267456054688,435.90216064453125
2022-02-17,,2047.5999755859375,26.399999618530273,67.78023529052734,71.79999542236328,330.4197692871094,60.515228271484375,25.367265701293945,117.05350494384766,73.05989837646484,123.63377380371094,72.65361785888672,14.149999618530273,26.359525680541992,221.52113342285156,439.34027099609375
2022-02-18,,2041.8499755859375,26.31999969482422,68.42290496826172,72.16399383544922,332.62030029296875,59.422569274902344,25.367265701293945,116.7007827758789,72.66084289550781,122.81792449951172,72.30997467041016,14.149999618530273,26.22966957092285,219.57582092285156,439.6152648925781
2022-02-21,,1955.9000244140625,24.030000686645508,67.18040466308594,69.06995391845703,331.88677978515625,56.818763732910156,25.451963424682617,116.34809112548828,72.75294494628906,124.35552215576172,71.88042449951172,13.600000381469727,26.094701766967773,218.84634399414062,437.91912841796875
2022-02-22,,1971.949951171875,24.110000610351562,65.08101654052734,67.52293395996094,320.444091796875,53.91272735595703,25.505096435546875,116.48035430908203,71.95481872558594,124.35552215576172,70.87809753417969,12.949999809265137,25.644792556762695,216.56060791015625,432.9225158691406
2022-02-23,,1987.3499755859375,25.110000610351562,65.25240325927734,67.84143829345703,329.6862487792969,57.02799987792969,25.018022537231445,114.80501556396484,72.72222900390625,124.2927474975586,71.56539154052734,13.550000190734863,25.734773635864258,215.15028381347656,434.8936462402344
2022-02-24,,1849.75,22.229999542236328,64.18128967285156,62.927364349365234,313.20684814453125,52.65732192993164,24.132429122924805,109.69081115722656,68.48600006103516,119.9310302734375,67.01203155517578,12.899999618530273,24.56500816345215,198.7124786376953,407.114013671875
2022-02-25,,1923.5,24.809999465942383,66.9661865234375,66.56741333007812,326.65447998046875,55.95857238769531,24.530946731567383,114.9372787475586,70.36766052246094,123.82205200195312,69.0452880859375,13.0,25.32985496520996,213.98309326171875,426.183837890625
2022-02-28,,1843.4000244140625,24.75,67.09471893310547,66.88593292236328,332.71807861328125,58.539127349853516,24.2652645111084,117.71481323242188,71.27604675292969,131.25892639160156,70.1907958984375,13.050000190734863,25.77976417541504,216.94967651367188,435.6729736328125
2022-03-02,,1882.550048828125,24.6200008392334,66.837646484375,67.158935546875,331.6911926269531,57.399959564208984,25.770776748657227,115.4663314819336,71.08138275146484,132.357177734375,69.99034118652344,13.149999618530273,26.094701766967773,219.23541259765625,439.6152648925781
2022-03-03,,1950.9000244140625,24.540000915527344,68.03730773925781,67.84143829345703,329.9307556152344,56.470035552978516,25.947895050048828,116.48035430908203,71.37335968017578,136.7188720703125,70.30535125732422,13.050000190734863,26.094701766967773,220.402587890625,440.02783203125
2022-03-04,,1894.300048828125,23.950000762939453,67.05187225341797,67.24993133544922,321.8133239746094,55.772586822509766,24.840900421142578,114.80501556396484,70.75696563720703,134.96165466308594,70.7635498046875,12.850000381469727,25.734773635864258,215.3934326171875,429.75946044921875
2022-03-07,,1803.75,23.290000915527344,67.009033203125,65.8849105834961,305.8228759765625,54.307952880859375,25.37225914001465,114.67274475097656,68.77798461914062,133.54959106445312,69.13121795654297,12.649999618530273,25.194881439208984,210.28701782226562,426.82562255859375
2022-03-08,,1783.949951171875,23.739999771118164,66.4948959350586,67.24993133544922,291.6418151855469,55.3541259765625,25.37225914001465,117.93524932861328,70.40009307861328,133.2671661376953,70.50581359863281,12.800000190734863,26.004718780517578,220.74301147460938,429.8052673339844
2022-03-09,,1828.75,24.260000228881836,67.4803237915039,69.70697021484375,306.214111328125,56.818763732910156,25.549379348754883,115.95130920410156,71.9897689819336,130.59994506835938,71.04993438720703,13.350000381469727,25.91473388671875,222.98011779785156,435.35205078125
2022-03-10,,1881.8499755859375,24.5,67.86592102050781,70.38946533203125,308.3656921386719,57.49296188354492,25.28369903564453,117.22984313964844,72.31421661376953,131.0706329345703,70.96400451660156,13.550000190734863,26.049711227416992,225.89804077148438,443.14501953125
2022-03-11,,1860.050048828125,24.360000610351562,66.4092025756836,71.75447845458984,306.6052551269531,58.07416534423828,25.195140838623047,116.34809112548828,72.96304321289062,133.3299102783203,71.99497985839844,14.199999809265137,25.8697452545166,226.7734375,440.8529968261719
2022-03-14,,1822.4000244140625,24.43000030517578,65.0381851196289,71.79999542236328,308.6101989746094,59.77129364013672,24.88518524169922,116.52444458007812,72.63861846923828,133.9261474609375,70.87809753417969,13.850000381469727,25.41983985900879,225.2172088623047,444.42852783203125
2022-03-15,,1798.75,24.459999084472656,64.99533081054688,70.16197204589844,302.30206298828125,57.65569305419922,24.929460525512695,115.55449676513672,71.92488861083984,131.57269287109375,69.90443420410156,13.449999809265137,25.104902267456055,221.18069458007812,437.5982666015625
2022-03-16,,1833.6500244140625,24.579999923706055,63.83852767944336,70.88998413085938,300.7861328125,57.60919952392578,25.062301635742188,117.05350494384766,72.96304321289062,131.3843994140625,70.67765045166016,14.100000381469727,24.96993064880371,224.14727783203125,445.666259765625
2022-03-17,,1901.199951171875,25.020000457763672,63.067325592041016,70.02546691894531,292.1307678222656,57.562705993652344,24.840900421142578,117.18575286865234,75.49357604980469,132.76515197753906,72.02361297607422,13.75,24.74497413635254,225.41171264648438,443.0074768066406
2022-03-21,,1876.050048828125,24.90999984741211,63.92422103881836,69.52496337890625,297.99884033203125,57.097740173339844,24.70806121826172,117.18575286865234,74.8447036743164,128.59164428710938,71.36494445800781,13.649999618530273,24.78996467590332,221.7156524658203,442.0907287597656
2022-03-22,,1877.449951171875,24.75,64.5240478515625,69.1154556274414,294.52691650390625,57.260475158691406,24.663785934448242,117.14167785644531,75.55845642089844,130.9764862060547,71.93769073486328,13.0,24.74497413635254,225.07130432128906,445.02447509765625
2022-03-23,,1921.4000244140625,26.040000915527344,64.43834686279297,68.79694366455078,291.5928649902344,64.51393127441406,24.30954933166504,117.67073059082031,75.26646423339844,131.85508728027344,72.33861541748047,12.850000381469727,24.74497413635254,227.89198303222656,444.0618591308594
2022-03-24,,1911.4000244140625,26.43000030517578,64.82395935058594,67.88693237304688,295.309326171875,63.74675750732422,24.2652645111084,119.39015197753906,75.4286880493164,132.2630157470703,71.65131378173828,13.0,24.520021438598633,232.94976806640625,453.27587890625
2022-03-25,,1921.25,28.639999389648438,66.36636352539062,67.61393737792969,289.9791564941406,65.09514617919922,24.132429122924805,118.8170166015625,74.58516693115234,131.57269287109375,71.16447448730469,13.0,24.56500816345215,234.74917602539062,445.5287780761719
2022-03-28,,1930.8499755859375,30.450000762939453,66.62342071533203,66.794921875,295.84722900390625,67.76869201660156,24.2652645111084,118.86109924316406,73.8390121459961,133.23577880859375,70.47715759277344,12.350000381469727,24.47503089904785,233.0470428466797,449.6544494628906
2022-03-29,,1923.300048828125,34.709999084472656,65.98075103759766,66.74942016601562,287.77862548828125,66.676025390625,24.220989227294922,118.46430206298828,72.83329010009766,132.6082305908203,70.30535125732422,12.949999809265137,24.520021438598633,232.5607147216797,449.7461242675781
2022-03-30,,1857.1500244140625,34.29999923706055,66.4092025756836,67.43193054199219,292.9132080078125,68.1639175415039,24.176706314086914,119.302001953125,73.22259521484375,136.24818420410156,70.7062759399414,13.550000190734863,24.56500816345215,235.089599609375,448.6918029785156
2022-03-31,,1914.699951171875,37.02000045776367,64.99533081054688,66.84042358398438,295.5538330078125,65.51361846923828,24.619504928588867,119.03744506835938,73.06037902832031,136.05992126464844,70.47715759277344,13.5,24.69998550415039,232.12301635742188,450.93798828125
2022-04-01,,1945.0999755859375,40.689998626708984,67.4803237915039,70.79898071289062,302.3998718261719,67.53620910644531,24.663785934448242,126.04742431640625,75.396240234375,141.2374725341797,72.65361785888672,14.149999618530273,25.149892807006836,238.73704528808594,460.7021789550781
2022-04-04,,2110.449951171875,42.38999938964844,67.60885620117188,75.2580337524414,317.5100402832031,67.60595703125,25.239421844482422,127.23780822753906,77.21299743652344,142.7122802734375,75.20237731933594,14.850000381469727,25.194881439208984,245.0592803955078,466.7073059082031
2022-04-05,,2189.800048828125,46.619998931884766,70.39376068115234,78.12458038330078,333.3537902832031,68.69862365722656,26.21357536315918,131.47023010253906,78.05651092529297,146.2581329345703,75.83240509033203,15.550000190734863,25.8697452545166,266.1171569824219,488.8485107421875
2022-04-06,,2197.39990234375,48.95000076293945,72.27891540527344,80.58161926269531,331.348876953125,69.8377914428711,26.21357536315918,134.90911865234375,79.09467315673828,148.5174102783203,76.4624252319336,16.299999237060547,25.91473388671875,281.8741149902344,495.9079895019531
2022-04-07,,2166.0,46.5099983215332,73.69279479980469,77.35106658935547,320.6885986328125,68.02442932128906,27.232004165649414,135.34999084472656,79.35420989990234,145.19122314453125,76.20470428466797,15.5,26.229671478271484,270.2022705078125,492.6533203125
2022-04-08,,2321.85009765625,44.189998626708984,73.60711669921875,78.98908996582031,335.2120056152344,68.86136627197266,27.054887771606445,134.07147216796875,79.06222534179688,145.97572326660156,76.63426208496094,15.600000381469727,26.004718780517578,270.49407958984375,497.4207763671875
2022-04-11,,2665.14990234375,46.31999969482422,72.23607635498047,80.03560638427734,351.88702392578125,70.0935287475586,28.338998794555664,134.99729919433594,78.34849548339844,144.9088134765625,76.6915512084961,15.699999809265137,26.094701766967773,275.16278076171875,513.510986328125
2022-04-12,,2792.39990234375,46.15999984741211,71.33634948730469,78.67058563232422,334.3318176269531,69.23333740234375,27.497684478759766,134.55641174316406,76.66149139404297,146.2895050048828,74.91600036621094,15.149999618530273,25.644792556762695,267.6247863769531,502.46331787109375
2022-04-13,,2864.300048828125,44.650001525878906,72.15038299560547,83.67565155029297,318.7325744628906,70.4887466430664,27.94048309326172,135.7467498779297,76.69393157958984,144.0302276611328,74.74419403076172,14.850000381469727,25.59980010986328,265.6308288574219,502.46331787109375
2022-04-18,,2970.5,46.880001068115234,73.73564910888672,91.86576080322266,334.62518310546875,70.55847930908203,29.313148498535156,143.9030303955078,77.21299743652344,145.03431701660156,74.91600036621094,14.399999618530273,26.049711227416992,250.84652709960938,523.0458984375
2022-04-19,,2911.949951171875,46.4900016784668,72.53600311279297,88.63522338867188,330.22418212890625,73.62725830078125,29.844505310058594,141.65457153320312,77.01835632324219,142.9946746826172,74.14279174804688,14.399999618530273,26.36464500427246,239.70970153808594,502.0506591796875
2022-04-20,,2810.85009765625,47.0099983215332,72.27891540527344,88.72622680664062,327.5835876464844,75.34762573242188,30.907222747802734,141.52230834960938,76.4992904663086,142.4612579345703,73.62732696533203,14.75,26.454626083374023,242.82215881347656,504.8470153808594
2022-04-21,,2811.5,49.36000061035156,72.10755157470703,93.64028930664062,332.62030029296875,74.09223175048828,31.925649642944336,143.46217346191406,77.21299743652344,142.61813354492188,74.45780181884766,15.149999618530273,26.454626083374023,251.7705535888672,511.2648010253906
2022-04-22,,2882.800048828125,51.81999969482422,72.15038299560547,89.95475006103516,336.1411437988281,75.41737365722656,31.482851028442383,141.4782257080078,77.11568450927734,141.48849487304688,73.59867858886719,14.949999809265137,26.54460906982422,246.17782592773438,496.54974365234375
2022-04-25,,2824.0,54.40999984741211,71.93616485595703,85.95068359375,322.40008544921875,75.30113220214844,30.021625518798828,137.64256286621094,75.20156860351562,139.8567657470703,72.16680908203125,14.550000190734863,26.049711227416992,240.58506774902344,492.3782653808594
2022-04-26,,2952.449951171875,57.130001068115234,71.85047149658203,88.2712173461914,338.4883117675781,72.95305633544922,29.933067321777344,138.4361572265625,77.18057250976562,145.34811401367188,73.4268569946289,14.5,26.004718780517578,242.04405212402344,501.45489501953125
2022-04-27,,2841.64990234375,59.84000015258789,72.0218505859375,86.8606948852539,334.7718811035156,76.6030502319336,29.136035919189453,137.24578857421875,77.01835632324219,143.90469360351562,72.76818084716797,14.399999618530273,25.689786911010742,240.58506774902344,499.437744140625
2022-04-28,,2912.199951171875,56.849998474121094,73.52142333984375,85.85968017578125,323.1335754394531,77.0215072631836,30.021625518798828,140.81689453125,77.08323669433594,147.8584747314453,73.02590942382812,13.949999809265137,25.77976417541504,241.46046447753906,502.4174499511719
2022-04-29,,2882.800048828125,56.06999969482422,73.39289093017578,85.54118347167969,310.66400146484375,76.7425308227539,29.40171241760254,137.73069763183594,76.40193176269531,142.9319610595703,72.73955535888672,14.25,25.644792556762695,235.72183227539062,488.8026428222656
2022-05-02,,2830.35009765625,56.06999969482422,72.23607635498047,83.72115325927734,298.2433166503906,79.55557250976562,29.623111724853516,138.8770294189453,75.8179931640625,145.31675720214844,72.45317840576172,14.199999809265137,25.734773635864258,241.70362854003906,492.05743408203125
2022-05-04,,2671.35009765625,53.27000045776367,71.72193908691406,83.63015747070312,302.30206298828125,79.20684814453125,28.73751449584961,139.89102172851562,73.87142944335938,149.1136474609375,70.7062759399414,13.550000190734863,25.2398738861084,238.25071716308594,484.8603210449219
2022-05-05,,2845.89990234375,55.630001068115234,72.15038299560547,82.67463684082031,300.15045166015625,78.95111083984375,28.693235397338867,139.67062377929688,73.44969177246094,146.69744873046875,70.62036895751953,13.399999618530273,25.149892807006836,240.73097229003906,479.49700927734375
2022-05-06,,2874.800048828125,58.40999984741211,71.55056762695312,80.58161926269531,294.7225036621094,74.37120056152344,29.8887882232666,140.19964599609375,73.15769958496094,149.61569213867188,70.1907958984375,13.100000381469727,25.5548095703125,238.49386596679688,452.4049377441406
2022-05-09,,2706.39990234375,56.31999969482422,70.60798645019531,79.6716079711914,279.6123046875,69.65180969238281,29.49026870727539,140.19964599609375,72.67108154296875,153.85186767578125,69.8471450805664,13.699999809265137,25.149892807006836,223.7095947265625,445.8496398925781
2022-05-10,,2486.699951171875,53.5099983215332,70.56513977050781,79.39859771728516,273.1085510253906,67.16423797607422,28.29471778869629,137.06939697265625,71.6329116821289,152.91050720214844,68.93074798583984,13.100000381469727,24.8349552154541,216.0742950439453,429.6219177246094
2022-05-11,,2648.050048828125,51.060001373291016,66.88050079345703,75.34904479980469,252.81488037109375,62.39834213256836,27.099164962768555,134.51231384277344,70.10812377929688,150.11776733398438,67.92842102050781,13.0,24.38504981994629,220.30531311035156,414.8152770996094
2022-05-12,,2436.800048828125,48.5099983215332,68.38005828857422,76.03154754638672,246.21334838867188,63.676998138427734,27.719083786010742,130.9853057861328,69.03752899169922,148.04672241210938,66.38199615478516,12.399999618530273,24.520021438598633,213.05908203125,402.3465270996094
2022-05-13,,2171.550048828125,50.93000030517578,67.30894470214844,76.66856384277344,241.71450805664062,63.235286712646484,27.58624267578125,127.10553741455078,68.32378387451172,148.2977752685547,65.29377746582031,12.5,24.610002517700195,216.70651245117188,395.74542236328125
2022-05-16,,2281.699951171875,53.470001220703125,67.30894470214844,77.03256225585938,247.38694763183594,72.23236083984375,28.206161499023438,130.7207489013672,68.58332824707031,147.607421875,66.1815185546875,11.899999618530273,24.56500816345215,220.402587890625,394.0951232910156
2022-05-17,,2285.800048828125,56.13999938964844,68.72281646728516,79.21659851074219,267.1916198730469,73.7667465209961,29.136035919189453,132.7047119140625,71.01651763916016,149.77259826660156,68.04296875,12.449999809265137,25.104902267456055,234.5546417236328,403.63006591796875
2022-05-18,,2396.10009765625,58.939998626708984,68.25152587890625,79.1255874633789,272.4728698730469,70.2330093383789,28.383277893066406,130.9412078857422,70.78941345214844,143.02609252929688,67.61341094970703,12.449999809265137,25.5548095703125,231.19900512695312,398.1749572753906
2022-05-19,,2317.5,59.47999954223633,68.33721160888672,77.71508026123047,261.1279602050781,82.34535217285156,28.117599487304688,130.5003204345703,70.0432357788086,143.277099609375,66.55382537841797,12.300000190734863,24.74497413635254,222.2019805908203,384.881103515625
2022-05-20,,2273.64990234375,62.45000076293945,67.73738861083984,79.53509521484375,286.8984680175781,95.29463958740234,28.338998794555664,131.91114807128906,70.62718963623047,143.74778747558594,67.44159698486328,12.850000381469727,25.104902267456055,226.87069702148438,393.9117736816406
2022-05-23,,2248.35009765625,65.56999969482422,67.05187225341797,79.4896011352539,303.573486328125,89.31983947753906,28.693235397338867,132.39610290527344,70.52986907958984,140.95504760742188,68.15753936767578,12.399999618530273,24.879945755004883,223.5150604248047,393.9117736816406
2022-05-24,,2136.300048828125,62.29999923706055,67.4374771118164,76.21354675292969,287.6319885253906,85.53036499023438,29.357431411743164,129.53038024902344,69.88101959228516,142.4612579345703,67.64204406738281,12.550000190734863,24.96993064880371,220.79165649414062,394.6910705566406
2022-05-25,,2187.35009765625,59.869998931884766,66.4520492553711,72.8010025024414,267.4849853515625,78.57913208007812,28.250438690185547,134.60047912597656,69.42681121826172,141.1119384765625,66.6969985961914,12.100000381469727,24.295066833496094,214.8584747314453,395.92877197265625
2022-05-26,,2164.0,62.86000061035156,66.62342071533203,77.76057434082031,272.0816345214844,80.90396881103516,28.914636611938477,135.9231414794922,70.23787689208984,142.58676147460938,67.98570251464844,11.899999618530273,24.520021438598633,215.3934326171875,404.2718505859375
2022-05-27,,2166.449951171875,65.62000274658203,67.60885620117188,76.62305450439453,277.16729736328125,80.48548889160156,29.44598960876465,132.66062927246094,70.75696563720703,141.01780700683594,68.70164489746094,11.850000381469727,24.340055465698242,218.5059051513672,397.0747985839844
2022-05-30,,2151.64990234375,68.05000305175781,66.58058166503906,78.0790786743164,280.17138671875,80.8807144165039,29.711666107177734,133.05743408203125,71.95734405517578,143.24574279785156,68.75890350341797,12.0,24.69998550415039,226.87069702148438,407.480712890625
2022-05-31,,1888.949951171875,64.6500015258789,66.837646484375,77.1690673828125,272.4887390136719,86.20457458496094,29.800230026245117,137.5543975830078,72.24930572509766,146.1639862060547,68.2434310913086,12.600000381469727,24.78996467590332,228.71875,418.1158142089844
2022-06-01,,1848.4000244140625,61.41999816894531,67.009033203125,79.03458404541016,260.6199951171875,85.7861099243164,30.19874382019043,138.25979614257812,72.022216796875,143.84193420410156,68.15753936767578,13.199999809265137,24.78996467590332,226.38436889648438,439.38604736328125
2022-06-02,,1925.800048828125,59.06999969482422,68.08014678955078,79.53509521484375,260.02899169921875,85.71636199951172,29.578834533691406,140.2437744140625,73.25503540039062,141.55128479003906,69.21710968017578,13.850000381469727,25.374849319458008,227.7947235107422,440.8988037109375
2022-06-03,,1855.9000244140625,56.81999969482422,67.90876770019531,77.62407684326172,256.6308898925781,84.25171661376953,28.826072692871094,136.67262268066406,72.4115219116211,141.83367919921875,68.2434310913086,13.25,24.96993064880371,224.7308807373047,426.82562255859375
2022-06-06,,1802.3499755859375,59.65999984741211,66.9661865234375,77.44207000732422,251.85385131835938,82.36860656738281,29.313148498535156,136.8489990234375,71.50313568115234,141.08058166503906,66.1815185546875,13.800000190734863,25.2398738861084,225.89804077148438,420.9579772949219
2022-06-07,,1829.25,58.279998779296875,67.009033203125,76.35005950927734,249.09596252441406,82.76382446289062,30.021625518798828,138.65658569335938,71.14627075195312,141.2061004638672,66.58245086669922,14.300000190734863,25.59980010986328,228.32969665527344,418.6658935546875
2022-06-08,,1801.9000244140625,56.900001525878906,66.92334747314453,76.25906372070312,244.3189239501953,87.8552017211914,30.065908432006836,138.4802703857422,71.8600082397461,140.9236602783203,68.01434326171875,13.850000381469727,26.094701766967773,226.62754821777344,419.9494323730469
2022-06-09,,1812.6500244140625,57.54999923706055,66.70912170410156,75.6220474243164,239.8373565673828,89.73831176757812,29.313148498535156,136.80490112304688,71.2365493774414,141.1119384765625,67.58477783203125,13.949999809265137,26.049711227416992,226.67617797851562,419.3077087402344
2022-06-10,,1757.5999755859375,56.02000045776367,66.88050079345703,74.62103271484375,244.02345275878906,88.04118347167969,29.136035919189453,136.89305114746094,70.67875671386719,140.86093139648438,67.47022247314453,13.550000190734863,25.50981903076172,223.95274353027344,427.2381896972656
2022-06-13,,1798.699951171875,53.2400016784668,64.9096450805664,71.48148345947266,227.2791290283203,83.60076904296875,27.85192108154297,131.2938995361328,68.7756118774414,139.54298400878906,65.49420928955078,12.899999618530273,24.69998550415039,213.49676513671875,417.9324645996094
2022-06-14,,1788.75,53.33000183105469,64.13843536376953,71.70899963378906,223.29006958007812,81.53166198730469,28.16187858581543,133.49830627441406,67.33182525634766,140.54713439941406,65.00739288330078,12.850000381469727,24.56500816345215,214.3721466064453,432.1431579589844
2022-06-15,,1757.8499755859375,54.40999984741211,65.72369384765625,72.43699645996094,222.1081085205078,81.92688751220703,27.719083786010742,130.632568359375,66.97089385986328,139.48023986816406,65.1219482421875,12.649999618530273,24.654993057250977,214.66627502441406,434.8478088378906
2022-06-16,,1711.0999755859375,51.86000061035156,63.667152404785156,69.47946166992188,209.2051544189453,76.88202667236328,27.099164962768555,126.04742431640625,65.46150207519531,135.77749633789062,64.17691040039062,12.050000190734863,24.070112228393555,205.6953125,430.67626953125
2022-06-17,,1711.25,52.2599983215332,61.096473693847656,67.88693237304688,206.98898315429688,77.09124755859375,26.700651168823242,123.84304809570312,64.90369415283203,132.6395721435547,64.6064682006836,12.149999618530273,23.575214385986328,206.18553161621094,426.8714599609375
2022-06-20,,1743.6500244140625,49.650001525878906,58.61147689819336,65.3843994140625,192.5593719482422,68.67537689208984,25.637939453125,121.02141571044922,64.50993347167969,130.694091796875,63.690067291259766,11.100000381469727,23.26027488708496,191.08680725097656,415.86962890625
2022-06-21,,1809.0999755859375,50.810001373291016,60.66802978515625,68.2054443359375,208.1709442138672,82.2756118774414,26.744930267333984,123.40215301513672,67.29902648925781,132.0120086669922,66.35336303710938,11.449999809265137,23.62020492553711,200.5480194091797,424.8086242675781
2022-06-22,,1736.0999755859375,49.459999084472656,59.12561798095703,67.43193054199219,202.70443725585938,79.85780334472656,27.364843368530273,121.37410736083984,66.1833724975586,132.20028686523438,66.03834533691406,11.399999618530273,23.44023895263672,197.36160278320312,422.1956787109375
2022-06-23,,1796.75,50.52000045776367,59.039920806884766,67.24993133544922,200.58676147460938,81.5084228515625,27.232004165649414,120.3600845336914,67.00371551513672,130.88235473632812,66.95474243164062,11.600000381469727,23.44023895263672,198.97930908203125,417.8866271972656
2022-06-24,,1857.5999755859375,52.88999938964844,60.23957061767578,67.88693237304688,205.46231079101562,83.25203704833984,27.497684478759766,120.44828033447266,67.29902648925781,131.13339233398438,67.55614471435547,11.850000381469727,23.575214385986328,203.8324737548828,424.1210021972656
2022-06-27,,1917.6500244140625,54.58000183105469,60.71086883544922,69.20645904541016,215.01641845703125,83.2055435180664,28.604677200317383,122.12360382080078,68.48029327392578,132.76515197753906,68.35799407958984,11.800000190734863,23.710186004638672,204.07757568359375,430.5845947265625
2022-06-28,,1909.8499755859375,54.04999923706055,62.51034164428711,69.20645904541016,216.14910888671875,84.71668243408203,28.781797409057617,122.21178436279297,68.21781158447266,131.9806365966797,68.84484100341797,11.800000190734863,24.295066833496094,204.5677947998047,435.76458740234375
2022-06-29,,1901.699951171875,54.0099983215332,60.753719329833984,69.2974624633789,212.947998046875,83.833251953125,27.409130096435547,124.98933410644531,68.15216827392578,132.482666015625,68.73027801513672,11.75,24.340055465698242,203.24420166015625,421.8289489746094
2022-06-30,,1929.5999755859375,52.56999969482422,61.010772705078125,69.66146087646484,204.8220977783203,82.50809478759766,27.232004165649414,126.00331115722656,68.54591369628906,132.98477172851562,70.87809753417969,11.5,24.2050838470459,198.24398803710938,414.0818176269531
2022-07-01,,1963.6500244140625,52.650001525878906,60.83940505981445,69.97997283935547,201.17774963378906,81.46192169189453,27.32056427001953,124.01937103271484,69.49747467041016,129.5958251953125,71.99497985839844,11.399999618530273,24.654993057250977,202.95008850097656,420.27032470703125
2022-07-04,,1883.5999755859375,52.34000015258789,61.8248291015625,70.11647033691406,201.6209716796875,82.34535217285156,27.94048309326172,124.68070220947266,70.58031463623047,132.23165893554688,73.9136962890625,11.350000381469727,24.250076293945312,207.31301879882812,426.9631652832031
2022-07-05,,1876.4000244140625,52.54999923706055,61.396385192871094,70.57147216796875,199.20782470703125,81.99663543701172,27.76336097717285,124.19575500488281,70.2521743774414,134.3968048095703,73.45549011230469,11.350000381469727,24.47503089904785,208.63661193847656,432.6932678222656
2022-07-06,,1903.699951171875,52.540000915527344,61.8248291015625,69.70697021484375,205.01907348632812,80.83422088623047,28.16187858581543,122.5204086303711,69.95686340332031,132.07476806640625,74.25733947753906,11.199999809265137,24.38504981994629,209.81314086914062,437.873291015625
2022-07-07,,1909.699951171875,55.119998931884766,62.21043014526367,70.2984619140625,211.96304321289062,82.83356475830078,28.383277893066406,123.84304809570312,70.67875671386719,133.39266967773438,74.4291763305664,11.449999809265137,24.520021438598633,210.35238647460938,440.3487243652344
2022-07-08,,1921.0,54.310001373291016,62.29611587524414,70.93547821044922,209.05740356445312,83.18228912353516,28.604677200317383,126.70877838134766,71.49906921386719,137.31509399414062,74.91600036621094,11.399999618530273,24.520021438598633,215.74476623535156,440.8529968261719
2022-07-11,,2207.35009765625,57.02000045776367,62.467498779296875,71.52698516845703,223.78253173828125,83.9262466430664,28.516117095947266,127.67868041992188,72.45063781738281,136.21682739257812,74.74419403076172,11.649999618530273,24.47503089904785,216.43106079101562,448.2792053222656
2022-07-12,,2294.75,58.54999923706055,62.29611587524414,71.02648162841797,229.34756469726562,85.53036499023438,29.224590301513672,129.7067413330078,72.28656768798828,133.9888916015625,73.82251739501953,11.5,24.96993064880371,217.16639709472656,436.314697265625
2022-07-13,,2104.75,57.33000183105469,62.596038818359375,71.3904800415039,224.91525268554688,84.39119720458984,29.623111724853516,131.0293731689453,71.46626281738281,134.58509826660156,72.63327026367188,11.5,25.149892807006836,216.43106079101562,441.769775390625
2022-07-14,,2087.0,56.7400016784668,64.00989532470703,70.5259780883789,228.46109008789062,83.29853057861328,30.287302017211914,130.7648468017578,70.84281158447266,134.8361053466797,72.12784576416016,11.399999618530273,25.644792556762695,217.01931762695312,449.15020751953125
2022-07-15,,2072.64990234375,57.349998474121094,63.538612365722656,71.07198333740234,225.30921936035156,83.3682861328125,30.641542434692383,132.04336547851562,70.48187255859375,131.35305786132812,72.30622863769531,11.300000190734863,26.319658279418945,220.59791564941406,455.70550537109375
2022-07-18,,2093.25,57.970001220703125,63.79568099975586,72.02749633789062,230.5294952392578,83.4147720336914,30.331584930419922,132.08750915527344,71.99125671386719,131.94924926757812,73.52519989013672,11.5,25.8697452545166,223.3431396484375,473.8584899902344
2022-07-19,,2109.0,58.66999816894531,64.26697540283203,72.93750762939453,233.4351348876953,91.1332015991211,29.8887882232666,132.92520141601562,73.73033905029297,131.79234313964844,74.92255401611328,11.800000190734863,25.464826583862305,223.5392303466797,479.77197265625
2022-07-20,,2084.300048828125,57.97999954223633,64.13843536376953,72.66450500488281,238.0151824951172,90.83097839355469,29.49026870727539,132.74880981445312,73.07408905029297,131.3216552734375,74.38741302490234,11.850000381469727,25.374849319458008,223.1470489501953,469.045166015625
2022-07-21,,2109.75,58.79999923706055,64.26697540283203,73.07400512695312,232.00694274902344,91.69115447998047,29.623111724853516,133.0133514404297,73.30376434326172,133.23577880859375,74.86310577392578,11.850000381469727,25.50981903076172,225.59814453125,466.4322814941406
2022-07-22,,2120.449951171875,58.2599983215332,64.30982208251953,73.80201721191406,233.9768524169922,91.45867156982422,29.40171241760254,131.33798217773438,73.04126739501953,131.79234313964844,75.01177215576172,11.75,25.5548095703125,226.33346557617188,461.3439025878906
2022-07-25,,2137.60009765625,58.34000015258789,64.05274963378906,72.71000671386719,226.1956787109375,92.78382110595703,29.224590301513672,132.3520050048828,74.25533294677734,130.4744415283203,76.17127227783203,11.550000190734863,25.59980010986328,227.95118713378906,462.3065490722656
2022-07-26,,2103.64990234375,59.540000915527344,64.18128967285156,72.48250579833984,219.44871520996094,91.1332015991211,29.224590301513672,132.2638397216797,73.79595947265625,131.22752380371094,75.24961853027344,11.899999618530273,25.50981903076172,221.72540283203125,459.9228515625
2022-07-27,,2099.199951171875,62.4900016784668,64.5240478515625,74.93953704833984,224.3242645263672,91.94689178466797,29.224590301513672,131.9993133544922,74.74752807617188,132.20028686523438,76.88482666015625,11.899999618530273,25.41983985900879,213.73486328125,467.66998291015625
2022-07-28,,2143.949951171875,64.38999938964844,64.6525650024414,75.2580337524414,239.1478729248047,93.36504364013672,29.844505310058594,132.5724639892578,75.2397232055664,134.4281768798828,77.00375366210938,11.75,25.32985496520996,213.88192749023438,461.0230407714844
2022-07-29,,2174.699951171875,62.790000915527344,65.68085479736328,75.30354309082031,235.1588134765625,93.10930633544922,30.243030548095703,134.86500549316406,76.09286499023438,134.27130126953125,77.89569091796875,12.399999618530273,25.50981903076172,217.5585479736328,481.1014099121094
2022-08-01,,2273.699951171875,64.37000274658203,67.30894470214844,76.71405792236328,242.44749450683594,93.61259460449219,30.7301025390625,137.99526977539062,76.8475341796875,137.40921020507812,78.9957275390625,13.0,25.644792556762695,225.84324645996094,483.3017883300781
2022-08-02,,2296.14990234375,65.70999908447266,67.009033203125,77.98806762695312,257.6650695800781,91.2878646850586,31.394302368164062,140.6846160888672,78.55384063720703,139.69989013671875,79.8876724243164,13.300000190734863,26.049711227416992,228.09823608398438,487.0148010253906
2022-08-03,,2204.60009765625,67.91999816894531,69.15126037597656,77.03256225585938,260.521484375,89.41848754882812,31.83709716796875,140.77279663085938,78.38973999023438,140.32748413085938,79.5309066772461,13.0,25.824756622314453,227.95118713378906,488.7109069824219
2022-08-04,,2190.949951171875,69.44999694824219,68.46575164794922,76.71405792236328,269.5831298828125,90.88043975830078,31.57141876220703,136.40811157226562,77.8975601196289,138.57022094726562,78.90654754638672,13.199999809265137,25.5548095703125,223.19606018066406,487.38153076171875
2022-08-05,,2106.199951171875,66.41000366210938,68.25152587890625,79.03458404541016,281.5010986328125,90.4250717163086,31.792816162109375,137.2017059326172,77.93038177490234,140.35882568359375,79.38225555419922,13.149999618530273,25.91473388671875,227.55902099609375,495.8620910644531
2022-08-08,,2165.199951171875,65.72000122070312,68.89419555664062,78.67058563232422,306.9622802734375,91.2878646850586,31.084341049194336,140.55238342285156,77.24130249023438,139.26058959960938,79.35252380371094,13.300000190734863,25.32985496520996,223.78433227539062,502.8758544921875
2022-08-10,,2164.949951171875,67.94999694824219,68.59428405761719,77.98806762695312,316.3686218261719,92.5580825805664,30.500385284423828,139.96824645996094,77.66786193847656,140.2646942138672,79.44169616699219,14.149999618530273,25.2398738861084,224.02944946289062,497.145751953125
2022-08-11,,2164.89990234375,68.4800033569336,67.95161437988281,77.62407684326172,312.87200927734375,97.27944946289062,30.41054344177246,138.08102416992188,78.32413482666016,139.8567657470703,80.54175567626953,13.600000381469727,25.149892807006836,224.9118194580078,510.5312805175781
2022-08-12,,2176.0,69.02999877929688,68.08014678955078,77.98806762695312,315.2359313964844,98.4058609008789,30.545307159423828,142.43959045410156,79.24288177490234,143.1201934814453,81.52288818359375,13.399999618530273,25.41983985900879,227.85313415527344,531.0222778320312
2022-08-16,,2218.199951171875,72.47000122070312,67.73738861083984,79.26209259033203,328.5328369140625,106.33873748779297,30.9945011138916,142.6642608642578,78.81632232666016,143.62229919433594,81.70127868652344,13.399999618530273,25.734773635864258,231.3826904296875,532.626708984375
2022-08-17,,2227.050048828125,76.08999633789062,69.0655746459961,80.7181167602539,327.20318603515625,125.15232849121094,30.635143280029297,145.0906524658203,78.02881622314453,143.4026336669922,83.64370727539062,13.649999618530273,25.824756622314453,232.65728759765625,533.360107421875
2022-08-18,,2296.35009765625,79.88999938964844,68.63713073730469,79.53509521484375,321.98284912109375,127.54895782470703,31.129261016845703,144.5065460205078,77.83192443847656,145.19122314453125,83.60407257080078,14.199999809265137,25.77976417541504,233.29454040527344,538.6317749023438
2022-08-19,,2411.35009765625,82.38999938964844,68.03730773925781,77.53306579589844,311.44384765625,119.40040588378906,31.35385513305664,141.76559448242188,78.06163024902344,144.58917236328125,83.16802215576172,14.949999809265137,25.644792556762695,228.09823608398438,537.623291015625
2022-08-22,,2519.75,86.5,67.78023529052734,77.85157775878906,300.0183410644531,123.33087158203125,30.500385284423828,140.64224243164062,77.30693817138672,143.1949005126953,81.93911743164062,15.649999618530273,25.374849319458008,219.76454162597656,535.0103759765625
2022-08-23,,2412.89990234375,82.18000030517578,66.837646484375,78.26107788085938,314.1524963378906,121.43753814697266,30.545307159423828,142.57435607910156,77.47100067138672,144.2089385986328,83.56443786621094,15.399999618530273,25.32985496520996,226.92172241210938,532.5349731445312
2022-08-24,,2358.85009765625,78.08000183105469,67.09471893310547,81.08212280273438,320.2099914550781,119.64006805419922,30.545307159423828,144.5065460205078,77.5694351196289,145.4130401611328,83.72298431396484,15.300000190734863,25.50981903076172,225.10794067382812,532.626708984375
2022-08-25,,2368.300048828125,78.69999694824219,67.86592102050781,81.67362213134766,316.76263427734375,106.31476593017578,31.758132934570312,142.79904174804688,78.8819580078125,143.416748046875,85.46724700927734,15.050000190734863,25.689786911010742,224.81378173828125,524.3753662109375
2022-08-26,,2392.75,75.0999984741211,68.50859069824219,81.71913146972656,314.64495849609375,111.94686126708984,31.937808990478516,146.8430633544922,79.0788345336914,146.0467987060547,86.10147857666016,16.25,26.004718780517578,230.5003204345703,528.4093017578125
2022-08-29,,2337.85009765625,78.8499984741211,66.75196838378906,84.31266784667969,313.2659912109375,110.14938354492188,32.43192672729492,144.6413116455078,77.83192443847656,143.89205932617188,85.03115844726562,16.299999237060547,26.94952964782715,228.09823608398438,530.6097412109375
2022-08-30,,2436.199951171875,82.79000091552734,69.79393768310547,83.99415588378906,335.9200439453125,109.31055450439453,34.498226165771484,147.38229370117188,78.48818969726562,145.5081024169922,86.22042083740234,16.799999237060547,27.714370727539062,232.31410217285156,533.7268676757812
2022-09-01,,2393.10009765625,81.69999694824219,68.89419555664062,84.17616271972656,347.9365539550781,104.10986328125,33.689674377441406,144.41665649414062,78.55506896972656,143.2899932861328,85.15010070800781,20.149999618530273,28.119291305541992,232.55923461914062,534.5977783203125
2022-09-02,,2383.10009765625,80.25,68.55143737792969,83.22064971923828,343.553466796875,106.02716827392578,34.902503967285156,145.40518188476562,77.51837158203125,142.0858612060547,84.95189666748047,21.200000762939453,28.119291305541992,230.59835815429688,529.3720092773438
2022-09-05,,2353.800048828125,77.97000122070312,69.62255096435547,83.35714721679688,350.5466613769531,102.09669494628906,34.94742202758789,147.83160400390625,76.54855346679688,141.57887268066406,84.23831939697266,23.299999237060547,28.074298858642578,231.82388305664062,524.9713134765625
2022-09-06,,2374.89990234375,81.55000305175781,69.15126037597656,83.76666259765625,353.747802734375,104.44538879394531,33.95918655395508,151.38136291503906,77.91968536376953,142.62457275390625,85.58615112304688,21.950000762939453,27.399436950683594,242.51063537597656,531.8472900390625
2022-09-07,,2346.949951171875,81.26000213623047,72.15038299560547,84.5856704711914,347.4932861328125,105.404052734375,34.18378829956055,150.347900390625,78.6888427734375,142.21263122558594,85.5068588256836,21.649999618530273,27.759361267089844,242.1184539794922,532.4891357421875
2022-09-08,,2334.050048828125,80.37999725341797,71.03643035888672,84.99517822265625,346.3114013671875,106.62632751464844,33.82443618774414,149.8985595703125,78.0199966430664,142.21263122558594,84.39688873291016,21.299999237060547,28.119291305541992,240.1085662841797,525.75048828125
2022-09-09,,2315.89990234375,79.4000015258789,71.33634948730469,85.13168334960938,343.70123291015625,105.404052734375,32.97096252441406,149.7188262939453,77.68557739257812,141.26202392578125,83.52478790283203,19.200000762939453,28.209272384643555,237.6084747314453,518.6451416015625
2022-09-12,,2355.949951171875,79.5199966430664,73.22149658203125,86.67869567871094,343.4549865722656,106.24286651611328,33.195556640625,149.53907775878906,77.3177261352539,141.92745971679688,84.04012298583984,21.100000381469727,28.43422508239746,238.04966735839844,514.290283203125
2022-09-13,,2335.64990234375,78.72000122070312,72.27891540527344,86.81520080566406,338.8749084472656,105.66767120361328,33.240474700927734,150.43777465820312,77.25083923339844,143.73362731933594,84.07976531982422,20.049999237060547,28.569196701049805,236.3339080810547,506.68072509765625
2022-09-14,,2293.60009765625,76.91000366210938,71.80763244628906,87.6095199584961,339.6136474609375,104.99662780761719,33.285404205322266,154.8861846923828,76.91641235351562,147.37767028808594,83.3662338256836,19.049999237060547,28.389232635498047,236.7751007080078,501.0881042480469
2022-09-15,,2343.89990234375,79.83999633789062,71.37918090820312,86.2544937133789,335.3290710449219,103.8941650390625,34.76774597167969,157.35755920410156,79.29078674316406,150.5780792236328,84.35725402832031,18.100000381469727,29.199071884155273,240.59878540039062,507.6434326171875
2022-09-16,,2316.60009765625,77.55000305175781,68.76566314697266,84.24531555175781,324.39605712890625,99.1488265991211,34.72282791137695,155.29058837890625,76.18070220947266,149.34226989746094,82.4941177368164,18.450000762939453,28.9741153717041,231.67684936523438,495.6329345703125
2022-09-19,,2346.35009765625,78.37000274658203,69.87962341308594,86.67501831054688,339.12115478515625,100.5628433227539,34.67790222167969,153.67300415039062,75.44499206542969,147.75790405273438,81.74091339111328,17.649999618530273,28.9741153717041,227.8041229248047,494.2577209472656
2022-09-20,,2399.949951171875,79.6500015258789,69.87962341308594,85.88069915771484,333.95013427734375,99.1488265991211,34.58806610107422,154.48179626464844,75.81283569335938,147.4727020263672,82.09769439697266,18.200000762939453,29.244060516357422,230.6473846435547,499.98785400390625
2022-09-21,,2362.800048828125,78.0999984741211,68.46575164794922,86.06758880615234,332.2264404296875,97.75877380371094,34.18378829956055,151.51617431640625,75.4784164428711,143.89205932617188,81.54270935058594,17.299999237060547,29.289827346801758,226.6765899658203,492.5616760253906
2022-09-22,,2363.60009765625,79.25,68.63713073730469,85.31999206542969,326.66143798828125,99.4843521118164,35.216941833496094,151.56106567382812,75.04367065429688,139.4875030517578,82.17696380615234,17.299999237060547,29.976306915283203,227.1177978515625,489.58197021484375
2022-09-23,,2323.85009765625,77.12000274658203,67.95161437988281,82.79683685302734,314.3002014160156,95.889404296875,34.58806610107422,147.3373565673828,73.70599365234375,128.3652801513672,80.31382751464844,16.899999618530273,29.564416885375977,220.10769653320312,478.3508605957031
2022-09-26,,2210.35009765625,73.30000305175781,67.009033203125,79.666259765625,291.6954040527344,90.80853271484375,33.0608024597168,142.5294647216797,71.2313003540039,127.28791046142578,77.57854461669922,16.350000381469727,29.01523780822754,211.0876922607422,453.45928955078125
2022-09-27,,2146.300048828125,74.51000213623047,65.89507293701172,79.15228271484375,294.7488098144531,89.9697036743164,32.97096252441406,142.888916015625,71.2313003540039,129.82290649414062,76.78571319580078,16.200000762939453,29.01523780822754,213.24464416503906,462.0773620605469
2022-09-28,,2051.050048828125,73.55000305175781,66.02360534667969,78.2645034790039,287.6570739746094,85.84750366210938,32.836204528808594,141.9453125,70.36180114746094,131.6290740966797,75.83433532714844,16.100000381469727,28.786407470703125,209.715087890625,452.86334228515625
2022-09-29,,2004.050048828125,73.88999938964844,66.88050079345703,80.83438110351562,294.5517883300781,89.4903793334961,32.476844787597656,143.3831787109375,70.06082916259766,131.81918334960938,74.72435760498047,16.049999237060547,28.969470977783203,208.0973663330078,442.7324523925781
2022-09-30,,2260.800048828125,74.69999694824219,66.23783111572266,82.18941497802734,295.832275390625,89.73004913330078,32.072566986083984,143.47305297851562,69.96050262451172,134.4809112548828,74.52613830566406,16.399999618530273,28.420284271240234,212.2642059326172,446.3997497558594
2022-10-03,,2074.050048828125,70.97000122070312,66.837646484375,80.36713409423828,287.50933837890625,85.87146759033203,31.892894744873047,144.10211181640625,69.45886993408203,133.5937042236328,72.78193664550781,16.450000762939453,29.01523780822754,208.97975158691406,442.6866149902344
2022-10-04,,2134.199951171875,70.5,67.60885620117188,81.3483657836914,288.83905029296875,90.49697875976562,34.498226165771484,146.07919311523438,70.22803497314453,132.1043701171875,74.2486572265625,16.399999618530273,30.296659469604492,214.7643280029297,461.11468505859375
2022-10-06,,2201.699951171875,74.0199966430664,68.76566314697266,81.95578002929688,325.6764831542969,93.37293243408203,34.09394836425781,146.3937225341797,70.66278076171875,130.74179077148438,75.71540832519531,16.75,30.067834854125977,217.3624725341797,460.7021789550781
2022-10-07,,2204.14990234375,74.56999969482422,68.16584014892578,83.35753631591797,339.81060791015625,94.8109130859375,34.049034118652344,147.65188598632812,70.19459533691406,132.70645141601562,75.43791198730469,17.549999237060547,29.930543899536133,218.14682006835938,450.0212097167969
2022-10-10,,2155.89990234375,73.06999969482422,67.13756561279297,82.23613739013672,340.056884765625,93.80432891845703,34.22871017456055,147.3373565673828,69.72640228271484,132.4212646484375,73.73330688476562,17.75,29.930543899536133,216.0388946533203,450.4796142578125
2022-10-11,,2128.800048828125,71.37000274658203,66.06644439697266,80.64749145507812,321.93365478515625,90.01764678955078,34.09394836425781,144.731201171875,68.65625762939453,132.04100036621094,72.98013305664062,16.899999618530273,29.65595054626465,212.90150451660156,440.5320739746094
2022-10-12,,2099.10009765625,71.36000061035156,67.26609802246094,80.41385650634766,324.2483215332031,88.65156555175781,33.689674377441406,148.28094482421875,68.62281036376953,136.6039581298828,73.25761413574219,16.350000381469727,30.022071838378906,213.6858367919922,443.6034851074219
2022-10-13,,2083.35009765625,69.37000274658203,66.79480743408203,80.273681640625,315.3836975097656,89.03502655029297,34.049034118652344,148.0562744140625,68.18807220458984,135.5899658203125,72.90083312988281,16.5,29.83901023864746,211.92105102539062,439.66107177734375
2022-10-14,,2033.1500244140625,66.25,67.22325134277344,79.33917999267578,315.67913818359375,88.6994857788086,34.049034118652344,148.37081909179688,68.25495910644531,134.76611328125,72.8612060546875,16.200000762939453,29.61018180847168,211.6759490966797,438.239990234375
2022-10-17,,2154.449951171875,68.12999725341797,66.5377426147461,79.6195297241211,319.47125244140625,88.62759399414062,35.35169982910156,151.38136291503906,68.08773803710938,134.2591094970703,72.66299438476562,16.200000762939453,29.518651962280273,213.6858367919922,442.1823425292969
2022-10-18,,2153.75,69.12000274658203,67.3946304321289,80.9278335571289,317.2058410644531,92.67790985107422,37.68751907348633,150.03335571289062,69.6595230102539,134.57598876953125,74.44686126708984,16.600000381469727,29.930543899536133,216.33302307128906,442.31988525390625
2022-10-19,,2119.800048828125,66.72000122070312,67.4803237915039,82.28286743164062,313.75848388671875,90.8324966430664,36.11532974243164,147.42723083496094,69.72640228271484,135.5583038330078,74.28829956054688,16.350000381469727,29.335590362548828,214.1270294189453,441.3572082519531
2022-10-20,,2138.89990234375,67.69000244140625,66.75196838378906,81.62871551513672,312.47802734375,97.44721221923828,35.84581756591797,150.03335571289062,70.59589385986328,137.83978271484375,74.2486572265625,16.100000381469727,28.32875633239746,216.48007202148438,445.02447509765625
2022-10-21,,2105.300048828125,66.44000244140625,66.75196838378906,76.86275482177734,307.6517333984375,95.026611328125,37.283241271972656,148.3258819580078,70.52900695800781,137.71302795410156,74.2486572265625,16.350000381469727,28.923702239990234,214.32313537597656,444.107666015625
2022-10-24,,2121.25,67.11000061035156,67.4374771118164,76.95620727539062,311.83782958984375,94.25968170166016,38.58591079711914,150.03335571289062,71.06407928466797,138.69534301757812,75.04150390625,16.549999237060547,29.65595054626465,214.71530151367188,445.34539794921875
2022-10-25,,2079.89990234375,66.47000122070312,66.75196838378906,78.49813079833984,305.7310791015625,98.07035064697266,40.5623664855957,152.190185546875,71.0306396484375,138.47352600097656,74.84329986572266,16.299999237060547,30.113605499267578,216.33302307128906,465.05706787109375
2022-10-27,,2117.60009765625,67.4800033569336,66.79480743408203,78.17105865478516,309.8678894042969,99.62815856933594,40.74204635620117,153.3584442138672,73.5053482055664,141.895751953125,76.50822448730469,16.149999618530273,33.17987823486328,221.43130493164062,464.18603515625
2022-10-28,,2098.550048828125,66.66000366210938,66.10929870605469,77.89070892333984,313.4629821777344,99.91574096679688,39.259700775146484,156.4139404296875,76.11382293701172,143.73362731933594,79.16419219970703,16.0,32.722225189208984,220.6469268798828,458.1350402832031
2022-10-31,,2102.89990234375,66.9800033569336,65.76653289794922,78.2645034790039,332.5711975097656,94.57125091552734,38.2714729309082,155.56021118164062,77.0836410522461,144.58917236328125,81.30486297607422,16.100000381469727,32.08151626586914,221.57833862304688,462.39825439453125
2022-11-01,,2121.25,69.77999877929688,65.29523468017578,79.57281494140625,343.1102600097656,97.15961456298828,38.54098892211914,163.37864685058594,77.51837158203125,149.02540588378906,81.78056335449219,16.049999237060547,32.58492660522461,226.08836364746094,475.41705322265625
2022-11-02,,2137.050048828125,68.62999725341797,65.80937957763672,79.10556030273438,332.669677734375,96.2489013671875,37.417999267578125,162.61477661132812,77.65215301513672,147.85299682617188,81.97876739501953,16.100000381469727,32.08151626586914,224.56869506835938,464.55279541015625
2022-11-03,,2106.699951171875,67.3499984741211,65.12387084960938,78.96538543701172,325.9227294921875,96.41665649414062,37.283241271972656,160.09849548339844,78.1203384399414,144.52578735351562,82.57339477539062,16.0,31.989986419677734,222.95094299316406,467.3949279785156
2022-11-04,,2121.25,69.37000274658203,65.0381851196289,78.6383056640625,320.0129699707031,91.4316635131836,39.349544525146484,159.02008056640625,78.22067260742188,143.32168579101562,82.4544677734375,16.799999237060547,33.0425910949707,223.83335876464844,468.2658996582031
2022-11-07,,2165.699951171875,69.72000122070312,64.9096450805664,80.18023681640625,327.400146484375,89.08296203613281,39.43937683105469,158.0315704345703,79.5917739868164,144.49411010742188,84.57830810546875,16.850000381469727,35.285091400146484,224.66671752929688,468.2200622558594
2022-11-09,,2215.5,73.16000366210938,64.30982208251953,79.24573516845703,323.558837890625,89.63418579101562,39.16986083984375,155.8297882080078,79.09013366699219,138.6319580078125,83.99526977539062,16.450000762939453,34.5528450012207,226.8236846923828,463.5901184082031
2022-11-10,,2176.0,74.27999877929688,64.481201171875,79.2924575805664,318.33856201171875,89.9936752319336,39.12493896484375,154.66152954101562,78.1203384399414,136.19204711914062,82.99583435058594,16.100000381469727,33.77483367919922,224.7157440185547,466.66143798828125
2022-11-11,,2196.699951171875,72.04000091552734,64.56687927246094,79.0121078491211,316.6148986816406,91.2878646850586,40.2928466796875,154.07737731933594,80.46126556396484,135.6533660888672,83.20404815673828,16.0,33.91212844848633,225.25497436523438,466.66143798828125
2022-11-14,,2178.550048828125,71.95999908447266,65.25240325927734,79.19900512695312,313.6600036621094,91.02422332763672,39.16986083984375,154.07737731933594,80.76223754882812,137.14584350585938,83.3706283569336,16.049999237060547,33.225643157958984,223.24508666992188,473.44598388671875
2022-11-15,,2196.949951171875,71.41000366210938,63.83852767944336,79.33917999267578,313.56146240234375,90.37713623046875,38.58591079711914,154.66152954101562,80.76223754882812,140.16322326660156,83.49555969238281,16.100000381469727,34.232486724853516,225.00987243652344,476.70068359375
2022-11-16,,2110.14990234375,69.02999877929688,63.967063903808594,79.19900512695312,309.9171447753906,89.37055206298828,38.36131286621094,152.7293701171875,80.59504699707031,140.8770294189453,83.0374755859375,16.0,33.27140808105469,220.2057342529297,466.98236083984375
2022-11-17,,2102.60009765625,67.19999694824219,63.11016845703125,80.50730895996094,305.0908508300781,86.54251861572266,37.68751907348633,151.24658203125,82.30057525634766,141.65573120117188,83.53719329833984,15.649999618530273,32.722225189208984,217.06832885742188,468.2200622558594
2022-11-18,,2085.39990234375,67.30000305175781,61.910518646240234,80.08677673339844,300.3138122558594,87.71686553955078,37.777347564697266,149.04481506347656,83.50447845458984,141.68817138671875,83.32898712158203,15.5,32.539161682128906,216.13693237304688,469.5035705566406
2022-11-21,,2003.300048828125,66.23999786376953,62.03905487060547,79.75970458984375,299.4273376464844,87.30944061279297,37.46291732788086,147.74172973632812,83.63824462890625,142.14239501953125,82.99583435058594,15.5,33.82059860229492,217.06832885742188,481.4681396484375
2022-11-22,,1986.0999755859375,65.69999694824219,62.0818977355957,79.75970458984375,293.3698425292969,87.47721862792969,37.59767532348633,150.12322998046875,83.93922424316406,141.33126831054688,83.0374755859375,15.050000190734863,33.59177017211914,216.1859588623047,485.9604797363281
2022-11-23,,2036.5,65.19000244140625,65.38093566894531,80.36713409423828,297.0634460449219,87.35737609863281,37.64259719848633,151.02191162109375,83.63824462890625,139.61167907714844,82.95417785644531,15.199999809265137,33.17987823486328,216.48007202148438,492.5158386230469
2022-11-24,,2043.050048828125,64.98999786376953,64.13843536376953,81.72216033935547,296.3739318847656,87.18961334228516,39.03510665893555,152.324951171875,88.4694595336914,143.2455291748047,86.03582000732422,15.25,35.60544967651367,216.43106079101562,493.34088134765625
2022-11-25,,2023.949951171875,64.79000091552734,63.79568099975586,82.42303466796875,302.97320556640625,89.03502655029297,39.39445495605469,152.54966735839844,93.54051971435547,143.14816284179688,90.8248519897461,16.0,35.5596809387207,219.71551513671875,501.042236328125
2022-11-28,,1990.699951171875,65.6500015258789,64.18128967285156,82.93701171875,307.20849609375,88.05239868164062,39.30462646484375,153.13377380371094,92.23849487304688,143.60243225097656,91.82428741455078,16.0,36.42921829223633,220.2057342529297,502.188232421875
2022-11-29,,2012.050048828125,64.94000244140625,64.18128967285156,82.18941497802734,304.2536315917969,87.64497375488281,38.36131286621094,152.9091033935547,92.16995239257812,142.33706665039062,91.1579818725586,15.899999618530273,35.83427429199219,219.07823181152344,492.79083251953125
2022-11-30,,2116.5,66.55000305175781,63.752838134765625,82.23613739013672,303.5149230957031,87.5970458984375,37.777347564697266,154.7514190673828,93.12935638427734,145.35446166992188,91.9075698852539,16.049999237060547,36.4749870300293,220.40184020996094,492.9741516113281
2022-12-01,,2113.550048828125,66.08000183105469,64.18128967285156,83.07718658447266,305.0415954589844,87.90860748291016,37.777347564697266,154.7514190673828,94.91107177734375,143.9917755126953,92.40730285644531,16.0,35.92580032348633,220.45086669921875,497.83331298828125
2022-12-02,,2062.300048828125,65.05999755859375,64.73826599121094,82.7033920288086,303.76116943359375,88.53173065185547,37.68751907348633,154.70645141601562,95.45930480957031,142.6290740966797,92.44893646240234,16.799999237060547,35.92580032348633,220.84303283691406,503.9760437011719
2022-12-05,,2042.0999755859375,64.61000061035156,65.0381851196289,83.49771118164062,305.1401062011719,88.81932067871094,37.68751907348633,157.4024658203125,94.67121887207031,143.9917755126953,93.1568832397461,16.049999237060547,37.619117736816406,219.81356811523438,501.9590759277344
2022-12-06,,2063.300048828125,64.95999908447266,64.6525650024414,83.49771118164062,305.7310791015625,89.03502655029297,38.765586853027344,157.44741821289062,94.53418731689453,145.03001403808594,92.36566925048828,15.850000381469727,37.43606185913086,224.3235626220703,498.1541748046875
2022-12-07,,2032.699951171875,64.88999938964844,65.16670989990234,84.24531555175781,299.7228088378906,88.57965850830078,38.45114517211914,154.43685913085938,97.30955505371094,143.44021606445312,94.15634155273438,15.699999809265137,36.20039367675781,221.43130493164062,498.1541748046875
2022-12-08,,2052.699951171875,64.75,65.50946807861328,84.3387680053711,296.7679443359375,88.84329986572266,37.91211700439453,153.0888671875,99.05702209472656,141.33126831054688,95.19742584228516,15.850000381469727,35.788509368896484,220.6469268798828,495.495361328125
2022-12-09,,2053.449951171875,63.209999084472656,65.42377471923828,82.51648712158203,291.3999328613281,88.6994857788086,37.19340515136719,152.324951171875,97.24102020263672,140.94190979003906,92.99031829833984,15.899999618530273,34.827430725097656,215.1074676513672,484.67694091796875
2022-12-12,,2024.050048828125,62.040000915527344,65.68085479736328,83.3108139038086,295.0442810058594,89.39452362060547,36.92388153076172,151.78575134277344,99.53670501708984,139.87124633789062,93.73990631103516,15.949999809265137,34.73591232299805,213.44073486328125,484.90618896484375
2022-12-13,,2021.4000244140625,64.5999984741211,67.5660171508789,83.49771118164062,293.3698425292969,88.81932067871094,37.777347564697266,152.0553741455078,99.36538696289062,140.35792541503906,93.24015808105469,15.75,35.5596809387207,214.56825256347656,482.1098937988281
2022-12-14,,2018.1500244140625,63.869998931884766,68.80850982666016,83.1706314086914,291.35064697265625,89.1308822631836,37.64259719848633,154.21218872070312,100.22199249267578,142.23973083496094,94.36455535888672,16.450000762939453,35.376617431640625,218.34291076660156,478.90093994140625
2022-12-15,,2024.9000244140625,63.09000015258789,69.5797119140625,83.03045654296875,289.9717102050781,96.99185943603516,37.05863571166992,154.66152954101562,98.33747100830078,140.39036560058594,95.11414337158203,15.899999618530273,34.369773864746094,217.4605255126953,480.27618408203125
2022-12-16,,2044.25,61.58000183105469,68.76566314697266,81.81562042236328,281.79656982421875,105.23627471923828,36.83404541015625,152.59458923339844,97.03544616699219,138.34629821777344,92.36566925048828,15.75,34.003662109375,213.09759521484375,470.8788146972656
2022-12-19,,2062.050048828125,61.15999984741211,67.65169525146484,82.00251007080078,275.6898498535156,106.79409790039062,36.070411682128906,154.39193725585938,98.88570404052734,142.04507446289062,94.36455535888672,15.800000190734863,34.0494270324707,212.558349609375,472.34576416015625
2022-12-20,,2061.64990234375,61.150001525878906,67.65169525146484,80.0400619506836,274.5571594238281,106.72219848632812,36.11532974243164,152.54966735839844,97.1039810180664,141.00680541992188,93.49003601074219,15.75,34.827430725097656,213.5878143310547,469.1368713378906
2022-12-21,,1968.25,58.099998474121094,67.65169525146484,78.0308837890625,264.0180969238281,101.97686004638672,35.53137969970703,150.93203735351562,94.29432678222656,140.1956787109375,91.65770721435547,15.0,32.67646026611328,209.61703491210938,466.7989807128906
2022-12-22,,1980.75,55.20000076293945,65.46662902832031,77.09638214111328,265.9880065917969,102.14462280273438,35.127098083496094,149.08975219726562,94.05448913574219,139.51431274414062,93.69825744628906,14.25,30.937376022338867,204.81289672851562,457.355712890625
2022-12-23,,1809.050048828125,52.439998626708984,64.43834686279297,74.80685424804688,249.4899444580078,96.22493743896484,34.76774597167969,146.48362731933594,90.31970977783203,137.0809326171875,90.5749740600586,13.550000190734863,29.381357192993164,193.0476837158203,437.68994140625
2022-12-26,,1876.8499755859375,55.060001373291016,65.89507293701172,72.93785095214844,259.7335205078125,100.68267822265625,35.172019958496094,148.8650665283203,93.40345764160156,137.4702911376953,94.94757080078125,14.149999618530273,30.845848083496094,199.17539978027344,449.1043395996094
2022-12-27,,1908.699951171875,57.810001373291016,66.02360534667969,74.24614715576172,265.8894958496094,116.3566665649414,35.172019958496094,148.46067810058594,93.54051971435547,137.98939514160156,94.4894790649414,14.800000190734863,31.715391159057617,203.63638305664062,451.85479736328125
2022-12-28,,1897.8499755859375,60.70000076293945,66.06644439697266,75.83480834960938,279.6296691894531,116.95582580566406,35.6212158203125,149.04481506347656,94.36286163330078,140.00100708007812,94.40618896484375,14.600000381469727,31.66962242126465,204.17562866210938,454.5594177246094
2022-12-29,,1910.25,60.900001525878906,65.93791198730469,75.97498321533203,282.1905517578125,114.22367095947266,35.48645782470703,149.8536376953125,94.84254455566406,140.00100708007812,94.82264709472656,14.300000190734863,31.4407958984375,201.8225860595703,455.47625732421875
2022-12-30,,1931.800048828125,59.90999984741211,65.46662902832031,77.04965209960938,283.2740173339844,117.72276306152344,35.71105194091797,149.58401489257812,96.72706604003906,138.67076110839844,97.0297622680664,14.350000381469727,31.34926986694336,203.63638305664062,451.39642333984375
2023-01-02,,1888.699951171875,59.630001068115234,66.5377426147461,77.93742370605469,289.134521484375,123.97798156738281,35.8907356262207,150.9769744873047,102.58621215820312,139.54678344726562,100.27796173095703,14.699999809265137,32.08151626586914,207.7052001953125,458.9601745605469
2023-01-03,,1892.949951171875,58.95000076293945,66.28067779541016,78.2177734375,285.5887145996094,122.80363464355469,35.7559700012207,150.6175079345703,106.9034423828125,139.90367126464844,102.44342803955078,14.800000190734863,32.08151626586914,207.21498107910156,457.9058532714844
2023-01-04,,1860.5,57.31999969482422,65.98075103759766,77.33000946044922,280.17138671875,118.25001525878906,35.71105194091797,149.7188262939453,105.87553405761719,136.95115661621094,101.77711486816406,14.449999809265137,31.395034790039062,204.028564453125,444.107666015625
2023-01-05,,1860.0,57.75,65.93791198730469,77.75052642822266,276.7732849121094,118.2979507446289,35.216941833496094,152.6844024658203,107.52020263671875,135.49111938476562,103.15135955810547,14.600000381469727,31.715391159057617,203.53834533691406,444.29107666015625
2023-01-06,,1838.25,56.68000030517578,64.99533081054688,79.2924575805664,274.6063537597656,122.995361328125,35.53137969970703,151.87562561035156,107.69152069091797,135.03689575195312,103.02643585205078,14.449999809265137,31.53232765197754,201.38137817382812,440.9447021484375
2023-01-09,,1891.449951171875,57.540000915527344,64.60973358154297,81.3016357421875,280.22064208984375,121.19788360595703,35.3067741394043,153.13377380371094,109.16487884521484,135.68577575683594,104.5672607421875,14.550000190734863,31.303504943847656,202.1657257080078,446.3080139160156
2023-01-10,,1895.199951171875,55.84000015258789,64.09559631347656,79.99333953857422,279.0386962890625,116.28477478027344,35.172019958496094,150.93203735351562,106.2867202758789,137.4378204345703,102.56834411621094,14.300000190734863,30.983144760131836,202.0186767578125,446.2621765136719
2023-01-11,,1877.1500244140625,55.2400016784668,64.30982208251953,81.44181060791016,275.14813232421875,117.19549560546875,35.172019958496094,149.2245635986328,104.02527618408203,137.53515625,101.40234375,14.25,30.937376022338867,201.8225860595703,447.9583435058594
2023-01-12,,1889.8499755859375,54.72999954223633,64.3526611328125,80.50730895996094,269.28759765625,115.32613372802734,34.992340087890625,149.13467407226562,102.27783203125,138.5409698486328,100.48617553710938,13.949999809265137,30.754314422607422,201.67552185058594,444.15350341796875
2023-01-13,,1915.6500244140625,55.7400016784668,63.36722946166992,79.94660949707031,263.87030029296875,118.77727508544922,34.902503967285156,150.79725646972656,104.67630004882812,138.8654327392578,102.27684020996094,14.149999618530273,30.89161491394043,202.4108428955078,440.990478515625
2023-01-16,,2089.800048828125,54.59000015258789,63.32438659667969,79.75970458984375,264.1658630371094,115.80545043945312,35.3067741394043,149.13467407226562,103.13441467285156,139.93612670898438,102.81822204589844,14.25,30.983144760131836,202.90106201171875,439.24853515625
2023-01-17,,2166.14990234375,56.38999938964844,62.72455978393555,80.08677673339844,261.8019104003906,115.66165161132812,36.78912353515625,150.70736694335938,102.75750732421875,141.72061157226562,102.52671813964844,14.149999618530273,31.028907775878906,203.63638305664062,442.4115905761719
2023-01-18,,2096.89990234375,55.7400016784668,64.00989532470703,80.3204116821289,260.8662414550781,115.97321319580078,37.777347564697266,152.280029296875,103.95675659179688,142.33706665039062,103.02643585205078,14.0,31.211971282958984,203.44029235839844,439.66107177734375
2023-01-19,,1954.300048828125,55.5099983215332,64.09559631347656,79.666259765625,261.7526550292969,116.2128677368164,37.417999267578125,151.60601806640625,104.19659423828125,143.2455291748047,102.90150451660156,14.0,31.074676513671875,201.28334045410156,417.8407897949219
2023-01-20,,1975.5999755859375,55.0099983215332,63.23870849609375,78.73176574707031,258.4038391113281,116.5244369506836,38.2714729309082,151.60601806640625,103.06588745117188,144.86781311035156,103.35957336425781,13.850000381469727,31.166202545166016,203.1461639404297,421.7372741699219
2023-01-23,,1931.8499755859375,54.63999938964844,63.58145523071289,77.93742370605469,243.13697814941406,117.5070571899414,38.45114517211914,149.94351196289062,103.47706604003906,146.06825256347656,103.56781005859375,13.199999809265137,31.211971282958984,202.95008850097656,450.15869140625
2023-01-24,,1916.800048828125,54.93000030517578,63.36722946166992,77.42344665527344,243.5802001953125,114.63109588623047,39.080020904541016,149.2245635986328,102.34634399414062,143.3753204345703,102.36013793945312,13.199999809265137,31.257736206054688,201.8225860595703,434.34356689453125
2023-01-25,,1857.800048828125,52.20000076293945,63.23870849609375,77.84397888183594,238.16293334960938,110.24525451660156,39.259700775146484,149.08975219726562,98.3031997680664,142.3695068359375,100.36124420166016,12.949999809265137,31.578092575073242,197.5086669921875,426.32135009765625
2023-01-27,,1486.25,49.59000015258789,62.124732971191406,75.69462585449219,232.94264221191406,105.93130493164062,38.81050491333008,149.44923400878906,93.26641082763672,142.2721710205078,95.9053726196289,12.649999618530273,31.028907775878906,198.39105224609375,403.3091735839844
2023-01-30,,1189.0,47.11000061035156,61.99620819091797,76.20860290527344,226.09719848632812,103.678466796875,38.94525909423828,151.7408447265625,93.02655792236328,137.4702911376953,96.57166290283203,12.5,30.754314422607422,200.3519287109375,399.04595947265625
2023-01-31,,1223.9000244140625,44.7599983215332,62.0818977355957,77.84397888183594,234.76483154296875,111.46753692626953,39.43937683105469,153.8077850341797,96.93267059326172,140.58502197265625,101.40234375,12.75,31.120441436767578,208.73464965820312,412.52325439453125
2023-02-01,,1155.3499755859375,42.529998779296875,61.73914337158203,77.23656463623047,231.66220092773438,107.9205093383789,38.09178924560547,152.77432250976562,93.43773651123047,140.5201416015625,97.82098388671875,12.25,30.296659469604492,201.8225860595703,402.85076904296875
2023-02-02,,1039.8499755859375,40.40999984741211,61.52491760253906,76.30205535888672,222.1081085205078,111.68323516845703,37.50783920288086,149.9884490966797,94.8768081665039,138.0218505859375,98.07084655761719,11.949999809265137,30.113605499267578,202.26377868652344,406.1054992675781
2023-02-03,,935.9000244140625,38.38999938964844,62.253273010253906,75.13392639160156,217.33103942871094,110.38904571533203,36.83404541015625,152.6626739501953,96.96690368652344,139.41697692871094,98.90372467041016,11.75,29.518651962280273,201.28334045410156,406.38055419921875
2023-02-06,,889.0999755859375,36.470001220703125,62.1675910949707,75.04047393798828,221.5171356201172,119.11280822753906,36.968807220458984,153.12374877929688,98.26895904541016,140.84458923339844,100.86096954345703,12.0,30.479724884033203,204.46975708007812,407.9391174316406
2023-02-07,,844.6500244140625,34.650001525878906,62.63888168334961,74.99375915527344,217.13406372070312,119.85576629638672,36.11532974243164,152.38601684570312,98.20042419433594,140.71478271484375,100.44453430175781,11.649999618530273,29.564416885375977,202.26377868652344,409.5893859863281
2023-02-08,,802.4500122070312,36.380001068115234,62.63888168334961,75.41427612304688,220.63067626953125,118.60951232910156,36.070411682128906,152.6165771484375,98.406005859375,140.81446838378906,100.65274047851562,11.699999809265137,29.70171356201172,203.09713745117188,414.8152770996094
2023-02-09,,762.3499755859375,34.560001373291016,62.38181686401367,76.06842803955078,232.79490661621094,120.67062377929688,36.60944747924805,153.07765197753906,99.60523986816406,141.3790283203125,100.3959732055664,11.699999809265137,29.564416885375977,201.47943115234375,412.0648498535156
2023-02-10,,724.25,32.84000015258789,62.938785552978516,74.947021484375,226.4911651611328,117.5070571899414,35.93564987182617,152.15550231933594,99.91360473632812,142.2093048095703,100.13921356201172,11.649999618530273,29.61018180847168,200.79312133789062,415.5487060546875
2023-02-13,,688.0499877929688,31.200000762939453,63.667152404785156,74.43305206298828,221.17239379882812,115.7335433959961,35.98057556152344,154.78363037109375,96.86412811279297,143.47129821777344,97.61434173583984,11.350000381469727,29.4271240234375,199.6166229248047,419.3535461425781
2023-02-14,,653.6500244140625,29.639999389648438,64.26697540283203,73.87235260009766,219.1532440185547,117.14756774902344,36.025489807128906,153.12374877929688,98.406005859375,142.8070831298828,97.18640899658203,11.300000190734863,29.518651962280273,199.12640380859375,418.98681640625
2023-02-15,,621.0,28.15999984741211,66.32352447509766,74.10597229003906,224.22576904296875,121.48546600341797,36.60944747924805,152.89321899414062,101.66108703613281,142.4749755859375,99.15494537353516,11.100000381469727,30.20513343811035,201.23431396484375,462.444091796875
2023-02-16,,616.2999877929688,29.559999465942383,66.36636352539062,74.19942474365234,220.63067626953125,128.9629669189453,36.78912353515625,154.36865234375,102.9631118774414,142.5413818359375,99.6684799194336,11.050000190734863,30.15937042236328,201.1362762451172,467.1198425292969
2023-02-17,,628.6500244140625,31.030000686645508,65.93791198730469,73.91908264160156,222.60060119628906,127.14153289794922,37.20771026611328,154.96804809570312,101.76387023925781,142.01004028320312,98.94097137451172,11.050000190734863,30.254207611083984,200.69508361816406,464.5986022949219
2023-02-20,,597.25,32.58000183105469,66.36636352539062,73.68544006347656,218.85775756835938,123.90606689453125,36.27751541137695,154.8297576904297,100.90727996826172,143.33848571777344,97.18640899658203,10.949999809265137,29.495485305786133,199.81268310546875,468.90765380859375
2023-02-21,,567.4000244140625,34.20000076293945,66.36636352539062,74.33960723876953,220.1874542236328,124.60111236572266,36.37053298950195,159.76327514648438,102.51766967773438,144.26837158203125,97.52873992919922,10.600000381469727,29.258378982543945,203.88150024414062,474.8670349121094
2023-02-22,,539.0499877929688,32.4900016784668,66.15213775634766,73.5452651977539,216.44461059570312,119.37643432617188,36.04497146606445,157.22732543945312,100.2905044555664,142.57461547851562,95.90255737304688,10.399999618530273,29.116119384765625,198.34202575683594,474.8191223144531
2023-02-23,,512.0999755859375,30.8700008392334,66.4092025756836,73.77890014648438,211.12582397460938,116.54840087890625,35.99846267700195,156.39739990234375,101.11283874511719,141.6446990966797,96.54447174072266,10.050000190734863,30.01711082458496,197.36160278320312,481.1864318847656
2023-02-24,,486.5,29.329999923706055,65.68143463134766,73.732177734375,208.56492614746094,115.18231201171875,35.90543746948242,157.68841552734375,101.56910705566406,142.84031677246094,96.71565246582031,10.100000381469727,30.206787109375,198.34202575683594,475.5851135253906
2023-02-27,,462.20001220703125,27.8700008392334,63.452632904052734,72.75094604492188,205.11758422851562,110.98821258544922,35.71940231323242,158.9794464111328,100.65660095214844,145.59681701660156,95.77418518066406,9.899999618530273,29.874845504760742,195.84193420410156,481.8566589355469
2023-02-28,,485.29998779296875,29.260000228881836,63.088748931884766,72.47059631347656,231.12046813964844,110.77251434326172,36.41705322265625,157.22732543945312,102.0604476928711,147.6226806640625,97.82830047607422,9.800000190734863,29.59032440185547,198.587158203125,484.82489013671875
2023-03-01,,509.54998779296875,30.719999313354492,63.270694732666016,73.5452651977539,230.18475341796875,113.45674133300781,37.30072784423828,158.84112548828125,104.90326690673828,145.39756774902344,98.47023010253906,10.0,30.443891525268555,200.5480194091797,485.016357421875
2023-03-02,,535.0,32.25,63.58909225463867,73.4985580444336,225.40773010253906,117.41119384765625,37.34724044799805,157.5039825439453,105.53498840332031,146.3606719970703,99.06935119628906,9.800000190734863,30.254207611083984,201.57748413085938,493.681640625
2023-03-03,,561.75,33.86000061035156,63.6800651550293,74.05924987792969,239.00013732910156,120.38302612304688,37.02166748046875,159.1638946533203,108.90426635742188,147.5230712890625,101.12348937988281,10.699999809265137,30.823253631591797,203.68540954589844,489.0378723144531
2023-03-06,,589.7999877929688,35.54999923706055,63.543601989746094,74.29287719726562,265.3970642089844,121.3416748046875,37.16120529174805,163.0369110107422,113.5369873046875,150.8773651123047,103.94791412353516,10.699999809265137,31.25004005432129,206.18553161621094,498.61273193359375
2023-03-08,,619.25,37.31999969482422,63.63457107543945,74.90029907226562,273.91693115234375,123.47467803955078,38.742530822753906,164.9273223876953,118.2048110961914,151.4751434326172,106.68677520751953,11.699999809265137,31.53455924987793,207.116943359375,508.1876525878906
2023-03-09,,650.2000122070312,39.18000030517578,64.8626937866211,74.38632202148438,265.6925354003906,122.85154724121094,37.951866149902344,165.48062133789062,118.02934265136719,149.98065185546875,107.88501739501953,11.199999809265137,31.581979751586914,205.6462860107422,510.6770935058594
2023-03-10,,682.7000122070312,40.97999954223633,64.49880981445312,73.63873291015625,264.3135986328125,124.36143493652344,38.184410095214844,166.67942810058594,117.2572021484375,150.47882080078125,104.76103973388672,11.449999809265137,31.107776641845703,204.6658477783203,513.11865234375
2023-03-13,,716.7999877929688,43.02000045776367,63.63457107543945,71.95661926269531,254.9564971923828,118.0822525024414,37.44026184082031,165.711181640625,114.73027038574219,150.179931640625,102.4073257446289,10.75,29.780006408691406,198.8812713623047,508.76214599609375
2023-03-14,,706.0999755859375,40.869998931884766,63.6800651550293,70.78849029541016,246.78131103515625,115.06248474121094,37.39374923706055,164.05128479003906,113.04563903808594,149.5821075439453,100.18202209472656,10.699999809265137,29.874845504760742,199.42050170898438,505.4588623046875
2023-03-15,,740.4000244140625,40.36000061035156,63.49811553955078,70.13434600830078,252.34634399414062,116.5244369506836,38.23092269897461,164.3279266357422,112.9052505493164,151.64120483398438,99.92523193359375,10.75,29.732585906982422,198.97930908203125,515.1773071289062
2023-03-16,,777.4000244140625,39.7400016784668,62.67937088012695,69.0596694946289,250.81964111328125,114.19969940185547,37.81233596801758,165.61895751953125,111.01006317138672,154.19845581054688,100.31038665771484,10.550000190734863,29.40064239501953,199.42050170898438,522.4063110351562
2023-03-17,,816.25,39.9900016784668,62.588409423828125,69.52690887451172,248.11099243164062,113.1212158203125,38.88206100463867,163.17523193359375,109.43070983886719,152.57110595703125,101.29466247558594,10.699999809265137,29.35322380065918,201.1362762451172,512.592041015625
2023-03-20,,848.6500244140625,38.040000915527344,62.08805465698242,68.49897003173828,242.2997589111328,111.92290496826172,37.62629699707031,162.29920959472656,105.88595581054688,151.1098175048828,99.41170501708984,10.300000190734863,29.258378982543945,198.6361846923828,507.5173645019531
2023-03-21,,891.0499877929688,39.939998626708984,62.22451400756836,68.59241485595703,248.25875854492188,112.64188385009766,37.20771026611328,163.31356811523438,108.20233154296875,148.22048950195312,101.55143737792969,10.25,29.54290199279785,198.34202575683594,497.08074951171875
2023-03-22,,935.5999755859375,40.810001373291016,62.406463623046875,69.19984436035156,247.3230438232422,112.25841522216797,37.48677062988281,160.77764892578125,108.16722869873047,148.85150146484375,101.42304229736328,10.300000190734863,29.35322380065918,197.01844787597656,494.9743347167969
2023-03-23,,982.3499755859375,40.279998779296875,61.81514358520508,68.49897003173828,244.2204132080078,111.32373046875,37.20771026611328,161.00814819335938,106.93885803222656,147.5562744140625,100.48158264160156,9.949999809265137,29.35322380065918,196.18507385253906,493.5859375
2023-03-24,,1029.3499755859375,38.52000045776367,60.768978118896484,68.54569244384766,233.1396484375,108.66345977783203,36.83563232421875,159.25607299804688,103.99076080322266,147.7223358154297,98.55582427978516,9.850000381469727,28.973857879638672,188.97889709472656,481.5215759277344
2023-03-27,,984.9000244140625,36.599998474121094,58.813087463378906,67.14393615722656,223.68405151367188,107.10565185546875,36.27751541137695,157.9189453125,104.51720428466797,146.19461059570312,98.47023010253906,9.399999618530273,29.258378982543945,182.9982147216797,466.4889831542969
2023-03-28,,935.6500244140625,34.77000045776367,57.49399948120117,67.28411102294922,218.9562530517578,104.3255615234375,36.32402801513672,158.61056518554688,102.97296905517578,147.5230712890625,97.65711975097656,9.149999618530273,29.210960388183594,180.35104370117188,489.61236572265625
2023-03-29,,894.3499755859375,36.5,59.85926055908203,69.0596694946289,233.0903778076172,107.68084716796875,38.69601821899414,160.45489501953125,106.09654998779297,147.75550842285156,99.06935119628906,9.800000190734863,31.012937545776367,181.8707275390625,507.70892333984375
2023-03-31,,881.1500244140625,38.31999969482422,60.63251876831055,70.92867279052734,237.2272186279297,104.51729583740234,37.39374923706055,161.46926879882812,106.5177001953125,149.91424560546875,98.81258392333984,9.949999809265137,31.53455924987793,186.5277862548828,488.7027587890625
2023-04-03,,837.4500122070312,38.11000061035156,61.90612030029297,72.00334930419922,246.5350799560547,107.9924087524414,37.48677062988281,163.9590606689453,108.83406066894531,149.18357849121094,100.22480773925781,10.399999618530273,31.344877243041992,190.1553955078125,498.5169677734375
2023-04-05,,815.5999755859375,38.02000045776367,62.95228576660156,72.7042236328125,249.1944580078125,110.14938354492188,37.44026184082031,162.20697021484375,109.99225616455078,149.88101196289062,100.73832702636719,10.800000190734863,31.107776641845703,190.79269409179688,499.9532470703125
2023-04-06,,856.3499755859375,38.439998626708984,62.95228576660156,72.37714385986328,248.2095184326172,111.68323516845703,37.44026184082031,161.56146240234375,110.44850158691406,149.6153564453125,101.63703155517578,11.149999618530273,30.965517044067383,191.42996215820312,499.18719482421875
2023-04-10,,899.1500244140625,38.79999923706055,63.179718017578125,72.42387390136719,244.90988159179688,110.50888061523438,37.25421905517578,163.77464294433594,116.80094909667969,152.13938903808594,106.17324829101562,10.899999618530273,30.918094635009766,191.87115478515625,497.8946228027344
2023-04-11,,944.0999755859375,38.79999923706055,63.543601989746094,71.20901489257812,238.35992431640625,110.05352020263672,38.370452880859375,164.23574829101562,118.76637268066406,153.66708374023438,106.43000030517578,12.550000190734863,31.012937545776367,193.6849822998047,521.9755249023438
2023-04-12,,941.8499755859375,38.4900016784668,62.04256820678711,71.62954711914062,240.67459106445312,110.58077239990234,38.41695785522461,162.11476135253906,116.44998931884766,150.9770050048828,105.53131866455078,12.149999618530273,31.155193328857422,193.2437744140625,512.7835693359375
2023-04-13,,941.1500244140625,37.83000183105469,62.08805465698242,69.10639190673828,241.75802612304688,111.08407592773438,39.858760833740234,159.578857421875,113.43169403076172,153.56744384765625,103.86234283447266,12.800000190734863,31.487138748168945,192.4594268798828,516.0869140625
2023-04-17,,962.5499877929688,37.88999938964844,61.860626220703125,70.13434600830078,244.61441040039062,110.31715393066406,40.416873931884766,156.39739990234375,116.09902954101562,157.1874542236328,105.18896484375,12.699999809265137,31.629398345947266,193.09669494628906,497.8468017578125
2023-04-18,,952.25,37.66999816894531,61.81514358520508,69.85398864746094,243.9741668701172,111.46753692626953,40.044795989990234,156.8584747314453,113.5369873046875,152.96966552734375,105.48853302001953,12.399999618530273,31.581979751586914,193.39083862304688,508.71429443359375
2023-04-19,,935.7999877929688,37.459999084472656,62.315486907958984,70.18106842041016,244.3189239501953,110.86837768554688,39.951778411865234,154.09201049804688,113.3966064453125,152.73715209960938,105.14617156982422,12.25,31.297456741333008,189.66517639160156,510.7250061035156
2023-04-20,,933.0499877929688,39.15999984741211,62.04256820678711,70.88194274902344,255.54745483398438,115.44595336914062,38.97507858276367,156.4896240234375,112.3086166381836,153.36819458007812,105.0177993774414,12.100000381469727,31.487138748168945,192.55746459960938,515.12939453125
2023-04-21,,916.2000122070312,39.849998474121094,61.724178314208984,71.06884765625,249.83468627929688,114.51126098632812,39.858760833740234,156.4896240234375,109.99225616455078,153.79991149902344,104.33307647705078,12.0,31.202619552612305,191.87115478515625,517.8104248046875
2023-04-24,,887.0999755859375,40.279998779296875,61.724178314208984,70.92867279052734,255.3012237548828,114.03192901611328,39.4401741027832,157.642333984375,112.87015533447266,154.06558227539062,106.08763885498047,11.800000190734863,31.629398345947266,192.0182342529297,520.9223022460938
2023-04-25,,931.1500244140625,41.130001068115234,62.497432708740234,70.97539520263672,255.99066162109375,114.15177154541016,39.16111373901367,157.7806396484375,113.85285186767578,154.6966094970703,107.02914428710938,11.850000381469727,32.909751892089844,193.7830047607422,520.2041625976562
2023-04-26,,924.5999755859375,42.27000045776367,63.58909225463867,85.13309478759766,254.41473388671875,114.39142608642578,41.20753860473633,156.62794494628906,116.0639419555664,158.2833709716797,107.24310302734375,11.899999618530273,33.668479919433594,194.32225036621094,517.04443359375
2023-04-27,,917.0499877929688,42.83000183105469,64.18040466308594,84.3387680053711,252.69105529785156,113.45674133300781,41.71914291381836,157.642333984375,115.71297454833984,156.72247314453125,107.07192993164062,12.5,34.14268493652344,194.6163787841797,519.0072631835938
2023-04-28,,951.0,44.970001220703125,62.315486907958984,87.14227294921875,256.7786560058594,112.35429382324219,41.16102981567383,158.61056518554688,119.25772857666016,157.58596801757812,113.10596466064453,12.199999809265137,33.71589279174805,197.16551208496094,527.9598999023438
2023-05-02,,974.6500244140625,47.189998626708984,62.315486907958984,85.55362701416016,253.8237762451172,111.99479675292969,41.39358139038086,161.9303436279297,121.85486602783203,159.47900390625,116.7862777709961,12.149999618530273,33.526214599609375,197.80279541015625,518.8157958984375
2023-05-03,,942.0499877929688,46.33000183105469,61.4057731628418,84.29203796386719,257.6650695800781,111.49150848388672,42.46330261230469,162.6219482421875,119.6437759399414,159.2133026123047,116.52952575683594,11.899999618530273,36.229183197021484,199.81268310546875,515.8953857421875
2023-05-04,,945.5499877929688,47.630001068115234,62.90679931640625,85.50689697265625,254.9564971923828,112.61791229248047,42.091224670410156,162.6219482421875,122.4163818359375,158.64871215820312,117.17141723632812,12.199999809265137,35.423030853271484,199.86170959472656,524.4171142578125
2023-05-05,,940.5499877929688,47.970001220703125,62.45194625854492,84.61912536621094,256.5324401855469,111.22786712646484,42.50980758666992,160.68540954589844,118.52069091796875,160.11000061035156,113.23433685302734,12.399999618530273,35.612709045410156,196.2340850830078,517.4752197265625
2023-05-08,,917.2999877929688,47.7400016784668,62.497432708740234,88.82437133789062,259.142578125,110.58077239990234,42.41679382324219,163.2674560546875,119.8543472290039,162.567626953125,114.34700775146484,12.149999618530273,36.039493560791016,198.7342071533203,522.8850708007812
2023-05-09,,903.1500244140625,48.060001373291016,62.724853515625,88.03004455566406,256.5816345214844,107.87258911132812,41.486595153808594,162.29920959472656,116.87117004394531,161.6709442138672,112.93476867675781,12.0,35.3756103515625,199.3224639892578,510.91644287109375
2023-05-10,,902.3499755859375,47.63999938964844,62.90679931640625,86.86192321777344,260.8662414550781,106.8420181274414,41.34706497192383,163.2674560546875,116.02885437011719,164.4938201904297,112.50684356689453,11.899999618530273,34.85398864746094,200.15585327148438,514.9857788085938
2023-05-11,,913.5499877929688,48.529998779296875,63.452632904052734,90.78682708740234,258.8470458984375,108.0882797241211,41.39358139038086,165.57286071777344,115.5374755859375,165.0916290283203,112.6352310180664,11.850000381469727,34.94882583618164,202.26377868652344,514.9857788085938
2023-05-12,,895.5999755859375,48.16999816894531,63.907493591308594,89.38507080078125,256.0399475097656,108.23207092285156,41.440086364746094,161.33090209960938,115.57258605957031,160.57493591308594,113.7051010131836,11.800000190734863,34.75914764404297,202.9990997314453,512.400634765625
2023-05-15,,868.7000122070312,47.16999816894531,64.22589111328125,89.2448959350586,252.1985626220703,110.0055923461914,40.88197326660156,162.25308227539062,120.13513946533203,161.57127380371094,116.70069885253906,11.600000381469727,34.42720031738281,204.07757568359375,509.3366394042969
2023-05-16,,874.1500244140625,47.2400016784668,63.816524505615234,91.11390686035156,251.06588745117188,112.16255950927734,41.16102981567383,163.63632202148438,117.43268585205078,159.81109619140625,113.53387451171875,11.699999809265137,34.90140914916992,207.21498107910156,507.0865173339844
2023-05-17,,875.4000244140625,46.869998931884766,63.31616973876953,93.30998229980469,245.05763244628906,113.5526123046875,41.20753860473633,162.29920959472656,115.36200714111328,158.61550903320312,113.91905212402344,11.600000381469727,35.09109115600586,203.68540954589844,511.7304382324219
2023-05-18,,860.5499877929688,45.0099983215332,65.36302947998047,90.5531997680664,243.03846740722656,119.28057861328125,40.97499084472656,161.46926879882812,115.71297454833984,156.52320861816406,110.83785247802734,11.399999618530273,34.4746208190918,200.59706115722656,512.400634765625
2023-05-19,,896.9500122070312,47.220001220703125,65.22657775878906,92.5623779296875,240.13284301757812,121.46150207519531,41.02149963378906,159.8094024658203,116.27450561523438,155.2279815673828,111.09461975097656,11.449999809265137,33.81074142456055,201.8225860595703,504.74072265625
2023-05-22,,941.75,49.58000183105469,63.907493591308594,92.74928283691406,241.46253967285156,122.03670501708984,40.50989532470703,160.54710388183594,116.73075103759766,155.6597442626953,110.40990447998047,11.5,34.14268493652344,202.1657257080078,507.6131591796875
2023-05-23,,988.7999877929688,52.04999923706055,63.49811553955078,92.98290252685547,244.41741943359375,120.81441497802734,40.137821197509766,160.59320068359375,116.34471893310547,155.49368286132812,111.69374084472656,12.949999809265137,34.000423431396484,202.85203552246094,512.592041015625
2023-05-24,,984.25,51.209999084472656,63.49811553955078,92.9361801147461,245.944091796875,121.89290618896484,39.998291015625,161.33090209960938,116.87117004394531,156.62286376953125,112.03608703613281,12.100000381469727,34.04784393310547,203.09713745117188,529.3960571289062
2023-05-25,,970.6500244140625,51.83000183105469,63.49811553955078,93.87068176269531,254.80873107910156,115.03852081298828,39.71923065185547,160.91595458984375,119.74906921386719,158.0509033203125,113.83345794677734,12.850000381469727,33.81074142456055,206.67575073242188,531.933349609375
2023-05-26,,963.3499755859375,51.61000061035156,63.31616973876953,92.5623779296875,252.05084228515625,113.74434661865234,39.951778411865234,160.91595458984375,119.6437759399414,157.61917114257812,114.21861267089844,13.050000190734863,33.478797912597656,208.04835510253906,529.0130615234375
2023-05-29,,977.8499755859375,51.279998779296875,63.58909225463867,90.83354949951172,248.89898681640625,117.38721466064453,39.9052734375,162.5758514404297,122.34619903564453,155.7593536376953,116.27275085449219,13.300000190734863,34.000423431396484,212.75442504882812,531.741943359375
2023-05-30,,966.8499755859375,50.220001220703125,63.04326248168945,90.45976257324219,257.22186279296875,116.04511260986328,40.74244689941406,163.0369110107422,127.1543960571289,156.1578826904297,120.12427520751953,12.949999809265137,34.000423431396484,212.65638732910156,542.4179077148438
2023-05-31,,977.7000122070312,49.93000030517578,62.997779846191406,88.35713195800781,250.22866821289062,115.37405395507812,40.416873931884766,160.31655883789062,128.03182983398438,155.32760620117188,121.15132904052734,12.949999809265137,33.95299530029297,209.37193298339844,527.9598999023438
2023-06-01,,993.9500122070312,50.83000183105469,62.90679931640625,86.90863800048828,249.6376953125,114.99058532714844,40.416873931884766,160.82374572753906,128.59335327148438,154.7630157470703,120.3382339477539,12.949999809265137,33.71589279174805,211.0876922607422,537.6782836914062
2023-06-02,,983.5499877929688,51.130001068115234,63.270694732666016,87.46934509277344,249.09165954589844,118.17811584472656,40.184329986572266,160.96206665039062,133.68234252929688,155.82579040527344,123.46223449707031,13.149999618530273,33.858158111572266,211.4308319091797,539.8325805664062
2023-06-05,,987.8499755859375,51.88999938964844,64.36235046386719,90.08595275878906,247.80104064941406,124.67300415039062,40.8354606628418,160.54710388183594,135.9285125732422,156.49000549316406,124.31813049316406,13.100000381469727,33.90557861328125,214.7643280029297,563.5305786132812
2023-06-06,,991.8499755859375,52.599998474121094,64.81720733642578,89.9457778930664,261.4519348144531,128.10018920898438,41.440086364746094,161.7458953857422,136.52517700195312,156.29074096679688,125.08842468261719,13.600000381469727,34.04784393310547,212.5093231201172,586.1752319335938
2023-06-07,,985.5499877929688,54.970001220703125,65.04463195800781,91.02045440673828,266.06842041015625,139.98751831054688,40.88197326660156,163.54412841796875,137.89393615722656,158.88119506835938,125.43077850341797,14.75,36.181758880615234,216.17071533203125,658.5135498046875
2023-06-08,,976.0,55.83000183105469,65.09012603759766,90.17940521240234,262.196533203125,144.27748107910156,41.71914291381836,167.87823486328125,138.17469787597656,160.50851440429688,124.78887939453125,14.050000190734863,35.138511657714844,218.34776306152344,639.3158569335938
2023-06-09,,963.6500244140625,55.2400016784668,64.8626937866211,90.5531997680664,259.5159912109375,144.03781127929688,41.39358139038086,168.56983947753906,139.4732666015625,162.667236328125,127.57050323486328,13.949999809265137,34.664306640625,218.89202880859375,651.4760131835938
2023-06-12,,961.0999755859375,54.310001373291016,64.81720733642578,90.41302490234375,255.34628295898438,139.31643676757812,41.858673095703125,171.24411010742188,141.89491271972656,160.50851440429688,132.32070922851562,15.850000381469727,36.0869140625,218.64462280273438,654.109130859375
2023-06-13,,955.2999877929688,53.560001373291016,65.54498291015625,90.319580078125,259.1684875488281,149.86163330078125,42.37028121948242,170.9213409423828,142.5266571044922,160.9070587158203,132.5774688720703,16.049999237060547,36.37143325805664,219.4857635498047,641.7574462890625
2023-06-14,,957.6500244140625,53.04999923706055,65.22657775878906,91.72132110595703,263.8842468261719,151.61119079589844,42.230751037597656,172.62733459472656,141.12278747558594,163.72996520996094,131.5504150390625,15.899999618530273,36.46628189086914,221.8112335205078,634.8156127929688
2023-06-15,,962.5999755859375,53.849998474121094,65.18109893798828,90.5531997680664,260.4591369628906,148.61537170410156,41.71914291381836,172.16622924804688,141.0175018310547,163.69679260253906,129.71018981933594,16.75,36.89306640625,218.2982940673828,628.0653686523438
2023-06-16,,975.0499877929688,53.220001220703125,65.4994888305664,90.50647735595703,254.75057983398438,148.08815002441406,41.858673095703125,173.54946899414062,141.52011108398438,163.69679260253906,130.6089324951172,16.100000381469727,36.79822540283203,219.93106079101562,646.41748046875
2023-06-19,,960.3499755859375,52.72999954223633,65.4994888305664,90.17940521240234,251.77220153808594,151.29962158203125,42.41679382324219,171.38241577148438,141.62782287597656,161.47164916992188,131.67881774902344,15.699999809265137,36.51370620727539,220.82167053222656,648.5850219726562
2023-06-20,,961.7000122070312,52.34000015258789,66.50018310546875,90.78682708740234,255.19732666015625,151.65911865234375,42.60282897949219,172.9039764404297,146.43849182128906,165.2244873046875,136.77134704589844,15.300000190734863,37.27242660522461,222.6029052734375,635.8685913085938
2023-06-21,,977.0,52.130001068115234,66.45469665527344,93.5436019897461,272.322998046875,152.06654357910156,42.60282897949219,172.9039764404297,149.92086791992188,171.5013427734375,140.2377166748047,15.0,38.600196838378906,221.95968627929688,636.591064453125
2023-06-22,,974.8499755859375,51.31999969482422,66.3182373046875,92.74928283691406,270.1388854980469,157.98623657226562,42.32377243041992,170.1375274658203,145.93589782714844,168.41275024414062,136.12940979003906,14.75,38.125999450683594,218.79307556152344,628.8360595703125
2023-06-23,,959.8499755859375,48.47999954223633,65.40851593017578,92.79600524902344,259.5159912109375,153.8160858154297,42.37028121948242,172.16622924804688,143.7100372314453,166.1211700439453,133.51893615722656,14.75,37.36726760864258,216.0222930908203,617.2756958007812
2023-06-26,,968.4500122070312,50.119998931884766,65.59046173095703,93.59033966064453,270.0892028808594,154.60696411132812,42.37028121948242,170.50634765625,143.49464416503906,165.0584259033203,133.73294067382812,14.100000381469727,39.833126068115234,216.31915283203125,608.3164672851562
2023-06-27,,959.5499877929688,50.619998931884766,65.54498291015625,93.3567123413086,268.89788818359375,153.84007263183594,42.69585037231445,171.5668487548828,149.23875427246094,165.755859375,137.7984161376953,13.850000381469727,39.121826171875,216.96237182617188,604.607421875
2023-06-28,,956.6500244140625,50.93000030517578,64.68074035644531,92.98290252685547,269.7913818359375,153.95989990234375,42.27726364135742,174.3794403076172,156.38294982910156,166.15438842773438,142.71975708007812,14.149999618530273,38.45793533325195,215.77488708496094,596.65966796875
2023-06-30,,945.9000244140625,49.970001220703125,65.4540023803711,94.5715560913086,270.7841796875,146.72206115722656,42.74235534667969,174.42550659179688,155.0187225341797,169.47549438476562,140.92239379882812,14.050000190734863,38.78988265991211,219.53524780273438,592.7098999023438
2023-07-03,,942.8499755859375,49.689998626708984,65.954345703125,93.87068176269531,286.91705322265625,148.7831573486328,42.27726364135742,176.362060546875,157.78309631347656,166.38685607910156,142.29185485839844,15.0,40.165069580078125,219.584716796875,583.9432373046875
2023-07-04,,946.0,49.41999816894531,66.36372375488281,94.05757904052734,292.1788330078125,147.94432067871094,42.41679382324219,178.944091796875,158.860107421875,165.78904724121094,140.92239379882812,14.649999618530273,39.833126068115234,218.34776306152344,569.2520141601562
2023-07-05,,948.2000122070312,49.130001068115234,66.54566955566406,93.49688720703125,299.5751953125,148.1121063232422,42.230751037597656,178.3446807861328,160.33204650878906,168.21347045898438,142.5058135986328,14.350000381469727,41.72994613647461,219.3867950439453,587.3632202148438
2023-07-06,,962.2000122070312,49.290000915527344,68.95641326904297,100.45891571044922,307.76568603515625,147.800537109375,43.67255401611328,181.43389892578125,160.58334350585938,174.49034118652344,141.7782745361328,15.300000190734863,44.9071044921875,227.2043914794922,616.8903198242188
2023-07-07,,951.0,48.75,68.27412414550781,102.74844360351562,304.4398498535156,152.06654357910156,42.88188552856445,177.60696411132812,158.89601135253906,169.6747283935547,141.9923095703125,15.25,45.428733825683594,225.62107849121094,610.3394165039062
2023-07-10,,959.4500122070312,48.40999984741211,68.36509704589844,106.15938568115234,302.3549499511719,148.80711364746094,42.78886795043945,176.6387176513672,161.19361877441406,166.0547637939453,142.84812927246094,15.050000190734863,44.52775192260742,222.6523895263672,596.3706665039062
2023-07-11,,965.1500244140625,48.84000015258789,68.04669189453125,105.36505126953125,307.31890869140625,149.38232421875,43.579532623291016,177.42251586914062,163.06045532226562,168.3795166015625,144.98788452148438,15.350000381469727,45.76068115234375,223.14715576171875,601.2838745117188
2023-07-12,,954.5499877929688,48.16999816894531,67.7737808227539,106.34627532958984,310.6944580078125,149.47817993164062,43.90509796142578,175.94708251953125,163.16818237304688,167.41639709472656,144.64552307128906,15.899999618530273,45.47615432739258,223.93881225585938,602.9215087890625
2023-07-13,,947.0499877929688,47.439998626708984,68.27412414550781,102.79517364501953,296.7456970214844,153.72023010253906,42.78886795043945,173.2728271484375,161.3013458251953,161.47164916992188,141.478759765625,15.199999809265137,43.29481887817383,219.53524780273438,589.6753540039062
2023-07-14,,965.2000122070312,48.380001068115234,68.63800048828125,104.52400207519531,302.4046325683594,155.90115356445312,42.69585037231445,172.8578643798828,161.26541137695312,159.44577026367188,140.90737915039062,15.25,43.484500885009766,218.74359130859375,588.0858154296875
2023-07-17,,965.2999877929688,49.13999938964844,69.0473861694336,104.29037475585938,291.18603515625,161.98863220214844,42.83538055419922,171.9818115234375,160.40380859375,160.0767822265625,141.69850158691406,15.25,44.05354309082031,221.16802978515625,587.5559692382812
2023-07-18,,973.75,49.310001373291016,68.18314361572266,101.76722717285156,287.6120300292969,158.41761779785156,42.46330261230469,172.76565551757812,159.1831817626953,160.1764373779297,140.7315673828125,15.199999809265137,43.43708038330078,219.18890380859375,595.070068359375
2023-07-19,,979.6500244140625,49.13999938964844,68.2286376953125,103.12224578857422,293.3702087402344,162.92330932617188,43.48651123046875,177.5608367919922,162.55784606933594,161.57127380371094,142.70938110351562,15.649999618530273,46.187461853027344,217.2097625732422,602.6806640625
2023-07-20,,985.0,48.83000183105469,68.2286376953125,102.65499877929688,292.4767150878906,161.55723571777344,44.97481918334961,177.88360595703125,162.4142608642578,162.2355194091797,142.18194580078125,15.699999809265137,47.70491409301758,215.87384033203125,592.0355224609375
2023-07-21,,995.5499877929688,48.349998474121094,68.18314361572266,101.5335922241211,286.0235595703125,159.49610900878906,43.719058990478516,179.91233825683594,162.9886932373047,162.1358642578125,142.26986694335938,15.800000190734863,47.56264877319336,215.1316680908203,590.7349853515625
2023-07-24,,989.1500244140625,47.599998474121094,68.04669189453125,106.01920318603516,284.3357849121094,160.5699920654297,46.416622161865234,180.65008544921875,172.14328002929688,164.36099243164062,152.02700805664062,15.649999618530273,54.154090881347656,215.08221435546875,581.7274780273438
2023-07-25,,1088.050048828125,52.029998779296875,68.18314361572266,105.97248077392578,291.9306640625,165.841796875,46.50963592529297,185.0303192138672,171.06631469726562,166.81863403320312,151.32379150390625,15.949999809265137,56.71479034423828,217.1602783203125,589.1454467773438
2023-07-26,,1140.4000244140625,51.099998474121094,69.50224304199219,107.18732452392578,290.391845703125,166.598388671875,45.85850524902344,185.90635681152344,174.26144409179688,166.71897888183594,152.55441284179688,15.75,55.05507278442383,219.18890380859375,615.5415649414062
2023-07-27,,1119.199951171875,50.599998474121094,69.45674896240234,106.2528305053711,287.31414794921875,173.18812561035156,45.76548385620117,186.22911071777344,181.9082794189453,166.51968383789062,165.4320831298828,16.549999237060547,53.11083984375,218.59515380859375,608.8944091796875
2023-07-28,,1092.5999755859375,51.709999084472656,68.59252166748047,106.57991027832031,289.9947204589844,178.4599151611328,46.7421875,193.65243530273438,183.7032928466797,171.5013427734375,170.75021362304688,16.100000381469727,52.9211540222168,232.20167541503906,647.1881103515625
2023-07-31,,1093.300048828125,54.65999984741211,71.23069763183594,109.14978790283203,286.6192321777344,181.75479125976562,47.904930114746094,201.35243225097656,187.68826293945312,176.71548461914062,178.39772033691406,16.450000762939453,54.39118957519531,234.2303009033203,651.9567260742188
2023-08-01,,1087.050048828125,54.63999938964844,70.32098388671875,107.56112670898438,293.71771240234375,187.0998077392578,48.32351303100586,207.6230926513672,185.85733032226562,167.25035095214844,175.8046112060547,17.0,54.01182556152344,241.84996032714844,652.96826171875
2023-08-02,,1052.449951171875,53.540000915527344,69.86612701416016,104.4305419921875,288.75372314453125,182.58460998535156,45.76548385620117,202.0440673828125,184.02638244628906,165.0916290283203,172.55218505859375,18.149999618530273,52.2098503112793,233.29022216796875,639.8184204101562
2023-08-03,,1036.0,54.970001220703125,71.13972473144531,104.61744689941406,285.03076171875,190.90721130371094,46.1840705871582,202.96621704101562,186.79075622558594,165.19125366210938,175.4090576171875,18.049999237060547,54.29634475708008,232.9933319091797,644.2017822265625
2023-08-04,,1012.5499877929688,55.70000076293945,71.68555450439453,106.57991027832031,291.18603515625,176.21453857421875,45.9980354309082,200.9835662841797,185.67782592773438,164.29457092285156,175.2771759033203,19.049999237060547,54.05924606323242,233.19125366210938,641.6006469726562
2023-08-07,,965.9000244140625,54.65999984741211,71.23069763183594,113.02796173095703,289.74652099609375,183.24359130859375,46.0445442199707,200.9835662841797,191.6014404296875,164.69309997558594,186.3968048095703,18.649999618530273,53.63246154785156,230.37100219726562,635.9166870117188
2023-08-08,,984.2999877929688,56.04999923706055,71.04875946044922,111.76638793945312,288.75372314453125,184.02459716796875,45.85850524902344,200.61473083496094,193.1451416015625,163.54190063476562,190.74794006347656,17.799999237060547,53.01599884033203,231.4595184326172,633.4602661132812
2023-08-09,,971.2999877929688,55.43000030517578,70.18452453613281,110.87860870361328,311.9850769042969,182.58460998535156,46.0445442199707,201.67520141601562,193.89907836914062,162.76312255859375,191.49513244628906,18.25,51.73564910888672,232.44908142089844,637.79541015625
2023-08-10,,973.9000244140625,56.380001068115234,70.23001098632812,110.36463165283203,334.12432861328125,193.7627716064453,46.230587005615234,200.47637939453125,191.7450408935547,163.74505615234375,190.39639282226562,17.5,51.5933837890625,234.67559814453125,646.899169921875
2023-08-11,,971.3499755859375,57.619998931884766,71.23069763183594,107.514404296875,339.584716796875,195.7640838623047,46.649169921875,199.1672821044922,189.5909881591797,165.43801879882812,197.16485595703125,17.399999618530273,52.77889633178711,233.7355194091797,616.4568481445312
2023-08-14,,951.25,57.220001220703125,71.27618408203125,112.32707977294922,344.7472229003906,200.6209716796875,46.835201263427734,199.1672821044922,189.5909881591797,165.57347106933594,197.92210388183594,16.950000762939453,54.580867767333984,228.7382049560547,619.057861328125
2023-08-16,818.0999755859375,948.5,55.97999954223633,71.09423828125,109.99083709716797,365.34765625,198.64407348632812,46.2770881652832,203.3282928466797,189.69869995117188,167.97750854492188,198.8130645751953,16.75,54.7231330871582,232.49855041503906,609.616943359375
2023-08-17,822.2000122070312,933.5,57.310001373291016,70.54840850830078,108.21528625488281,350.0090026855469,188.22251892089844,46.1840705871582,201.73870849609375,194.4734649658203,165.03170776367188,209.4597930908203,16.549999237060547,53.96440124511719,230.07412719726562,605.6671752929688
2023-08-18,871.9000244140625,994.75,60.91999816894531,70.27549743652344,107.37422943115234,359.7384033203125,192.42041015625,46.370113372802734,201.1776580810547,192.78616333007812,163.2032928466797,209.05885314941406,16.399999618530273,53.300514221191406,227.6991729736328,606.871337890625
2023-08-21,923.5499877929688,1020.0499877929688,64.97000122070312,70.6393814086914,106.299560546875,358.6463317871094,192.44480895996094,46.602657318115234,204.59063720703125,193.89907836914062,167.40188598632812,212.84535217285156,16.350000381469727,52.58921813964844,236.8526611328125,612.69970703125
2023-08-22,960.1500244140625,1015.0999755859375,69.4800033569336,71.41264343261719,108.21528625488281,358.0010070800781,189.4916534423828,46.74345016479492,207.3022918701172,196.08900451660156,167.8082275390625,212.3553466796875,17.399999618530273,56.003482818603516,240.9593505859375,637.6990356445312
2023-08-23,890.4000244140625,971.5,64.56999969482422,76.27961730957031,111.67293548583984,354.72479248046875,188.3201141357422,47.44742202758789,207.3022918701172,196.2685089111328,169.02711486816406,213.86997985839844,17.299999237060547,55.33959197998047,243.03744506835938,635.57958984375
2023-08-24,895.1500244140625,983.6500244140625,65.76000213623047,74.68761444091797,110.92533111572266,348.1723937988281,189.27198791503906,47.400489807128906,206.5074920654297,194.36575317382812,166.79241943359375,216.94369506835938,17.299999237060547,55.52927780151367,247.14413452148438,639.8665771484375
2023-08-25,874.5499877929688,979.4500122070312,65.01000213623047,73.86886596679688,111.39258575439453,345.0947265625,188.9790802001953,46.931182861328125,203.74908447265625,193.89907836914062,163.88047790527344,213.2017364501953,17.350000381469727,53.91698455810547,243.03744506835938,641.9378051757812
2023-08-28,864.9500122070312,980.0999755859375,64.36000061035156,74.46017456054688,113.30831909179688,344.7472229003906,190.56552124023438,47.541290283203125,204.4971466064453,195.3350830078125,168.28224182128906,216.720947265625,17.450000762939453,57.6631965637207,242.3942108154297,642.2750244140625
2023-08-29,857.1500244140625,974.5,66.54000091552734,75.59733581542969,113.30831909179688,363.5606689453125,198.57081604003906,47.91673278808594,206.7412872314453,193.8631591796875,170.07681274414062,217.7010040283203,18.25,58.23223876953125,244.32386779785156,641.3598022460938
2023-08-30,841.7000122070312,970.5,65.68000030517578,76.46155548095703,112.51399230957031,354.2283935546875,194.5681610107422,47.822872161865234,206.0867156982422,195.9095001220703,167.33416748046875,218.36920166015625,20.200000762939453,59.13322448730469,244.76918029785156,636.4465942382812
2023-08-31,811.9500122070312,928.6500244140625,64.26000213623047,75.68830108642578,112.60743713378906,348.42059326171875,207.45477294921875,47.118900299072266,205.99322509765625,186.82667541503906,165.60731506347656,212.6226348876953,19.149999618530273,59.41775131225586,242.54266357421875,632.8340454101562
2023-09-01,824.9000244140625,949.0999755859375,66.05000305175781,78.6448745727539,120.08345794677734,351.69677734375,203.94024658203125,47.165836334228516,215.71783447265625,184.8162384033203,170.78785705566406,212.7562713623047,19.0,59.986793518066406,252.6857147216797,640.8299560546875
2023-09-04,817.5999755859375,959.2000122070312,68.3499984741211,82.92053985595703,120.55070495605469,360.9794006347656,203.84263610839844,48.151390075683594,220.48663330078125,189.69869995117188,172.95486450195312,217.03280639648438,19.549999237060547,61.646507263183594,256.4460754394531,679.6535034179688
2023-09-05,813.4500122070312,962.0999755859375,68.48999786376953,81.10110473632812,120.69087219238281,376.02020263671875,204.11106872558594,49.465457916259766,219.36456298828125,188.19085693359375,172.2099151611328,214.0926971435547,19.799999237060547,60.69810104370117,255.75335693359375,675.8964233398438
2023-09-06,855.9500122070312,1006.0999755859375,69.51000213623047,83.7847671508789,121.53193664550781,379.5445861816406,202.3538055419922,50.02864074707031,216.8398895263672,184.88803100585938,172.34539794921875,209.05885314941406,21.200000762939453,58.84870529174805,254.8132781982422,674.49951171875
2023-09-07,839.4000244140625,1002.6500244140625,71.76000213623047,82.69310760498047,121.62537384033203,379.69354248046875,205.74632263183594,50.63874435424805,218.8970489501953,195.1914825439453,174.0383758544922,218.77011108398438,21.200000762939453,60.17647933959961,260.9485778808594,693.57421875
2023-09-08,833.0,1001.2000122070312,73.83000183105469,84.51253509521484,124.12716674804688,391.706298828125,200.3524932861328,49.55931854248047,224.64764404296875,219.06536865234375,175.1557159423828,240.68719482421875,21.149999618530273,60.69810104370117,266.0448303222656,698.8726806640625
2023-09-11,874.9000244140625,1014.6500244140625,79.68000030517578,83.64830017089844,136.97288513183594,428.14178466796875,204.55038452148438,51.342708587646484,227.31256103515625,219.855224609375,179.1173095703125,240.9545135498047,20.799999237060547,72.83772277832031,269.0630187988281,691.2138671875
2023-09-12,852.2999877929688,1004.7999877929688,77.26000213623047,78.14453887939453,122.49138641357422,394.28759765625,192.27395629882812,47.58821105957031,219.8320770263672,203.1255340576172,172.72911071777344,221.2647247314453,18.399999618530273,66.72049713134766,259.9590148925781,693.766845703125
2023-09-13,836.9000244140625,985.7999877929688,75.41999816894531,80.5552749633789,129.3712921142578,392.8976745605469,195.6420440673828,48.71456527709961,221.7489471435547,199.7508544921875,174.44468688964844,217.7455291748047,19.0,71.98416900634766,262.2350158691406,699.1616821289062
2023-09-14,851.75,983.7999877929688,75.43000030517578,81.32853698730469,138.84922790527344,404.21551513671875,198.20474243164062,52.46906280517578,222.4969940185547,200.72019958496094,176.20538330078125,219.61651611328125,18.75,73.35934448242188,262.333984375,699.787841796875
2023-09-15,846.0999755859375,1006.4500122070312,75.87999725341797,81.96533203125,137.45401000976562,395.9753112792969,202.67112731933594,51.43657302856445,220.86062622070312,200.6124725341797,175.25730895996094,218.1909942626953,19.149999618530273,71.46253204345703,261.1960144042969,697.6203002929688
2023-09-18,855.0999755859375,1004.9500122070312,75.0,82.46568298339844,136.8285369873047,391.11065673828125,202.01214599609375,50.87339782714844,225.53591918945312,206.35658264160156,180.67483520507812,223.13571166992188,19.100000381469727,72.6954574584961,262.7792663574219,696.3679809570312
2023-09-20,855.2000122070312,1008.9500122070312,73.68000030517578,82.19276428222656,136.0587615966797,404.56298828125,201.4019775390625,52.09360885620117,226.05023193359375,205.99757385253906,184.7831268310547,226.56582641601562,19.049999237060547,77.53234100341797,259.2663269042969,693.333251953125
2023-09-21,847.3499755859375,1023.4500122070312,76.48999786376953,82.10179138183594,131.19952392578125,390.96173095703125,219.65798950195312,49.136940002441406,223.43203735351562,206.15911865234375,182.02923583984375,230.8423614501953,19.0,67.89933013916016,253.97213745117188,691.695556640625
2023-09-22,839.0999755859375,1018.7999877929688,76.77999877929688,82.60214233398438,133.70130920410156,419.0577697753906,216.55836486816406,48.85535430908203,222.4969940185547,213.96751403808594,179.8170623779297,241.35545349121094,18.899999618530273,69.0461196899414,254.41746520996094,685.000244140625
2023-09-25,830.4000244140625,1013.7999877929688,76.2300033569336,82.7840805053711,131.92120361328125,418.1145935058594,215.72857666015625,49.04308319091797,224.0865936279297,213.78797912597656,179.59133911132812,240.9545135498047,18.950000762939453,66.70475769042969,254.2195281982422,691.7437133789062
2023-09-26,817.8499755859375,1012.2999877929688,75.5,83.10247039794922,133.17208862304688,436.7294616699219,214.33738708496094,48.43297576904297,224.60086059570312,210.37742614746094,179.0947265625,238.14804077148438,19.0,65.51020050048828,257.1387634277344,695.8380126953125
2023-09-27,816.2000122070312,1018.75,75.06999969482422,81.82887268066406,134.32676696777344,429.7799377441406,218.75494384765625,48.80842590332031,223.7593231201172,224.0645294189453,179.9976806640625,253.3385772705078,19.200000762939453,66.80033111572266,257.039794921875,708.0728149414062
2023-09-28,830.5,1012.4500122070312,75.08000183105469,81.8743667602539,131.5363006591797,413.49810791015625,215.48451232910156,48.71456527709961,221.6554412841797,219.8013458251953,181.26174926757812,250.62120056152344,19.149999618530273,69.18946075439453,255.35752868652344,707.880126953125
2023-09-29,810.25,987.1500244140625,75.48999786376953,81.82887268066406,133.8937530517578,434.2474670410156,220.7074737548828,49.55931854248047,229.6034393310547,226.08392333984375,180.35882568359375,256.055908203125,19.25,69.90621185302734,259.56317138671875,711.4445190429688
2023-10-03,807.75,973.9500122070312,73.33999633789062,82.7840805053711,134.03810119628906,439.4100036621094,214.5814666748047,49.887847900390625,225.53591918945312,225.23130798339844,180.17823791503906,259.9760437011719,19.25,69.09391021728516,261.1960144042969,720.500244140625
2023-10-04,808.0999755859375,971.9000244140625,74.41000366210938,80.41881561279297,133.268310546875,415.88079833984375,212.3604736328125,49.98170471191406,219.87879943847656,218.90382385253906,179.68162536621094,252.26939392089844,18.799999237060547,66.99146270751953,253.97213745117188,706.0015869140625
2023-10-05,807.7000122070312,959.6500244140625,73.16999816894531,80.5552749633789,140.052001953125,410.5197448730469,208.30899047851562,49.79397964477539,218.6632537841797,215.8971710205078,177.5146484375,248.83937072753906,18.899999618530273,69.47615814208984,255.11013793945312,705.8088989257812
2023-10-06,806.0,961.25,72.86000061035156,79.91847229003906,147.7017059326172,416.62542724609375,211.5794677734375,49.887847900390625,220.2528533935547,221.05787658691406,177.9209442138672,254.3631591796875,18.850000381469727,69.42837524414062,256.05023193359375,703.3040771484375
2023-10-09,778.9000244140625,938.9500122070312,68.4000015258789,78.32647705078125,140.38877868652344,409.42767333984375,205.72193908691406,48.80842590332031,219.4580535888672,215.62791442871094,177.19857788085938,249.81932067871094,17.850000381469727,66.60918426513672,247.39154052734375,697.0903930664062
2023-10-10,786.0,939.75,69.93000030517578,80.14590454101562,152.41661071777344,405.60540771484375,207.5036163330078,49.09001541137695,220.58013916015625,224.3337860107422,178.7335662841797,259.1741638183594,17.799999237060547,67.89933013916016,251.25082397460938,698.5836791992188
2023-10-11,798.2000122070312,962.4500122070312,69.95999908447266,80.5097885131836,164.44442749023438,394.48614501953125,210.38356018066406,49.32466506958008,223.1982879638672,224.37867736816406,179.23016357421875,259.7978515625,18.200000762939453,66.84810638427734,251.30030822753906,720.7891845703125
2023-10-12,793.7000122070312,948.6500244140625,69.44999694824219,80.37332916259766,164.20388793945312,389.1747131347656,215.04518127441406,49.465457916259766,225.9099578857422,222.98753356933594,181.26174926757812,258.1941833496094,18.0,67.6604232788086,252.48779296875,713.8529052734375
2023-10-13,785.2000122070312,948.9000244140625,68.37999725341797,79.96395874023438,162.5199737548828,389.22430419921875,210.84727478027344,49.23080825805664,226.33071899414062,224.51327514648438,182.20982360839844,261.2679138183594,17.75,69.8106460571289,251.44876098632812,703.2078247070312
2023-10-16,774.75,938.7999877929688,65.93000030517578,80.82819366455078,166.60943603515625,398.3083801269531,222.04981994628906,48.949214935302734,227.63978576660156,226.08392333984375,183.33848571777344,261.98065185546875,18.399999618530273,72.48648071289062,252.14146423339844,707.4948120117188
2023-10-17,774.9000244140625,948.6500244140625,67.0999984741211,84.19414520263672,168.10089111328125,400.74072265625,218.14480590820312,49.84090805053711,229.9774627685547,225.63516235351562,187.04046630859375,262.02520751953125,18.549999237060547,71.57860565185547,254.2195281982422,707.3502197265625
2023-10-18,764.9000244140625,939.0499877929688,66.79000091552734,82.32921600341797,164.3482208251953,392.5005798339844,217.31500244140625,48.85535430908203,226.28399658203125,220.6539764404297,186.45355224609375,257.4814453125,18.149999618530273,70.95742797851562,250.40969848632812,703.5449829101562
2023-10-19,759.4000244140625,933.0,68.88999938964844,82.01082611083984,166.56134033203125,398.9537048339844,218.58413696289062,48.85535430908203,223.9463348388672,223.52603149414062,185.82150268554688,262.8270568847656,18.649999618530273,71.57860565185547,249.3706512451172,699.5951538085938
2023-10-20,764.3499755859375,920.1500244140625,67.66000366210938,80.96465301513672,160.9804229736328,385.0049743652344,220.63426208496094,48.339115142822266,225.3489227294922,222.13487243652344,183.15789794921875,256.4568176269531,18.5,72.00865173339844,244.8186492919922,708.4581298828125
2023-10-23,735.7999877929688,880.7999877929688,63.290000915527344,77.46224975585938,146.4508056640625,373.6374816894531,207.77206420898438,47.400489807128906,221.18792724609375,219.12820434570312,180.35882568359375,247.9484100341797,16.700000762939453,63.407745361328125,235.76412963867188,696.4161376953125
2023-10-25,718.9000244140625,876.1500244140625,62.540000915527344,77.68968200683594,143.27545166015625,363.5606689453125,200.0596160888672,46.931182861328125,216.98016357421875,212.8904571533203,180.13307189941406,243.49368286132812,16.299999237060547,63.74222183227539,234.2303009033203,680.7614135742188
2023-10-26,739.0999755859375,848.1500244140625,65.47000122070312,75.96121978759766,146.2102508544922,388.0826416015625,199.3030242919922,46.6026611328125,216.60614013671875,206.7425079345703,179.636474609375,236.76705932617188,16.5,64.6023178100586,231.9542999267578,698.150146484375
2023-10-27,764.5,870.9000244140625,70.83000183105469,77.23481750488281,147.7017059326172,390.9120788574219,202.10977172851562,47.541290283203125,221.23468017578125,213.20462036132812,181.4423370361328,243.27093505859375,16.799999237060547,66.32250213623047,235.66517639160156,693.57421875
2023-10-30,759.25,915.25,71.58999633789062,77.00739288330078,146.9800262451172,393.0466003417969,199.93760681152344,47.86980056762695,219.36456298828125,214.46112060546875,181.35205078125,248.03746032714844,16.950000762939453,66.56140899658203,236.6052703857422,696.3197021484375
2023-10-31,769.7999877929688,911.6500244140625,72.61000061035156,77.09835815429688,149.14505004882812,383.0193786621094,201.5484161376953,47.118900299072266,220.48663330078125,221.32713317871094,182.5258331298828,256.234130859375,17.100000381469727,67.89933013916016,236.8526611328125,700.26953125
2023-11-01,749.9500122070312,880.25,73.04000091552734,76.50704193115234,147.02813720703125,374.2331848144531,199.03456115722656,46.46186447143555,217.49444580078125,217.37803649902344,181.4423370361328,252.00210571289062,17.399999618530273,67.89933013916016,234.42820739746094,692.514404296875
2023-11-02,752.25,892.0999755859375,74.58999633789062,78.87230682373047,147.22059631347656,391.25958251953125,197.32611083984375,47.400489807128906,219.97235107421875,231.24464416503906,183.3836212158203,269.4200134277344,18.25,71.57860565185547,242.24578857421875,702.677978515625
2023-11-03,765.5,902.7000122070312,76.93000030517578,78.73585510253906,146.16213989257812,390.96173095703125,201.08470153808594,47.07197189331055,221.24685668945312,234.87957763671875,184.55743408203125,270.71185302734375,18.25,70.57515716552734,242.04788208007812,718.1881103515625
2023-11-06,771.8499755859375,926.5,78.80000305175781,78.91779327392578,146.2102508544922,383.2675476074219,200.03521728515625,47.3066291809082,222.66299438476562,234.02691650390625,187.988525390625,271.02374267578125,19.299999237060547,70.19290161132812,246.94622802734375,721.2227172851562
2023-11-07,762.0499877929688,932.1500244140625,76.76000213623047,79.0997314453125,136.73233032226562,383.41650390625,201.1334991455078,47.212764739990234,225.7784881591797,236.0912322998047,187.8079376220703,274.8102111816406,20.700000762939453,73.10765075683594,247.19361877441406,726.0396118164062
2023-11-08,757.9500122070312,946.6500244140625,78.68000030517578,82.32921600341797,139.95578002929688,381.92730712890625,202.8663787841797,48.151390075683594,223.46546936035156,236.53997802734375,186.90499877929688,276.369384765625,20.450000762939453,73.48991394042969,252.2898712158203,725.076171875
2023-11-09,750.2000122070312,938.0999755859375,80.22000122070312,81.32853698730469,140.1963348388672,381.92730712890625,195.56883239746094,48.10445785522461,224.64556884765625,248.8807830810547,189.43319702148438,283.3186340332031,21.200000762939453,71.19634246826172,245.4123992919922,732.253173828125
2023-11-10,760.4500122070312,938.7000122070312,79.87999725341797,81.0101318359375,139.1378936767578,379.9417419433594,195.73968505859375,48.43297576904297,229.1772003173828,258.21502685546875,190.65213012695312,290.1788635253906,20.5,72.4386978149414,248.77691650390625,749.1602783203125
2023-11-13,759.0,940.1500244140625,78.12000274658203,82.01082611083984,144.7187957763672,389.5718078613281,192.59124755859375,48.949214935302734,231.9622344970703,275.9857177734375,191.6905059814453,300.3558349609375,22.5,73.05986785888672,254.3679656982422,790.3441162109375
2023-11-15,754.3499755859375,950.1500244140625,78.19999694824219,83.05699157714844,145.00747680664062,397.01776123046875,193.93359375,48.52684020996094,233.47279357910156,278.5885009765625,189.74920654296875,300.6710510253906,22.299999237060547,72.24756622314453,256.49554443359375,796.0760498046875
2023-11-16,747.2000122070312,941.3499755859375,77.91000366210938,87.37814331054688,145.34425354003906,394.0890197753906,189.14993286132812,48.620697021484375,238.24041748046875,278.49884033203125,190.71566772460938,297.5188903808594,22.649999618530273,71.86529541015625,259.7116394042969,797.6174926757812
2023-11-17,741.2000122070312,936.0999755859375,77.45999908447266,88.42430877685547,142.60189819335938,396.86883544921875,188.80825805664062,49.465457916259766,237.53237915039062,283.8390197753906,192.8327178955078,306.0296936035156,22.850000381469727,72.82096099853516,259.9095458984375,803.4459228515625
2023-11-20,727.5,926.2000122070312,77.98999786376953,88.69723510742188,142.79434204101562,398.6558532714844,184.14663696289062,49.55931854248047,237.0131072998047,291.0191650390625,192.6486358642578,312.2890319824219,22.100000381469727,72.58203887939453,258.1283264160156,795.449951171875
2023-11-21,731.7999877929688,926.5999755859375,78.5,90.19825744628906,144.1414794921875,397.5141296386719,187.24624633789062,51.061119079589844,236.0218048095703,286.8008117675781,192.32643127441406,305.3992919921875,21.350000381469727,77.88593292236328,259.9095458984375,790.9702758789062
2023-11-22,726.9500122070312,914.4500122070312,77.44000244140625,90.8350601196289,153.52316284179688,415.13623046875,185.26931762695312,51.10805130004883,239.4677276611328,287.1598205566406,194.76564025878906,303.7781677246094,20.899999618530273,77.45588684082031,259.36529541015625,767.5604858398438
2023-11-23,723.0499877929688,930.7000122070312,76.33999633789062,90.10729217529297,155.2070770263672,410.4700927734375,187.46591186523438,51.76509094238281,238.61807250976562,287.8778381347656,194.121337890625,307.3356018066406,21.350000381469727,77.64701843261719,258.02935791015625,758.312255859375
2023-11-24,729.0999755859375,937.9000244140625,79.44000244140625,89.15208435058594,151.02137756347656,417.9160461425781,185.5133819580078,51.342708587646484,239.70375061035156,286.6944580078125,193.70712280273438,304.3636169433594,20.899999618530273,78.65045166015625,255.4564971923828,786.105224609375
2023-11-28,865.0999755859375,1052.800048828125,89.23999786376953,88.01493835449219,148.51959228515625,406.4989318847656,185.7818603515625,50.54487609863281,243.14967346191406,291.7920227050781,193.47703552246094,305.35430908203125,20.899999618530273,80.60955047607422,267.9744873046875,813.1275634765625
2023-11-29,875.7000122070312,1041.699951171875,86.62000274658203,90.06180572509766,152.6090545654297,411.8600158691406,184.9764404296875,51.48350143432617,243.9521484375,298.6646728515625,194.25938415527344,308.8216552734375,21.5,80.65734100341797,270.54736328125,906.9111938476562
2023-11-30,872.6500244140625,1028.800048828125,86.30000305175781,88.42430877685547,152.6571502685547,405.4068603515625,186.61166381835938,51.061119079589844,246.69000244140625,304.85467529296875,192.32643127441406,314.0452575683594,21.149999618530273,81.18293762207031,265.1047668457031,928.6832275390625
2023-12-01,854.7000122070312,1026.5,88.08000183105469,91.42637634277344,158.81541442871094,421.53973388671875,187.56353759765625,52.93836975097656,253.91229248046875,332.39080810546875,193.47703552246094,336.83087158203125,20.850000381469727,81.13516235351562,273.1202392578125,917.556396484375
2023-12-04,903.7000122070312,1123.75,92.94000244140625,99.06798553466797,163.43409729003906,421.4404602050781,193.12820434570312,53.923927307128906,259.4351806640625,338.35321044921875,195.96221923828125,351.06060791015625,20.899999618530273,82.8553466796875,278.6123352050781,931.8623046875
2023-12-05,1084.4000244140625,1348.5,107.62999725341797,106.70958709716797,162.08697509765625,412.2074890136719,193.71395874023438,55.28493118286133,269.4897155761719,343.4052429199219,204.6143798828125,353.132080078125,22.299999237060547,81.8519058227539,278.5628662109375,930.8025512695312
2023-12-06,1164.300048828125,1563.449951171875,112.08999633789062,108.256103515625,170.60269165039062,435.8359680175781,198.30235290527344,56.50514221191406,265.3829650878906,344.6341552734375,206.5472869873047,360.7873229980469,23.200000762939453,80.70511627197266,291.08087158203125,907.8262939453125
2023-12-07,1198.699951171875,1624.1500244140625,112.4800033569336,111.07622528076172,174.8845977783203,454.996826171875,199.498291015625,60.30656433105469,267.9319763183594,343.2686767578125,211.7017822265625,355.383544921875,23.25,86.86910247802734,322.400634765625,967.0732421875
2023-12-08,1131.5,1550.300048828125,106.76000213623047,109.16581726074219,170.45834350585938,448.543701171875,202.01214599609375,59.32101058959961,269.112060546875,350.0958557128906,210.41314697265625,365.1552429199219,23.950000762939453,84.7188720703125,320.1741027832031,931.2361450195312
2023-12-11,1129.949951171875,1530.0,105.2300033569336,107.34638977050781,170.60269165039062,452.4652099609375,212.40928649902344,59.274078369140625,271.23626708984375,354.601806640625,212.57620239257812,367.76708984375,24.5,85.67453002929688,330.1687316894531,911.0054321289062
2023-12-12,1089.1500244140625,1463.9000244140625,103.38999938964844,108.02867126464844,167.23489379882812,441.7430725097656,212.9950408935547,58.194664001464844,267.55438232421875,354.7383117675781,212.94436645507812,367.6319580078125,23.200000762939453,87.06022644042969,327.34844970703125,892.316162109375
2023-12-13,1030.9000244140625,1427.699951171875,101.13999938964844,113.80536651611328,176.76092529296875,452.217041015625,221.2200164794922,60.30656433105469,277.60888671875,383.9584655761719,218.09886169433594,400.5945739746094,23.799999237060547,88.4459228515625,334.62176513671875,878.6363525390625
2023-12-14,1074.75,1508.300048828125,105.79000091552734,110.53038787841797,174.4997100830078,447.74945068359375,217.7054901123047,60.916664123535156,278.8833923339844,385.141845703125,213.63470458984375,398.1628723144531,23.850000381469727,93.12863159179688,331.9004821777344,879.2625732421875
2023-12-15,1047.25,1526.6500244140625,107.7699966430664,111.57656860351562,169.73667907714844,431.6165771484375,215.6065216064453,61.05746841430664,288.0410461425781,375.3108215332031,218.46705627441406,388.93157958984375,23.600000381469727,92.02963256835938,329.72344970703125,864.6194458007812
2023-12-18,1043.050048828125,1524.6500244140625,107.87000274658203,113.25953674316406,168.43768310546875,432.8079528808594,220.75628662109375,61.667564392089844,286.2472839355469,374.8556213378906,213.40460205078125,391.8585510253906,23.799999237060547,89.06710815429688,333.5332336425781,896.7476196289062
2023-12-19,1076.199951171875,1531.800048828125,107.08999633789062,110.53038787841797,168.10089111328125,428.2410888671875,226.41859436035156,60.86973571777344,292.3365783691406,372.0792541503906,214.96934509277344,391.9035949707031,23.75,87.2513656616211,332.395263671875,889.6669311523438
2023-12-20,998.9000244140625,1452.1500244140625,101.76000213623047,105.026611328125,154.00428771972656,402.1306457519531,215.5089111328125,56.64593505859375,281.0075988769531,347.5925598144531,209.0784912109375,364.2546691894531,21.399999618530273,80.22727966308594,316.8095703125,853.2517700195312
2023-12-21,1026.550048828125,1519.550048828125,102.33000183105469,107.71028137207031,160.1625213623047,414.34197998046875,221.80577087402344,59.5556640625,285.0671691894531,353.9645690917969,213.86480712890625,371.23443603515625,22.700000762939453,85.96122741699219,325.1219177246094,875.0238037109375
2023-12-22,1027.9000244140625,1533.0999755859375,102.51000213623047,108.39256286621094,161.17286682128906,406.3499755859375,222.63558959960938,60.728939056396484,285.86962890625,352.1895446777344,213.3125762939453,366.1909484863281,22.399999618530273,85.72230529785156,323.24176025390625,880.0333862304688
2023-12-26,1041.5999755859375,1600.199951171875,102.33999633789062,112.25885772705078,168.8706817626953,412.1578369140625,220.60986328125,60.63507843017578,292.2894592285156,357.0595703125,214.78526306152344,377.3586120605469,22.600000381469727,87.49028015136719,322.0047912597656,879.1181030273438
2023-12-27,1058.699951171875,1601.0999755859375,104.48999786376953,114.66959381103516,168.43768310546875,407.88885498046875,217.87632751464844,60.25962829589844,288.9378967285156,350.27789306640625,215.4295654296875,369.703369140625,22.600000381469727,88.78041076660156,321.4605407714844,865.7755126953125
2023-12-28,1022.5499877929688,1561.0,104.68000030517578,117.89909362792969,170.31402587890625,405.1090087890625,212.87301635742188,60.96359634399414,296.3490295410156,350.36895751953125,220.0778045654297,369.47821044921875,22.350000381469727,87.2513656616211,326.3589172363281,885.5244750976562
2023-12-29,1045.75,1597.0,105.02999877929688,120.5372543334961,167.61978149414062,406.101806640625,213.92250061035156,60.63507843017578,293.75274658203125,348.27532958984375,218.32896423339844,371.8198547363281,23.299999237060547,86.9168701171875,328.68438720703125,899.6376953125
